mtllib falcon9.mtl
o octaweb
usemtl trim_black
v 0 2.200000023841858 1.850000023841858
v 0.24147345125675201 2.200000023841858 1.8341729640960693
v 0.4788152277469635 2.200000023841858 1.7869627475738525
v 0.7079643607139587 2.200000023841858 1.7091771364212036
v 0.925000011920929 2.200000023841858 1.6021469831466675
v 1.1262086629867554 2.200000023841858 1.4677037000656128
v 1.3081475496292114 2.200000023841858 1.3081475496292114
v 1.4677037000656128 2.200000023841858 1.1262086629867554
v 1.6021469831466675 2.200000023841858 0.925000011920929
v 1.7091771364212036 2.200000023841858 0.7079643607139587
v 1.7869627475738525 2.200000023841858 0.4788152277469635
v 1.8341729640960693 2.200000023841858 0.24147345125675201
v 1.850000023841858 2.200000023841858 1.1327983055540558e-16
v 1.8341729640960693 2.200000023841858 -0.24147345125675201
v 1.7869627475738525 2.200000023841858 -0.4788152277469635
v 1.7091771364212036 2.200000023841858 -0.7079643607139587
v 1.6021469831466675 2.200000023841858 -0.925000011920929
v 1.4677037000656128 2.200000023841858 -1.1262086629867554
v 1.3081475496292114 2.200000023841858 -1.3081475496292114
v 1.1262086629867554 2.200000023841858 -1.4677037000656128
v 0.925000011920929 2.200000023841858 -1.6021469831466675
v 0.7079643607139587 2.200000023841858 -1.7091771364212036
v 0.4788152277469635 2.200000023841858 -1.7869627475738525
v 0.24147345125675201 2.200000023841858 -1.8341729640960693
v 2.2655966111081115e-16 2.200000023841858 -1.850000023841858
v -0.24147345125675201 2.200000023841858 -1.8341729640960693
v -0.4788152277469635 2.200000023841858 -1.7869627475738525
v -0.7079643607139587 2.200000023841858 -1.7091771364212036
v -0.925000011920929 2.200000023841858 -1.6021469831466675
v -1.1262086629867554 2.200000023841858 -1.4677037000656128
v -1.3081475496292114 2.200000023841858 -1.3081475496292114
v -1.4677037000656128 2.200000023841858 -1.1262086629867554
v -1.6021469831466675 2.200000023841858 -0.925000011920929
v -1.7091771364212036 2.200000023841858 -0.7079643607139587
v -1.7869627475738525 2.200000023841858 -0.4788152277469635
v -1.8341729640960693 2.200000023841858 -0.24147345125675201
v -1.850000023841858 2.200000023841858 -3.3983949166621673e-16
v -1.8341729640960693 2.200000023841858 0.24147345125675201
v -1.7869627475738525 2.200000023841858 0.4788152277469635
v -1.7091771364212036 2.200000023841858 0.7079643607139587
v -1.6021469831466675 2.200000023841858 0.925000011920929
v -1.4677037000656128 2.200000023841858 1.1262086629867554
v -1.3081475496292114 2.200000023841858 1.3081475496292114
v -1.1262086629867554 2.200000023841858 1.4677037000656128
v -0.925000011920929 2.200000023841858 1.6021469831466675
v -0.7079643607139587 2.200000023841858 1.7091771364212036
v -0.4788152277469635 2.200000023841858 1.7869627475738525
v -0.24147345125675201 2.200000023841858 1.8341729640960693
v -4.531193222216223e-16 2.200000023841858 1.850000023841858
v 0 -2.3841857821338408e-8 1.7760000228881836
v 0.23181451857089996 -2.3841857821338408e-8 1.7608060836791992
v 0.45966261625289917 -2.3841857821338408e-8 1.7154842615127563
v 0.6796457767486572 -2.3841857821338408e-8 1.6408100128173828
v 0.8880000114440918 -2.3841857821338408e-8 1.5380611419677734
v 1.081160306930542 -2.3841857821338408e-8 1.408995509147644
v 1.2558215856552124 -2.3841857821338408e-8 1.2558215856552124
v 1.408995509147644 -2.3841857821338408e-8 1.081160306930542
v 1.5380611419677734 -2.3841857821338408e-8 0.8880000114440918
v 1.6408100128173828 -2.3841857821338408e-8 0.6796457767486572
v 1.7154842615127563 -2.3841857821338408e-8 0.45966261625289917
v 1.7608060836791992 -2.3841857821338408e-8 0.23181451857089996
v 1.7760000228881836 -2.3841857821338408e-8 1.087486344215136e-16
v 1.7608060836791992 -2.3841857821338408e-8 -0.23181451857089996
v 1.7154842615127563 -2.3841857821338408e-8 -0.45966261625289917
v 1.6408100128173828 -2.3841857821338408e-8 -0.6796457767486572
v 1.5380611419677734 -2.3841857821338408e-8 -0.8880000114440918
v 1.408995509147644 -2.3841857821338408e-8 -1.081160306930542
v 1.2558215856552124 -2.3841857821338408e-8 -1.2558215856552124
v 1.081160306930542 -2.3841857821338408e-8 -1.408995509147644
v 0.8880000114440918 -2.3841857821338408e-8 -1.5380611419677734
v 0.6796457767486572 -2.3841857821338408e-8 -1.6408100128173828
v 0.45966261625289917 -2.3841857821338408e-8 -1.7154842615127563
v 0.23181451857089996 -2.3841857821338408e-8 -1.7608060836791992
v 2.174972688430272e-16 -2.3841857821338408e-8 -1.7760000228881836
v -0.23181451857089996 -2.3841857821338408e-8 -1.7608060836791992
v -0.45966261625289917 -2.3841857821338408e-8 -1.7154842615127563
v -0.6796457767486572 -2.3841857821338408e-8 -1.6408100128173828
v -0.8880000114440918 -2.3841857821338408e-8 -1.5380611419677734
v -1.081160306930542 -2.3841857821338408e-8 -1.408995509147644
v -1.2558215856552124 -2.3841857821338408e-8 -1.2558215856552124
v -1.408995509147644 -2.3841857821338408e-8 -1.081160306930542
v -1.5380611419677734 -2.3841857821338408e-8 -0.8880000114440918
v -1.6408100128173828 -2.3841857821338408e-8 -0.6796457767486572
v -1.7154842615127563 -2.3841857821338408e-8 -0.45966261625289917
v -1.7608060836791992 -2.3841857821338408e-8 -0.23181451857089996
v -1.7760000228881836 -2.3841857821338408e-8 -3.262459098819857e-16
v -1.7608060836791992 -2.3841857821338408e-8 0.23181451857089996
v -1.7154842615127563 -2.3841857821338408e-8 0.45966261625289917
v -1.6408100128173828 -2.3841857821338408e-8 0.6796457767486572
v -1.5380611419677734 -2.3841857821338408e-8 0.8880000114440918
v -1.408995509147644 -2.3841857821338408e-8 1.081160306930542
v -1.2558215856552124 -2.3841857821338408e-8 1.2558215856552124
v -1.081160306930542 -2.3841857821338408e-8 1.408995509147644
v -0.8880000114440918 -2.3841857821338408e-8 1.5380611419677734
v -0.6796457767486572 -2.3841857821338408e-8 1.6408100128173828
v -0.45966261625289917 -2.3841857821338408e-8 1.7154842615127563
v -0.23181451857089996 -2.3841857821338408e-8 1.7608060836791992
v -4.349945376860544e-16 -2.3841857821338408e-8 1.7760000228881836
v 0 2.200000023841858 0
v 0 2.200000023841858 0
v 0 2.200000023841858 0
v 0 2.200000023841858 0
v 0 2.200000023841858 0
v 0 2.200000023841858 0
v 0 2.200000023841858 0
v 0 2.200000023841858 0
v 0 2.200000023841858 0
v 0 2.200000023841858 0
v 0 2.200000023841858 0
v 0 2.200000023841858 0
v 0 2.200000023841858 0
v 0 2.200000023841858 0
v 0 2.200000023841858 0
v 0 2.200000023841858 0
v 0 2.200000023841858 0
v 0 2.200000023841858 0
v 0 2.200000023841858 0
v 0 2.200000023841858 0
v 0 2.200000023841858 0
v 0 2.200000023841858 0
v 0 2.200000023841858 0
v 0 2.200000023841858 0
v 0 2.200000023841858 0
v 0 2.200000023841858 0
v 0 2.200000023841858 0
v 0 2.200000023841858 0
v 0 2.200000023841858 0
v 0 2.200000023841858 0
v 0 2.200000023841858 0
v 0 2.200000023841858 0
v 0 2.200000023841858 0
v 0 2.200000023841858 0
v 0 2.200000023841858 0
v 0 2.200000023841858 0
v 0 2.200000023841858 0
v 0 2.200000023841858 0
v 0 2.200000023841858 0
v 0 2.200000023841858 0
v 0 2.200000023841858 0
v 0 2.200000023841858 0
v 0 2.200000023841858 0
v 0 2.200000023841858 0
v 0 2.200000023841858 0
v 0 2.200000023841858 0
v 0 2.200000023841858 0
v 0 2.200000023841858 0
v 0 2.200000023841858 1.850000023841858
v 0.24147345125675201 2.200000023841858 1.8341729640960693
v 0.4788152277469635 2.200000023841858 1.7869627475738525
v 0.7079643607139587 2.200000023841858 1.7091771364212036
v 0.925000011920929 2.200000023841858 1.6021469831466675
v 1.1262086629867554 2.200000023841858 1.4677037000656128
v 1.3081475496292114 2.200000023841858 1.3081475496292114
v 1.4677037000656128 2.200000023841858 1.1262086629867554
v 1.6021469831466675 2.200000023841858 0.925000011920929
v 1.7091771364212036 2.200000023841858 0.7079643607139587
v 1.7869627475738525 2.200000023841858 0.4788152277469635
v 1.8341729640960693 2.200000023841858 0.24147345125675201
v 1.850000023841858 2.200000023841858 1.1327983055540558e-16
v 1.8341729640960693 2.200000023841858 -0.24147345125675201
v 1.7869627475738525 2.200000023841858 -0.4788152277469635
v 1.7091771364212036 2.200000023841858 -0.7079643607139587
v 1.6021469831466675 2.200000023841858 -0.925000011920929
v 1.4677037000656128 2.200000023841858 -1.1262086629867554
v 1.3081475496292114 2.200000023841858 -1.3081475496292114
v 1.1262086629867554 2.200000023841858 -1.4677037000656128
v 0.925000011920929 2.200000023841858 -1.6021469831466675
v 0.7079643607139587 2.200000023841858 -1.7091771364212036
v 0.4788152277469635 2.200000023841858 -1.7869627475738525
v 0.24147345125675201 2.200000023841858 -1.8341729640960693
v 2.2655966111081115e-16 2.200000023841858 -1.850000023841858
v -0.24147345125675201 2.200000023841858 -1.8341729640960693
v -0.4788152277469635 2.200000023841858 -1.7869627475738525
v -0.7079643607139587 2.200000023841858 -1.7091771364212036
v -0.925000011920929 2.200000023841858 -1.6021469831466675
v -1.1262086629867554 2.200000023841858 -1.4677037000656128
v -1.3081475496292114 2.200000023841858 -1.3081475496292114
v -1.4677037000656128 2.200000023841858 -1.1262086629867554
v -1.6021469831466675 2.200000023841858 -0.925000011920929
v -1.7091771364212036 2.200000023841858 -0.7079643607139587
v -1.7869627475738525 2.200000023841858 -0.4788152277469635
v -1.8341729640960693 2.200000023841858 -0.24147345125675201
v -1.850000023841858 2.200000023841858 -3.3983949166621673e-16
v -1.8341729640960693 2.200000023841858 0.24147345125675201
v -1.7869627475738525 2.200000023841858 0.4788152277469635
v -1.7091771364212036 2.200000023841858 0.7079643607139587
v -1.6021469831466675 2.200000023841858 0.925000011920929
v -1.4677037000656128 2.200000023841858 1.1262086629867554
v -1.3081475496292114 2.200000023841858 1.3081475496292114
v -1.1262086629867554 2.200000023841858 1.4677037000656128
v -0.925000011920929 2.200000023841858 1.6021469831466675
v -0.7079643607139587 2.200000023841858 1.7091771364212036
v -0.4788152277469635 2.200000023841858 1.7869627475738525
v -0.24147345125675201 2.200000023841858 1.8341729640960693
v -4.531193222216223e-16 2.200000023841858 1.850000023841858
v 0 -2.3841857821338408e-8 0
v 0 -2.3841857821338408e-8 0
v 0 -2.3841857821338408e-8 0
v 0 -2.3841857821338408e-8 0
v 0 -2.3841857821338408e-8 0
v 0 -2.3841857821338408e-8 0
v 0 -2.3841857821338408e-8 0
v 0 -2.3841857821338408e-8 0
v 0 -2.3841857821338408e-8 0
v 0 -2.3841857821338408e-8 0
v 0 -2.3841857821338408e-8 0
v 0 -2.3841857821338408e-8 0
v 0 -2.3841857821338408e-8 0
v 0 -2.3841857821338408e-8 0
v 0 -2.3841857821338408e-8 0
v 0 -2.3841857821338408e-8 0
v 0 -2.3841857821338408e-8 0
v 0 -2.3841857821338408e-8 0
v 0 -2.3841857821338408e-8 0
v 0 -2.3841857821338408e-8 0
v 0 -2.3841857821338408e-8 0
v 0 -2.3841857821338408e-8 0
v 0 -2.3841857821338408e-8 0
v 0 -2.3841857821338408e-8 0
v 0 -2.3841857821338408e-8 0
v 0 -2.3841857821338408e-8 0
v 0 -2.3841857821338408e-8 0
v 0 -2.3841857821338408e-8 0
v 0 -2.3841857821338408e-8 0
v 0 -2.3841857821338408e-8 0
v 0 -2.3841857821338408e-8 0
v 0 -2.3841857821338408e-8 0
v 0 -2.3841857821338408e-8 0
v 0 -2.3841857821338408e-8 0
v 0 -2.3841857821338408e-8 0
v 0 -2.3841857821338408e-8 0
v 0 -2.3841857821338408e-8 0
v 0 -2.3841857821338408e-8 0
v 0 -2.3841857821338408e-8 0
v 0 -2.3841857821338408e-8 0
v 0 -2.3841857821338408e-8 0
v 0 -2.3841857821338408e-8 0
v 0 -2.3841857821338408e-8 0
v 0 -2.3841857821338408e-8 0
v 0 -2.3841857821338408e-8 0
v 0 -2.3841857821338408e-8 0
v 0 -2.3841857821338408e-8 0
v 0 -2.3841857821338408e-8 0
v 0 -2.3841857821338408e-8 1.7760000228881836
v 0.23181451857089996 -2.3841857821338408e-8 1.7608060836791992
v 0.45966261625289917 -2.3841857821338408e-8 1.7154842615127563
v 0.6796457767486572 -2.3841857821338408e-8 1.6408100128173828
v 0.8880000114440918 -2.3841857821338408e-8 1.5380611419677734
v 1.081160306930542 -2.3841857821338408e-8 1.408995509147644
v 1.2558215856552124 -2.3841857821338408e-8 1.2558215856552124
v 1.408995509147644 -2.3841857821338408e-8 1.081160306930542
v 1.5380611419677734 -2.3841857821338408e-8 0.8880000114440918
v 1.6408100128173828 -2.3841857821338408e-8 0.6796457767486572
v 1.7154842615127563 -2.3841857821338408e-8 0.45966261625289917
v 1.7608060836791992 -2.3841857821338408e-8 0.23181451857089996
v 1.7760000228881836 -2.3841857821338408e-8 1.087486344215136e-16
v 1.7608060836791992 -2.3841857821338408e-8 -0.23181451857089996
v 1.7154842615127563 -2.3841857821338408e-8 -0.45966261625289917
v 1.6408100128173828 -2.3841857821338408e-8 -0.6796457767486572
v 1.5380611419677734 -2.3841857821338408e-8 -0.8880000114440918
v 1.408995509147644 -2.3841857821338408e-8 -1.081160306930542
v 1.2558215856552124 -2.3841857821338408e-8 -1.2558215856552124
v 1.081160306930542 -2.3841857821338408e-8 -1.408995509147644
v 0.8880000114440918 -2.3841857821338408e-8 -1.5380611419677734
v 0.6796457767486572 -2.3841857821338408e-8 -1.6408100128173828
v 0.45966261625289917 -2.3841857821338408e-8 -1.7154842615127563
v 0.23181451857089996 -2.3841857821338408e-8 -1.7608060836791992
v 2.174972688430272e-16 -2.3841857821338408e-8 -1.7760000228881836
v -0.23181451857089996 -2.3841857821338408e-8 -1.7608060836791992
v -0.45966261625289917 -2.3841857821338408e-8 -1.7154842615127563
v -0.6796457767486572 -2.3841857821338408e-8 -1.6408100128173828
v -0.8880000114440918 -2.3841857821338408e-8 -1.5380611419677734
v -1.081160306930542 -2.3841857821338408e-8 -1.408995509147644
v -1.2558215856552124 -2.3841857821338408e-8 -1.2558215856552124
v -1.408995509147644 -2.3841857821338408e-8 -1.081160306930542
v -1.5380611419677734 -2.3841857821338408e-8 -0.8880000114440918
v -1.6408100128173828 -2.3841857821338408e-8 -0.6796457767486572
v -1.7154842615127563 -2.3841857821338408e-8 -0.45966261625289917
v -1.7608060836791992 -2.3841857821338408e-8 -0.23181451857089996
v -1.7760000228881836 -2.3841857821338408e-8 -3.262459098819857e-16
v -1.7608060836791992 -2.3841857821338408e-8 0.23181451857089996
v -1.7154842615127563 -2.3841857821338408e-8 0.45966261625289917
v -1.6408100128173828 -2.3841857821338408e-8 0.6796457767486572
v -1.5380611419677734 -2.3841857821338408e-8 0.8880000114440918
v -1.408995509147644 -2.3841857821338408e-8 1.081160306930542
v -1.2558215856552124 -2.3841857821338408e-8 1.2558215856552124
v -1.081160306930542 -2.3841857821338408e-8 1.408995509147644
v -0.8880000114440918 -2.3841857821338408e-8 1.5380611419677734
v -0.6796457767486572 -2.3841857821338408e-8 1.6408100128173828
v -0.45966261625289917 -2.3841857821338408e-8 1.7154842615127563
v -0.23181451857089996 -2.3841857821338408e-8 1.7608060836791992
v -4.349945376860544e-16 -2.3841857821338408e-8 1.7760000228881836
vt 0 1
vt 0.02083333395421505 1
vt 0.0416666679084301 1
vt 0.0625 1
vt 0.0833333358168602 1
vt 0.1041666641831398 1
vt 0.125 1
vt 0.1458333283662796 1
vt 0.1666666716337204 1
vt 0.1875 1
vt 0.2083333283662796 1
vt 0.2291666716337204 1
vt 0.25 1
vt 0.2708333432674408 1
vt 0.2916666567325592 1
vt 0.3125 1
vt 0.3333333432674408 1
vt 0.3541666567325592 1
vt 0.375 1
vt 0.3958333432674408 1
vt 0.4166666567325592 1
vt 0.4375 1
vt 0.4583333432674408 1
vt 0.4791666567325592 1
vt 0.5 1
vt 0.5208333134651184 1
vt 0.5416666865348816 1
vt 0.5625 1
vt 0.5833333134651184 1
vt 0.6041666865348816 1
vt 0.625 1
vt 0.6458333134651184 1
vt 0.6666666865348816 1
vt 0.6875 1
vt 0.7083333134651184 1
vt 0.7291666865348816 1
vt 0.75 1
vt 0.7708333134651184 1
vt 0.7916666865348816 1
vt 0.8125 1
vt 0.8333333134651184 1
vt 0.8541666865348816 1
vt 0.875 1
vt 0.8958333134651184 1
vt 0.9166666865348816 1
vt 0.9375 1
vt 0.9583333134651184 1
vt 0.9791666865348816 1
vt 1 1
vt 0 0
vt 0.02083333395421505 0
vt 0.0416666679084301 0
vt 0.0625 0
vt 0.0833333358168602 0
vt 0.1041666641831398 0
vt 0.125 0
vt 0.1458333283662796 0
vt 0.1666666716337204 0
vt 0.1875 0
vt 0.2083333283662796 0
vt 0.2291666716337204 0
vt 0.25 0
vt 0.2708333432674408 0
vt 0.2916666567325592 0
vt 0.3125 0
vt 0.3333333432674408 0
vt 0.3541666567325592 0
vt 0.375 0
vt 0.3958333432674408 0
vt 0.4166666567325592 0
vt 0.4375 0
vt 0.4583333432674408 0
vt 0.4791666567325592 0
vt 0.5 0
vt 0.5208333134651184 0
vt 0.5416666865348816 0
vt 0.5625 0
vt 0.5833333134651184 0
vt 0.6041666865348816 0
vt 0.625 0
vt 0.6458333134651184 0
vt 0.6666666865348816 0
vt 0.6875 0
vt 0.7083333134651184 0
vt 0.7291666865348816 0
vt 0.75 0
vt 0.7708333134651184 0
vt 0.7916666865348816 0
vt 0.8125 0
vt 0.8333333134651184 0
vt 0.8541666865348816 0
vt 0.875 0
vt 0.8958333134651184 0
vt 0.9166666865348816 0
vt 0.9375 0
vt 0.9583333134651184 0
vt 0.9791666865348816 0
vt 1 0
vt 0.5 0.5
vt 0.5 0.5
vt 0.5 0.5
vt 0.5 0.5
vt 0.5 0.5
vt 0.5 0.5
vt 0.5 0.5
vt 0.5 0.5
vt 0.5 0.5
vt 0.5 0.5
vt 0.5 0.5
vt 0.5 0.5
vt 0.5 0.5
vt 0.5 0.5
vt 0.5 0.5
vt 0.5 0.5
vt 0.5 0.5
vt 0.5 0.5
vt 0.5 0.5
vt 0.5 0.5
vt 0.5 0.5
vt 0.5 0.5
vt 0.5 0.5
vt 0.5 0.5
vt 0.5 0.5
vt 0.5 0.5
vt 0.5 0.5
vt 0.5 0.5
vt 0.5 0.5
vt 0.5 0.5
vt 0.5 0.5
vt 0.5 0.5
vt 0.5 0.5
vt 0.5 0.5
vt 0.5 0.5
vt 0.5 0.5
vt 0.5 0.5
vt 0.5 0.5
vt 0.5 0.5
vt 0.5 0.5
vt 0.5 0.5
vt 0.5 0.5
vt 0.5 0.5
vt 0.5 0.5
vt 0.5 0.5
vt 0.5 0.5
vt 0.5 0.5
vt 0.5 0.5
vt 1 0.5
vt 0.9957224130630493 0.5652630925178528
vt 0.9829629063606262 0.6294095516204834
vt 0.9619397521018982 0.6913416981697083
vt 0.9330127239227295 0.75
vt 0.8966766595840454 0.8043807148933411
vt 0.8535534143447876 0.8535534143447876
vt 0.8043807148933411 0.8966766595840454
vt 0.75 0.9330127239227295
vt 0.6913416981697083 0.9619397521018982
vt 0.6294095516204834 0.9829629063606262
vt 0.5652630925178528 0.9957224130630493
vt 0.5 1
vt 0.4347369074821472 0.9957224130630493
vt 0.370590478181839 0.9829629063606262
vt 0.30865827202796936 0.9619397521018982
vt 0.25 0.9330127239227295
vt 0.19561928510665894 0.8966766595840454
vt 0.1464466154575348 0.8535534143447876
vt 0.10332333296537399 0.8043807148933411
vt 0.0669872984290123 0.75
vt 0.03806023299694061 0.6913416981697083
vt 0.017037086188793182 0.6294095516204834
vt 0.004277569241821766 0.5652630925178528
vt 0 0.5
vt 0.004277569241821766 0.4347369074821472
vt 0.017037086188793182 0.370590478181839
vt 0.03806023299694061 0.30865827202796936
vt 0.0669872984290123 0.25
vt 0.10332333296537399 0.19561928510665894
vt 0.1464466154575348 0.1464466154575348
vt 0.19561928510665894 0.10332333296537399
vt 0.25 0.0669872984290123
vt 0.30865827202796936 0.03806023299694061
vt 0.370590478181839 0.017037086188793182
vt 0.4347369074821472 0.004277569241821766
vt 0.5 0
vt 0.5652630925178528 0.004277569241821766
vt 0.6294095516204834 0.017037086188793182
vt 0.6913416981697083 0.03806023299694061
vt 0.75 0.0669872984290123
vt 0.8043807148933411 0.10332333296537399
vt 0.8535534143447876 0.1464466154575348
vt 0.8966766595840454 0.19561928510665894
vt 0.9330127239227295 0.25
vt 0.9619397521018982 0.30865827202796936
vt 0.9829629063606262 0.370590478181839
vt 0.9957224130630493 0.4347369074821472
vt 1 0.5
vt 0.5 0.5
vt 0.5 0.5
vt 0.5 0.5
vt 0.5 0.5
vt 0.5 0.5
vt 0.5 0.5
vt 0.5 0.5
vt 0.5 0.5
vt 0.5 0.5
vt 0.5 0.5
vt 0.5 0.5
vt 0.5 0.5
vt 0.5 0.5
vt 0.5 0.5
vt 0.5 0.5
vt 0.5 0.5
vt 0.5 0.5
vt 0.5 0.5
vt 0.5 0.5
vt 0.5 0.5
vt 0.5 0.5
vt 0.5 0.5
vt 0.5 0.5
vt 0.5 0.5
vt 0.5 0.5
vt 0.5 0.5
vt 0.5 0.5
vt 0.5 0.5
vt 0.5 0.5
vt 0.5 0.5
vt 0.5 0.5
vt 0.5 0.5
vt 0.5 0.5
vt 0.5 0.5
vt 0.5 0.5
vt 0.5 0.5
vt 0.5 0.5
vt 0.5 0.5
vt 0.5 0.5
vt 0.5 0.5
vt 0.5 0.5
vt 0.5 0.5
vt 0.5 0.5
vt 0.5 0.5
vt 0.5 0.5
vt 0.5 0.5
vt 0.5 0.5
vt 0.5 0.5
vt 1 0.5
vt 0.9957224130630493 0.4347369074821472
vt 0.9829629063606262 0.370590478181839
vt 0.9619397521018982 0.30865827202796936
vt 0.9330127239227295 0.25
vt 0.8966766595840454 0.19561928510665894
vt 0.8535534143447876 0.1464466154575348
vt 0.8043807148933411 0.10332333296537399
vt 0.75 0.0669872984290123
vt 0.6913416981697083 0.03806023299694061
vt 0.6294095516204834 0.017037086188793182
vt 0.5652630925178528 0.004277569241821766
vt 0.5 0
vt 0.4347369074821472 0.004277569241821766
vt 0.370590478181839 0.017037086188793182
vt 0.30865827202796936 0.03806023299694061
vt 0.25 0.0669872984290123
vt 0.19561928510665894 0.10332333296537399
vt 0.1464466154575348 0.1464466154575348
vt 0.10332333296537399 0.19561928510665894
vt 0.0669872984290123 0.25
vt 0.03806023299694061 0.30865827202796936
vt 0.017037086188793182 0.370590478181839
vt 0.004277569241821766 0.4347369074821472
vt 0 0.5
vt 0.004277569241821766 0.5652630925178528
vt 0.017037086188793182 0.6294095516204834
vt 0.03806023299694061 0.6913416981697083
vt 0.0669872984290123 0.75
vt 0.10332333296537399 0.8043807148933411
vt 0.1464466154575348 0.8535534143447876
vt 0.19561928510665894 0.8966766595840454
vt 0.25 0.9330127239227295
vt 0.30865827202796936 0.9619397521018982
vt 0.370590478181839 0.9829629063606262
vt 0.4347369074821472 0.9957224130630493
vt 0.5 1
vt 0.5652630925178528 0.9957224130630493
vt 0.6294095516204834 0.9829629063606262
vt 0.6913416981697083 0.9619397521018982
vt 0.75 0.9330127239227295
vt 0.8043807148933411 0.8966766595840454
vt 0.8535534143447876 0.8535534143447876
vt 0.8966766595840454 0.8043807148933411
vt 0.9330127239227295 0.75
vt 0.9619397521018982 0.6913416981697083
vt 0.9829629063606262 0.6294095516204834
vt 0.9957224130630493 0.5652630925178528
vt 1 0.5
vn 0 -0.03361735147149746 0.9994347771015585
vn 0.13045240835667318 -0.03361735093873761 0.9908844750372293
vn 0.258672751919948 -0.03361735222879839 0.9653798635994466
vn 0.38246713179893793 -0.033617352163374345 0.9233573342574464
vn 0.4997173818962046 -0.033617351023826084 0.8655359102549955
vn 0.6084173388272719 -0.03361735157186398 0.7929049220982517
vn 0.7067071082617509 -0.03361735064855283 0.7067071082617509
vn 0.7929049220982517 -0.03361735157186398 0.6084173388272719
vn 0.8655359102549955 -0.033617351023826084 0.4997173818962046
vn 0.9233573342574464 -0.033617352163374345 0.38246713179893793
vn 0.9653798635994466 -0.03361735222879839 0.258672751919948
vn 0.9908844750372293 -0.03361735093873761 0.13045240835667318
vn 0.9994347771015585 -0.03361735147149746 6.119772726165665e-17
vn 0.9908844750372293 -0.03361735093873761 -0.13045240835667318
vn 0.9653798635994466 -0.03361735222879839 -0.258672751919948
vn 0.9233573342574464 -0.033617352163374345 -0.38246713179893793
vn 0.8655359102549955 -0.033617351023826084 -0.4997173818962046
vn 0.7929049220982517 -0.03361735157186398 -0.6084173388272719
vn 0.7067071082617509 -0.03361735064855283 -0.7067071082617509
vn 0.6084173388272719 -0.03361735157186398 -0.7929049220982517
vn 0.4997173818962046 -0.033617351023826084 -0.8655359102549955
vn 0.38246713179893793 -0.033617352163374345 -0.9233573342574464
vn 0.258672751919948 -0.03361735222879839 -0.9653798635994466
vn 0.13045240835667318 -0.03361735093873761 -0.9908844750372293
vn 1.223954545233133e-16 -0.03361735147149746 -0.9994347771015585
vn -0.13045240835667318 -0.03361735093873761 -0.9908844750372293
vn -0.258672751919948 -0.03361735222879839 -0.9653798635994466
vn -0.38246713179893793 -0.033617352163374345 -0.9233573342574464
vn -0.4997173818962046 -0.033617351023826084 -0.8655359102549955
vn -0.6084173388272719 -0.03361735157186398 -0.7929049220982517
vn -0.7067071082617509 -0.03361735064855283 -0.7067071082617509
vn -0.7929049220982517 -0.03361735157186398 -0.6084173388272719
vn -0.8655359102549955 -0.033617351023826084 -0.4997173818962046
vn -0.9233573342574464 -0.033617352163374345 -0.38246713179893793
vn -0.9653798635994466 -0.03361735222879839 -0.258672751919948
vn -0.9908844750372293 -0.03361735093873761 -0.13045240835667318
vn -0.9994347771015585 -0.03361735147149746 -1.8359318840241493e-16
vn -0.9908844750372293 -0.03361735093873761 0.13045240835667318
vn -0.9653798635994466 -0.03361735222879839 0.258672751919948
vn -0.9233573342574464 -0.033617352163374345 0.38246713179893793
vn -0.8655359102549955 -0.033617351023826084 0.4997173818962046
vn -0.7929049220982517 -0.03361735157186398 0.6084173388272719
vn -0.7067071082617509 -0.03361735064855283 0.7067071082617509
vn -0.6084173388272719 -0.03361735157186398 0.7929049220982517
vn -0.4997173818962046 -0.033617351023826084 0.8655359102549955
vn -0.38246713179893793 -0.033617352163374345 0.9233573342574464
vn -0.258672751919948 -0.03361735222879839 0.9653798635994466
vn -0.13045240835667318 -0.03361735093873761 0.9908844750372293
vn -2.447909090466266e-16 -0.03361735147149746 0.9994347771015585
vn 0 -0.03361735147149746 0.9994347771015585
vn 0.13045240835667318 -0.03361735093873761 0.9908844750372293
vn 0.258672751919948 -0.03361735222879839 0.9653798635994466
vn 0.38246713179893793 -0.033617352163374345 0.9233573342574464
vn 0.4997173818962046 -0.033617351023826084 0.8655359102549955
vn 0.6084173388272719 -0.03361735157186398 0.7929049220982517
vn 0.7067071082617509 -0.03361735064855283 0.7067071082617509
vn 0.7929049220982517 -0.03361735157186398 0.6084173388272719
vn 0.8655359102549955 -0.033617351023826084 0.4997173818962046
vn 0.9233573342574464 -0.033617352163374345 0.38246713179893793
vn 0.9653798635994466 -0.03361735222879839 0.258672751919948
vn 0.9908844750372293 -0.03361735093873761 0.13045240835667318
vn 0.9994347771015585 -0.03361735147149746 6.119772726165665e-17
vn 0.9908844750372293 -0.03361735093873761 -0.13045240835667318
vn 0.9653798635994466 -0.03361735222879839 -0.258672751919948
vn 0.9233573342574464 -0.033617352163374345 -0.38246713179893793
vn 0.8655359102549955 -0.033617351023826084 -0.4997173818962046
vn 0.7929049220982517 -0.03361735157186398 -0.6084173388272719
vn 0.7067071082617509 -0.03361735064855283 -0.7067071082617509
vn 0.6084173388272719 -0.03361735157186398 -0.7929049220982517
vn 0.4997173818962046 -0.033617351023826084 -0.8655359102549955
vn 0.38246713179893793 -0.033617352163374345 -0.9233573342574464
vn 0.258672751919948 -0.03361735222879839 -0.9653798635994466
vn 0.13045240835667318 -0.03361735093873761 -0.9908844750372293
vn 1.223954545233133e-16 -0.03361735147149746 -0.9994347771015585
vn -0.13045240835667318 -0.03361735093873761 -0.9908844750372293
vn -0.258672751919948 -0.03361735222879839 -0.9653798635994466
vn -0.38246713179893793 -0.033617352163374345 -0.9233573342574464
vn -0.4997173818962046 -0.033617351023826084 -0.8655359102549955
vn -0.6084173388272719 -0.03361735157186398 -0.7929049220982517
vn -0.7067071082617509 -0.03361735064855283 -0.7067071082617509
vn -0.7929049220982517 -0.03361735157186398 -0.6084173388272719
vn -0.8655359102549955 -0.033617351023826084 -0.4997173818962046
vn -0.9233573342574464 -0.033617352163374345 -0.38246713179893793
vn -0.9653798635994466 -0.03361735222879839 -0.258672751919948
vn -0.9908844750372293 -0.03361735093873761 -0.13045240835667318
vn -0.9994347771015585 -0.03361735147149746 -1.8359318840241493e-16
vn -0.9908844750372293 -0.03361735093873761 0.13045240835667318
vn -0.9653798635994466 -0.03361735222879839 0.258672751919948
vn -0.9233573342574464 -0.033617352163374345 0.38246713179893793
vn -0.8655359102549955 -0.033617351023826084 0.4997173818962046
vn -0.7929049220982517 -0.03361735157186398 0.6084173388272719
vn -0.7067071082617509 -0.03361735064855283 0.7067071082617509
vn -0.6084173388272719 -0.03361735157186398 0.7929049220982517
vn -0.4997173818962046 -0.033617351023826084 0.8655359102549955
vn -0.38246713179893793 -0.033617352163374345 0.9233573342574464
vn -0.258672751919948 -0.03361735222879839 0.9653798635994466
vn -0.13045240835667318 -0.03361735093873761 0.9908844750372293
vn -2.447909090466266e-16 -0.03361735147149746 0.9994347771015585
vn 0 1 0
vn 0 1 0
vn 0 1 0
vn 0 1 0
vn 0 1 0
vn 0 1 0
vn 0 1 0
vn 0 1 0
vn 0 1 0
vn 0 1 0
vn 0 1 0
vn 0 1 0
vn 0 1 0
vn 0 1 0
vn 0 1 0
vn 0 1 0
vn 0 1 0
vn 0 1 0
vn 0 1 0
vn 0 1 0
vn 0 1 0
vn 0 1 0
vn 0 1 0
vn 0 1 0
vn 0 1 0
vn 0 1 0
vn 0 1 0
vn 0 1 0
vn 0 1 0
vn 0 1 0
vn 0 1 0
vn 0 1 0
vn 0 1 0
vn 0 1 0
vn 0 1 0
vn 0 1 0
vn 0 1 0
vn 0 1 0
vn 0 1 0
vn 0 1 0
vn 0 1 0
vn 0 1 0
vn 0 1 0
vn 0 1 0
vn 0 1 0
vn 0 1 0
vn 0 1 0
vn 0 1 0
vn 0 1 0
vn 0 1 0
vn 0 1 0
vn 0 1 0
vn 0 1 0
vn 0 1 0
vn 0 1 0
vn 0 1 0
vn 0 1 0
vn 0 1 0
vn 0 1 0
vn 0 1 0
vn 0 1 0
vn 0 1 0
vn 0 1 0
vn 0 1 0
vn 0 1 0
vn 0 1 0
vn 0 1 0
vn 0 1 0
vn 0 1 0
vn 0 1 0
vn 0 1 0
vn 0 1 0
vn 0 1 0
vn 0 1 0
vn 0 1 0
vn 0 1 0
vn 0 1 0
vn 0 1 0
vn 0 1 0
vn 0 1 0
vn 0 1 0
vn 0 1 0
vn 0 1 0
vn 0 1 0
vn 0 1 0
vn 0 1 0
vn 0 1 0
vn 0 1 0
vn 0 1 0
vn 0 1 0
vn 0 1 0
vn 0 1 0
vn 0 1 0
vn 0 1 0
vn 0 1 0
vn 0 1 0
vn 0 1 0
vn 0 -1 0
vn 0 -1 0
vn 0 -1 0
vn 0 -1 0
vn 0 -1 0
vn 0 -1 0
vn 0 -1 0
vn 0 -1 0
vn 0 -1 0
vn 0 -1 0
vn 0 -1 0
vn 0 -1 0
vn 0 -1 0
vn 0 -1 0
vn 0 -1 0
vn 0 -1 0
vn 0 -1 0
vn 0 -1 0
vn 0 -1 0
vn 0 -1 0
vn 0 -1 0
vn 0 -1 0
vn 0 -1 0
vn 0 -1 0
vn 0 -1 0
vn 0 -1 0
vn 0 -1 0
vn 0 -1 0
vn 0 -1 0
vn 0 -1 0
vn 0 -1 0
vn 0 -1 0
vn 0 -1 0
vn 0 -1 0
vn 0 -1 0
vn 0 -1 0
vn 0 -1 0
vn 0 -1 0
vn 0 -1 0
vn 0 -1 0
vn 0 -1 0
vn 0 -1 0
vn 0 -1 0
vn 0 -1 0
vn 0 -1 0
vn 0 -1 0
vn 0 -1 0
vn 0 -1 0
vn 0 -1 0
vn 0 -1 0
vn 0 -1 0
vn 0 -1 0
vn 0 -1 0
vn 0 -1 0
vn 0 -1 0
vn 0 -1 0
vn 0 -1 0
vn 0 -1 0
vn 0 -1 0
vn 0 -1 0
vn 0 -1 0
vn 0 -1 0
vn 0 -1 0
vn 0 -1 0
vn 0 -1 0
vn 0 -1 0
vn 0 -1 0
vn 0 -1 0
vn 0 -1 0
vn 0 -1 0
vn 0 -1 0
vn 0 -1 0
vn 0 -1 0
vn 0 -1 0
vn 0 -1 0
vn 0 -1 0
vn 0 -1 0
vn 0 -1 0
vn 0 -1 0
vn 0 -1 0
vn 0 -1 0
vn 0 -1 0
vn 0 -1 0
vn 0 -1 0
vn 0 -1 0
vn 0 -1 0
vn 0 -1 0
vn 0 -1 0
vn 0 -1 0
vn 0 -1 0
vn 0 -1 0
vn 0 -1 0
vn 0 -1 0
vn 0 -1 0
vn 0 -1 0
vn 0 -1 0
vn 0 -1 0
f 1/1/1 50/50/50 2/2/2
f 50/50/50 51/51/51 2/2/2
f 2/2/2 51/51/51 3/3/3
f 51/51/51 52/52/52 3/3/3
f 3/3/3 52/52/52 4/4/4
f 52/52/52 53/53/53 4/4/4
f 4/4/4 53/53/53 5/5/5
f 53/53/53 54/54/54 5/5/5
f 5/5/5 54/54/54 6/6/6
f 54/54/54 55/55/55 6/6/6
f 6/6/6 55/55/55 7/7/7
f 55/55/55 56/56/56 7/7/7
f 7/7/7 56/56/56 8/8/8
f 56/56/56 57/57/57 8/8/8
f 8/8/8 57/57/57 9/9/9
f 57/57/57 58/58/58 9/9/9
f 9/9/9 58/58/58 10/10/10
f 58/58/58 59/59/59 10/10/10
f 10/10/10 59/59/59 11/11/11
f 59/59/59 60/60/60 11/11/11
f 11/11/11 60/60/60 12/12/12
f 60/60/60 61/61/61 12/12/12
f 12/12/12 61/61/61 13/13/13
f 61/61/61 62/62/62 13/13/13
f 13/13/13 62/62/62 14/14/14
f 62/62/62 63/63/63 14/14/14
f 14/14/14 63/63/63 15/15/15
f 63/63/63 64/64/64 15/15/15
f 15/15/15 64/64/64 16/16/16
f 64/64/64 65/65/65 16/16/16
f 16/16/16 65/65/65 17/17/17
f 65/65/65 66/66/66 17/17/17
f 17/17/17 66/66/66 18/18/18
f 66/66/66 67/67/67 18/18/18
f 18/18/18 67/67/67 19/19/19
f 67/67/67 68/68/68 19/19/19
f 19/19/19 68/68/68 20/20/20
f 68/68/68 69/69/69 20/20/20
f 20/20/20 69/69/69 21/21/21
f 69/69/69 70/70/70 21/21/21
f 21/21/21 70/70/70 22/22/22
f 70/70/70 71/71/71 22/22/22
f 22/22/22 71/71/71 23/23/23
f 71/71/71 72/72/72 23/23/23
f 23/23/23 72/72/72 24/24/24
f 72/72/72 73/73/73 24/24/24
f 24/24/24 73/73/73 25/25/25
f 73/73/73 74/74/74 25/25/25
f 25/25/25 74/74/74 26/26/26
f 74/74/74 75/75/75 26/26/26
f 26/26/26 75/75/75 27/27/27
f 75/75/75 76/76/76 27/27/27
f 27/27/27 76/76/76 28/28/28
f 76/76/76 77/77/77 28/28/28
f 28/28/28 77/77/77 29/29/29
f 77/77/77 78/78/78 29/29/29
f 29/29/29 78/78/78 30/30/30
f 78/78/78 79/79/79 30/30/30
f 30/30/30 79/79/79 31/31/31
f 79/79/79 80/80/80 31/31/31
f 31/31/31 80/80/80 32/32/32
f 80/80/80 81/81/81 32/32/32
f 32/32/32 81/81/81 33/33/33
f 81/81/81 82/82/82 33/33/33
f 33/33/33 82/82/82 34/34/34
f 82/82/82 83/83/83 34/34/34
f 34/34/34 83/83/83 35/35/35
f 83/83/83 84/84/84 35/35/35
f 35/35/35 84/84/84 36/36/36
f 84/84/84 85/85/85 36/36/36
f 36/36/36 85/85/85 37/37/37
f 85/85/85 86/86/86 37/37/37
f 37/37/37 86/86/86 38/38/38
f 86/86/86 87/87/87 38/38/38
f 38/38/38 87/87/87 39/39/39
f 87/87/87 88/88/88 39/39/39
f 39/39/39 88/88/88 40/40/40
f 88/88/88 89/89/89 40/40/40
f 40/40/40 89/89/89 41/41/41
f 89/89/89 90/90/90 41/41/41
f 41/41/41 90/90/90 42/42/42
f 90/90/90 91/91/91 42/42/42
f 42/42/42 91/91/91 43/43/43
f 91/91/91 92/92/92 43/43/43
f 43/43/43 92/92/92 44/44/44
f 92/92/92 93/93/93 44/44/44
f 44/44/44 93/93/93 45/45/45
f 93/93/93 94/94/94 45/45/45
f 45/45/45 94/94/94 46/46/46
f 94/94/94 95/95/95 46/46/46
f 46/46/46 95/95/95 47/47/47
f 95/95/95 96/96/96 47/47/47
f 47/47/47 96/96/96 48/48/48
f 96/96/96 97/97/97 48/48/48
f 48/48/48 97/97/97 49/49/49
f 97/97/97 98/98/98 49/49/49
f 147/147/147 148/148/148 99/99/99
f 148/148/148 149/149/149 100/100/100
f 149/149/149 150/150/150 101/101/101
f 150/150/150 151/151/151 102/102/102
f 151/151/151 152/152/152 103/103/103
f 152/152/152 153/153/153 104/104/104
f 153/153/153 154/154/154 105/105/105
f 154/154/154 155/155/155 106/106/106
f 155/155/155 156/156/156 107/107/107
f 156/156/156 157/157/157 108/108/108
f 157/157/157 158/158/158 109/109/109
f 158/158/158 159/159/159 110/110/110
f 159/159/159 160/160/160 111/111/111
f 160/160/160 161/161/161 112/112/112
f 161/161/161 162/162/162 113/113/113
f 162/162/162 163/163/163 114/114/114
f 163/163/163 164/164/164 115/115/115
f 164/164/164 165/165/165 116/116/116
f 165/165/165 166/166/166 117/117/117
f 166/166/166 167/167/167 118/118/118
f 167/167/167 168/168/168 119/119/119
f 168/168/168 169/169/169 120/120/120
f 169/169/169 170/170/170 121/121/121
f 170/170/170 171/171/171 122/122/122
f 171/171/171 172/172/172 123/123/123
f 172/172/172 173/173/173 124/124/124
f 173/173/173 174/174/174 125/125/125
f 174/174/174 175/175/175 126/126/126
f 175/175/175 176/176/176 127/127/127
f 176/176/176 177/177/177 128/128/128
f 177/177/177 178/178/178 129/129/129
f 178/178/178 179/179/179 130/130/130
f 179/179/179 180/180/180 131/131/131
f 180/180/180 181/181/181 132/132/132
f 181/181/181 182/182/182 133/133/133
f 182/182/182 183/183/183 134/134/134
f 183/183/183 184/184/184 135/135/135
f 184/184/184 185/185/185 136/136/136
f 185/185/185 186/186/186 137/137/137
f 186/186/186 187/187/187 138/138/138
f 187/187/187 188/188/188 139/139/139
f 188/188/188 189/189/189 140/140/140
f 189/189/189 190/190/190 141/141/141
f 190/190/190 191/191/191 142/142/142
f 191/191/191 192/192/192 143/143/143
f 192/192/192 193/193/193 144/144/144
f 193/193/193 194/194/194 145/145/145
f 194/194/194 195/195/195 146/146/146
f 245/245/245 244/244/244 196/196/196
f 246/246/246 245/245/245 197/197/197
f 247/247/247 246/246/246 198/198/198
f 248/248/248 247/247/247 199/199/199
f 249/249/249 248/248/248 200/200/200
f 250/250/250 249/249/249 201/201/201
f 251/251/251 250/250/250 202/202/202
f 252/252/252 251/251/251 203/203/203
f 253/253/253 252/252/252 204/204/204
f 254/254/254 253/253/253 205/205/205
f 255/255/255 254/254/254 206/206/206
f 256/256/256 255/255/255 207/207/207
f 257/257/257 256/256/256 208/208/208
f 258/258/258 257/257/257 209/209/209
f 259/259/259 258/258/258 210/210/210
f 260/260/260 259/259/259 211/211/211
f 261/261/261 260/260/260 212/212/212
f 262/262/262 261/261/261 213/213/213
f 263/263/263 262/262/262 214/214/214
f 264/264/264 263/263/263 215/215/215
f 265/265/265 264/264/264 216/216/216
f 266/266/266 265/265/265 217/217/217
f 267/267/267 266/266/266 218/218/218
f 268/268/268 267/267/267 219/219/219
f 269/269/269 268/268/268 220/220/220
f 270/270/270 269/269/269 221/221/221
f 271/271/271 270/270/270 222/222/222
f 272/272/272 271/271/271 223/223/223
f 273/273/273 272/272/272 224/224/224
f 274/274/274 273/273/273 225/225/225
f 275/275/275 274/274/274 226/226/226
f 276/276/276 275/275/275 227/227/227
f 277/277/277 276/276/276 228/228/228
f 278/278/278 277/277/277 229/229/229
f 279/279/279 278/278/278 230/230/230
f 280/280/280 279/279/279 231/231/231
f 281/281/281 280/280/280 232/232/232
f 282/282/282 281/281/281 233/233/233
f 283/283/283 282/282/282 234/234/234
f 284/284/284 283/283/283 235/235/235
f 285/285/285 284/284/284 236/236/236
f 286/286/286 285/285/285 237/237/237
f 287/287/287 286/286/286 238/238/238
f 288/288/288 287/287/287 239/239/239
f 289/289/289 288/288/288 240/240/240
f 290/290/290 289/289/289 241/241/241
f 291/291/291 290/290/290 242/242/242
f 292/292/292 291/291/291 243/243/243
o stage1_tanks
usemtl hull_white
v 0 42.60000076293945 1.8315000534057617
v 0.239058718085289 42.60000076293945 1.8158313035964966
v 0.4740270674228668 42.60000076293945 1.7690931558609009
v 0.7008846998214722 42.60000076293945 1.6920853853225708
v 0.9157500267028809 42.60000076293945 1.5861254930496216
v 1.1149466037750244 42.60000076293945 1.4530266523361206
v 1.2950661182403564 42.60000076293945 1.2950661182403564
v 1.4530266523361206 42.60000076293945 1.1149466037750244
v 1.5861254930496216 42.60000076293945 0.9157500267028809
v 1.6920853853225708 42.60000076293945 0.7008846998214722
v 1.7690931558609009 42.60000076293945 0.4740270674228668
v 1.8158313035964966 42.60000076293945 0.239058718085289
v 1.8315000534057617 42.60000076293945 1.1214702986757136e-16
v 1.8158313035964966 42.60000076293945 -0.239058718085289
v 1.7690931558609009 42.60000076293945 -0.4740270674228668
v 1.6920853853225708 42.60000076293945 -0.7008846998214722
v 1.5861254930496216 42.60000076293945 -0.9157500267028809
v 1.4530266523361206 42.60000076293945 -1.1149466037750244
v 1.2950661182403564 42.60000076293945 -1.2950661182403564
v 1.1149466037750244 42.60000076293945 -1.4530266523361206
v 0.9157500267028809 42.60000076293945 -1.5861254930496216
v 0.7008846998214722 42.60000076293945 -1.6920853853225708
v 0.4740270674228668 42.60000076293945 -1.7690931558609009
v 0.239058718085289 42.60000076293945 -1.8158313035964966
v 2.242940597351427e-16 42.60000076293945 -1.8315000534057617
v -0.239058718085289 42.60000076293945 -1.8158313035964966
v -0.4740270674228668 42.60000076293945 -1.7690931558609009
v -0.7008846998214722 42.60000076293945 -1.6920853853225708
v -0.9157500267028809 42.60000076293945 -1.5861254930496216
v -1.1149466037750244 42.60000076293945 -1.4530266523361206
v -1.2950661182403564 42.60000076293945 -1.2950661182403564
v -1.4530266523361206 42.60000076293945 -1.1149466037750244
v -1.5861254930496216 42.60000076293945 -0.9157500267028809
v -1.6920853853225708 42.60000076293945 -0.7008846998214722
v -1.7690931558609009 42.60000076293945 -0.4740270674228668
v -1.8158313035964966 42.60000076293945 -0.239058718085289
v -1.8315000534057617 42.60000076293945 -3.3644108960271407e-16
v -1.8158313035964966 42.60000076293945 0.239058718085289
v -1.7690931558609009 42.60000076293945 0.4740270674228668
v -1.6920853853225708 42.60000076293945 0.7008846998214722
v -1.5861254930496216 42.60000076293945 0.9157500267028809
v -1.4530266523361206 42.60000076293945 1.1149466037750244
v -1.2950661182403564 42.60000076293945 1.2950661182403564
v -1.1149466037750244 42.60000076293945 1.4530266523361206
v -0.9157500267028809 42.60000076293945 1.5861254930496216
v -0.7008846998214722 42.60000076293945 1.6920853853225708
v -0.4740270674228668 42.60000076293945 1.7690931558609009
v -0.239058718085289 42.60000076293945 1.8158313035964966
v -4.485881194702854e-16 42.60000076293945 1.8315000534057617
v 0 2.1999992370605455 1.850000023841858
v 0.24147345125675201 2.1999992370605455 1.8341729640960693
v 0.4788152277469635 2.1999992370605455 1.7869627475738525
v 0.7079643607139587 2.1999992370605455 1.7091771364212036
v 0.925000011920929 2.1999992370605455 1.6021469831466675
v 1.1262086629867554 2.1999992370605455 1.4677037000656128
v 1.3081475496292114 2.1999992370605455 1.3081475496292114
v 1.4677037000656128 2.1999992370605455 1.1262086629867554
v 1.6021469831466675 2.1999992370605455 0.925000011920929
v 1.7091771364212036 2.1999992370605455 0.7079643607139587
v 1.7869627475738525 2.1999992370605455 0.4788152277469635
v 1.8341729640960693 2.1999992370605455 0.24147345125675201
v 1.850000023841858 2.1999992370605455 1.1327983055540558e-16
v 1.8341729640960693 2.1999992370605455 -0.24147345125675201
v 1.7869627475738525 2.1999992370605455 -0.4788152277469635
v 1.7091771364212036 2.1999992370605455 -0.7079643607139587
v 1.6021469831466675 2.1999992370605455 -0.925000011920929
v 1.4677037000656128 2.1999992370605455 -1.1262086629867554
v 1.3081475496292114 2.1999992370605455 -1.3081475496292114
v 1.1262086629867554 2.1999992370605455 -1.4677037000656128
v 0.925000011920929 2.1999992370605455 -1.6021469831466675
v 0.7079643607139587 2.1999992370605455 -1.7091771364212036
v 0.4788152277469635 2.1999992370605455 -1.7869627475738525
v 0.24147345125675201 2.1999992370605455 -1.8341729640960693
v 2.2655966111081115e-16 2.1999992370605455 -1.850000023841858
v -0.24147345125675201 2.1999992370605455 -1.8341729640960693
v -0.4788152277469635 2.1999992370605455 -1.7869627475738525
v -0.7079643607139587 2.1999992370605455 -1.7091771364212036
v -0.925000011920929 2.1999992370605455 -1.6021469831466675
v -1.1262086629867554 2.1999992370605455 -1.4677037000656128
v -1.3081475496292114 2.1999992370605455 -1.3081475496292114
v -1.4677037000656128 2.1999992370605455 -1.1262086629867554
v -1.6021469831466675 2.1999992370605455 -0.925000011920929
v -1.7091771364212036 2.1999992370605455 -0.7079643607139587
v -1.7869627475738525 2.1999992370605455 -0.4788152277469635
v -1.8341729640960693 2.1999992370605455 -0.24147345125675201
v -1.850000023841858 2.1999992370605455 -3.3983949166621673e-16
v -1.8341729640960693 2.1999992370605455 0.24147345125675201
v -1.7869627475738525 2.1999992370605455 0.4788152277469635
v -1.7091771364212036 2.1999992370605455 0.7079643607139587
v -1.6021469831466675 2.1999992370605455 0.925000011920929
v -1.4677037000656128 2.1999992370605455 1.1262086629867554
v -1.3081475496292114 2.1999992370605455 1.3081475496292114
v -1.1262086629867554 2.1999992370605455 1.4677037000656128
v -0.925000011920929 2.1999992370605455 1.6021469831466675
v -0.7079643607139587 2.1999992370605455 1.7091771364212036
v -0.4788152277469635 2.1999992370605455 1.7869627475738525
v -0.24147345125675201 2.1999992370605455 1.8341729640960693
v -4.531193222216223e-16 2.1999992370605455 1.850000023841858
v 0 42.60000076293945 0
v 0 42.60000076293945 0
v 0 42.60000076293945 0
v 0 42.60000076293945 0
v 0 42.60000076293945 0
v 0 42.60000076293945 0
v 0 42.60000076293945 0
v 0 42.60000076293945 0
v 0 42.60000076293945 0
v 0 42.60000076293945 0
v 0 42.60000076293945 0
v 0 42.60000076293945 0
v 0 42.60000076293945 0
v 0 42.60000076293945 0
v 0 42.60000076293945 0
v 0 42.60000076293945 0
v 0 42.60000076293945 0
v 0 42.60000076293945 0
v 0 42.60000076293945 0
v 0 42.60000076293945 0
v 0 42.60000076293945 0
v 0 42.60000076293945 0
v 0 42.60000076293945 0
v 0 42.60000076293945 0
v 0 42.60000076293945 0
v 0 42.60000076293945 0
v 0 42.60000076293945 0
v 0 42.60000076293945 0
v 0 42.60000076293945 0
v 0 42.60000076293945 0
v 0 42.60000076293945 0
v 0 42.60000076293945 0
v 0 42.60000076293945 0
v 0 42.60000076293945 0
v 0 42.60000076293945 0
v 0 42.60000076293945 0
v 0 42.60000076293945 0
v 0 42.60000076293945 0
v 0 42.60000076293945 0
v 0 42.60000076293945 0
v 0 42.60000076293945 0
v 0 42.60000076293945 0
v 0 42.60000076293945 0
v 0 42.60000076293945 0
v 0 42.60000076293945 0
v 0 42.60000076293945 0
v 0 42.60000076293945 0
v 0 42.60000076293945 0
v 0 42.60000076293945 1.8315000534057617
v 0.239058718085289 42.60000076293945 1.8158313035964966
v 0.4740270674228668 42.60000076293945 1.7690931558609009
v 0.7008846998214722 42.60000076293945 1.6920853853225708
v 0.9157500267028809 42.60000076293945 1.5861254930496216
v 1.1149466037750244 42.60000076293945 1.4530266523361206
v 1.2950661182403564 42.60000076293945 1.2950661182403564
v 1.4530266523361206 42.60000076293945 1.1149466037750244
v 1.5861254930496216 42.60000076293945 0.9157500267028809
v 1.6920853853225708 42.60000076293945 0.7008846998214722
v 1.7690931558609009 42.60000076293945 0.4740270674228668
v 1.8158313035964966 42.60000076293945 0.239058718085289
v 1.8315000534057617 42.60000076293945 1.1214702986757136e-16
v 1.8158313035964966 42.60000076293945 -0.239058718085289
v 1.7690931558609009 42.60000076293945 -0.4740270674228668
v 1.6920853853225708 42.60000076293945 -0.7008846998214722
v 1.5861254930496216 42.60000076293945 -0.9157500267028809
v 1.4530266523361206 42.60000076293945 -1.1149466037750244
v 1.2950661182403564 42.60000076293945 -1.2950661182403564
v 1.1149466037750244 42.60000076293945 -1.4530266523361206
v 0.9157500267028809 42.60000076293945 -1.5861254930496216
v 0.7008846998214722 42.60000076293945 -1.6920853853225708
v 0.4740270674228668 42.60000076293945 -1.7690931558609009
v 0.239058718085289 42.60000076293945 -1.8158313035964966
v 2.242940597351427e-16 42.60000076293945 -1.8315000534057617
v -0.239058718085289 42.60000076293945 -1.8158313035964966
v -0.4740270674228668 42.60000076293945 -1.7690931558609009
v -0.7008846998214722 42.60000076293945 -1.6920853853225708
v -0.9157500267028809 42.60000076293945 -1.5861254930496216
v -1.1149466037750244 42.60000076293945 -1.4530266523361206
v -1.2950661182403564 42.60000076293945 -1.2950661182403564
v -1.4530266523361206 42.60000076293945 -1.1149466037750244
v -1.5861254930496216 42.60000076293945 -0.9157500267028809
v -1.6920853853225708 42.60000076293945 -0.7008846998214722
v -1.7690931558609009 42.60000076293945 -0.4740270674228668
v -1.8158313035964966 42.60000076293945 -0.239058718085289
v -1.8315000534057617 42.60000076293945 -3.3644108960271407e-16
v -1.8158313035964966 42.60000076293945 0.239058718085289
v -1.7690931558609009 42.60000076293945 0.4740270674228668
v -1.6920853853225708 42.60000076293945 0.7008846998214722
v -1.5861254930496216 42.60000076293945 0.9157500267028809
v -1.4530266523361206 42.60000076293945 1.1149466037750244
v -1.2950661182403564 42.60000076293945 1.2950661182403564
v -1.1149466037750244 42.60000076293945 1.4530266523361206
v -0.9157500267028809 42.60000076293945 1.5861254930496216
v -0.7008846998214722 42.60000076293945 1.6920853853225708
v -0.4740270674228668 42.60000076293945 1.7690931558609009
v -0.239058718085289 42.60000076293945 1.8158313035964966
v -4.485881194702854e-16 42.60000076293945 1.8315000534057617
v 0 2.1999992370605455 0
v 0 2.1999992370605455 0
v 0 2.1999992370605455 0
v 0 2.1999992370605455 0
v 0 2.1999992370605455 0
v 0 2.1999992370605455 0
v 0 2.1999992370605455 0
v 0 2.1999992370605455 0
v 0 2.1999992370605455 0
v 0 2.1999992370605455 0
v 0 2.1999992370605455 0
v 0 2.1999992370605455 0
v 0 2.1999992370605455 0
v 0 2.1999992370605455 0
v 0 2.1999992370605455 0
v 0 2.1999992370605455 0
v 0 2.1999992370605455 0
v 0 2.1999992370605455 0
v 0 2.1999992370605455 0
v 0 2.1999992370605455 0
v 0 2.1999992370605455 0
v 0 2.1999992370605455 0
v 0 2.1999992370605455 0
v 0 2.1999992370605455 0
v 0 2.1999992370605455 0
v 0 2.1999992370605455 0
v 0 2.1999992370605455 0
v 0 2.1999992370605455 0
v 0 2.1999992370605455 0
v 0 2.1999992370605455 0
v 0 2.1999992370605455 0
v 0 2.1999992370605455 0
v 0 2.1999992370605455 0
v 0 2.1999992370605455 0
v 0 2.1999992370605455 0
v 0 2.1999992370605455 0
v 0 2.1999992370605455 0
v 0 2.1999992370605455 0
v 0 2.1999992370605455 0
v 0 2.1999992370605455 0
v 0 2.1999992370605455 0
v 0 2.1999992370605455 0
v 0 2.1999992370605455 0
v 0 2.1999992370605455 0
v 0 2.1999992370605455 0
v 0 2.1999992370605455 0
v 0 2.1999992370605455 0
v 0 2.1999992370605455 0
v 0 2.1999992370605455 1.850000023841858
v 0.24147345125675201 2.1999992370605455 1.8341729640960693
v 0.4788152277469635 2.1999992370605455 1.7869627475738525
v 0.7079643607139587 2.1999992370605455 1.7091771364212036
v 0.925000011920929 2.1999992370605455 1.6021469831466675
v 1.1262086629867554 2.1999992370605455 1.4677037000656128
v 1.3081475496292114 2.1999992370605455 1.3081475496292114
v 1.4677037000656128 2.1999992370605455 1.1262086629867554
v 1.6021469831466675 2.1999992370605455 0.925000011920929
v 1.7091771364212036 2.1999992370605455 0.7079643607139587
v 1.7869627475738525 2.1999992370605455 0.4788152277469635
v 1.8341729640960693 2.1999992370605455 0.24147345125675201
v 1.850000023841858 2.1999992370605455 1.1327983055540558e-16
v 1.8341729640960693 2.1999992370605455 -0.24147345125675201
v 1.7869627475738525 2.1999992370605455 -0.4788152277469635
v 1.7091771364212036 2.1999992370605455 -0.7079643607139587
v 1.6021469831466675 2.1999992370605455 -0.925000011920929
v 1.4677037000656128 2.1999992370605455 -1.1262086629867554
v 1.3081475496292114 2.1999992370605455 -1.3081475496292114
v 1.1262086629867554 2.1999992370605455 -1.4677037000656128
v 0.925000011920929 2.1999992370605455 -1.6021469831466675
v 0.7079643607139587 2.1999992370605455 -1.7091771364212036
v 0.4788152277469635 2.1999992370605455 -1.7869627475738525
v 0.24147345125675201 2.1999992370605455 -1.8341729640960693
v 2.2655966111081115e-16 2.1999992370605455 -1.850000023841858
v -0.24147345125675201 2.1999992370605455 -1.8341729640960693
v -0.4788152277469635 2.1999992370605455 -1.7869627475738525
v -0.7079643607139587 2.1999992370605455 -1.7091771364212036
v -0.925000011920929 2.1999992370605455 -1.6021469831466675
v -1.1262086629867554 2.1999992370605455 -1.4677037000656128
v -1.3081475496292114 2.1999992370605455 -1.3081475496292114
v -1.4677037000656128 2.1999992370605455 -1.1262086629867554
v -1.6021469831466675 2.1999992370605455 -0.925000011920929
v -1.7091771364212036 2.1999992370605455 -0.7079643607139587
v -1.7869627475738525 2.1999992370605455 -0.4788152277469635
v -1.8341729640960693 2.1999992370605455 -0.24147345125675201
v -1.850000023841858 2.1999992370605455 -3.3983949166621673e-16
v -1.8341729640960693 2.1999992370605455 0.24147345125675201
v -1.7869627475738525 2.1999992370605455 0.4788152277469635
v -1.7091771364212036 2.1999992370605455 0.7079643607139587
v -1.6021469831466675 2.1999992370605455 0.925000011920929
v -1.4677037000656128 2.1999992370605455 1.1262086629867554
v -1.3081475496292114 2.1999992370605455 1.3081475496292114
v -1.1262086629867554 2.1999992370605455 1.4677037000656128
v -0.925000011920929 2.1999992370605455 1.6021469831466675
v -0.7079643607139587 2.1999992370605455 1.7091771364212036
v -0.4788152277469635 2.1999992370605455 1.7869627475738525
v -0.24147345125675201 2.1999992370605455 1.8341729640960693
v -4.531193222216223e-16 2.1999992370605455 1.850000023841858
vt 0 1
vt 0.02083333395421505 1
vt 0.0416666679084301 1
vt 0.0625 1
vt 0.0833333358168602 1
vt 0.1041666641831398 1
vt 0.125 1
vt 0.1458333283662796 1
vt 0.1666666716337204 1
vt 0.1875 1
vt 0.2083333283662796 1
vt 0.2291666716337204 1
vt 0.25 1
vt 0.2708333432674408 1
vt 0.2916666567325592 1
vt 0.3125 1
vt 0.3333333432674408 1
vt 0.3541666567325592 1
vt 0.375 1
vt 0.3958333432674408 1
vt 0.4166666567325592 1
vt 0.4375 1
vt 0.4583333432674408 1
vt 0.4791666567325592 1
vt 0.5 1
vt 0.5208333134651184 1
vt 0.5416666865348816 1
vt 0.5625 1
vt 0.5833333134651184 1
vt 0.6041666865348816 1
vt 0.625 1
vt 0.6458333134651184 1
vt 0.6666666865348816 1
vt 0.6875 1
vt 0.7083333134651184 1
vt 0.7291666865348816 1
vt 0.75 1
vt 0.7708333134651184 1
vt 0.7916666865348816 1
vt 0.8125 1
vt 0.8333333134651184 1
vt 0.8541666865348816 1
vt 0.875 1
vt 0.8958333134651184 1
vt 0.9166666865348816 1
vt 0.9375 1
vt 0.9583333134651184 1
vt 0.9791666865348816 1
vt 1 1
vt 0 0
vt 0.02083333395421505 0
vt 0.0416666679084301 0
vt 0.0625 0
vt 0.0833333358168602 0
vt 0.1041666641831398 0
vt 0.125 0
vt 0.1458333283662796 0
vt 0.1666666716337204 0
vt 0.1875 0
vt 0.2083333283662796 0
vt 0.2291666716337204 0
vt 0.25 0
vt 0.2708333432674408 0
vt 0.2916666567325592 0
vt 0.3125 0
vt 0.3333333432674408 0
vt 0.3541666567325592 0
vt 0.375 0
vt 0.3958333432674408 0
vt 0.4166666567325592 0
vt 0.4375 0
vt 0.4583333432674408 0
vt 0.4791666567325592 0
vt 0.5 0
vt 0.5208333134651184 0
vt 0.5416666865348816 0
vt 0.5625 0
vt 0.5833333134651184 0
vt 0.6041666865348816 0
vt 0.625 0
vt 0.6458333134651184 0
vt 0.6666666865348816 0
vt 0.6875 0
vt 0.7083333134651184 0
vt 0.7291666865348816 0
vt 0.75 0
vt 0.7708333134651184 0
vt 0.7916666865348816 0
vt 0.8125 0
vt 0.8333333134651184 0
vt 0.8541666865348816 0
vt 0.875 0
vt 0.8958333134651184 0
vt 0.9166666865348816 0
vt 0.9375 0
vt 0.9583333134651184 0
vt 0.9791666865348816 0
vt 1 0
vt 0.5 0.5
vt 0.5 0.5
vt 0.5 0.5
vt 0.5 0.5
vt 0.5 0.5
vt 0.5 0.5
vt 0.5 0.5
vt 0.5 0.5
vt 0.5 0.5
vt 0.5 0.5
vt 0.5 0.5
vt 0.5 0.5
vt 0.5 0.5
vt 0.5 0.5
vt 0.5 0.5
vt 0.5 0.5
vt 0.5 0.5
vt 0.5 0.5
vt 0.5 0.5
vt 0.5 0.5
vt 0.5 0.5
vt 0.5 0.5
vt 0.5 0.5
vt 0.5 0.5
vt 0.5 0.5
vt 0.5 0.5
vt 0.5 0.5
vt 0.5 0.5
vt 0.5 0.5
vt 0.5 0.5
vt 0.5 0.5
vt 0.5 0.5
vt 0.5 0.5
vt 0.5 0.5
vt 0.5 0.5
vt 0.5 0.5
vt 0.5 0.5
vt 0.5 0.5
vt 0.5 0.5
vt 0.5 0.5
vt 0.5 0.5
vt 0.5 0.5
vt 0.5 0.5
vt 0.5 0.5
vt 0.5 0.5
vt 0.5 0.5
vt 0.5 0.5
vt 0.5 0.5
vt 1 0.5
vt 0.9957224130630493 0.5652630925178528
vt 0.9829629063606262 0.6294095516204834
vt 0.9619397521018982 0.6913416981697083
vt 0.9330127239227295 0.75
vt 0.8966766595840454 0.8043807148933411
vt 0.8535534143447876 0.8535534143447876
vt 0.8043807148933411 0.8966766595840454
vt 0.75 0.9330127239227295
vt 0.6913416981697083 0.9619397521018982
vt 0.6294095516204834 0.9829629063606262
vt 0.5652630925178528 0.9957224130630493
vt 0.5 1
vt 0.4347369074821472 0.9957224130630493
vt 0.370590478181839 0.9829629063606262
vt 0.30865827202796936 0.9619397521018982
vt 0.25 0.9330127239227295
vt 0.19561928510665894 0.8966766595840454
vt 0.1464466154575348 0.8535534143447876
vt 0.10332333296537399 0.8043807148933411
vt 0.0669872984290123 0.75
vt 0.03806023299694061 0.6913416981697083
vt 0.017037086188793182 0.6294095516204834
vt 0.004277569241821766 0.5652630925178528
vt 0 0.5
vt 0.004277569241821766 0.4347369074821472
vt 0.017037086188793182 0.370590478181839
vt 0.03806023299694061 0.30865827202796936
vt 0.0669872984290123 0.25
vt 0.10332333296537399 0.19561928510665894
vt 0.1464466154575348 0.1464466154575348
vt 0.19561928510665894 0.10332333296537399
vt 0.25 0.0669872984290123
vt 0.30865827202796936 0.03806023299694061
vt 0.370590478181839 0.017037086188793182
vt 0.4347369074821472 0.004277569241821766
vt 0.5 0
vt 0.5652630925178528 0.004277569241821766
vt 0.6294095516204834 0.017037086188793182
vt 0.6913416981697083 0.03806023299694061
vt 0.75 0.0669872984290123
vt 0.8043807148933411 0.10332333296537399
vt 0.8535534143447876 0.1464466154575348
vt 0.8966766595840454 0.19561928510665894
vt 0.9330127239227295 0.25
vt 0.9619397521018982 0.30865827202796936
vt 0.9829629063606262 0.370590478181839
vt 0.9957224130630493 0.4347369074821472
vt 1 0.5
vt 0.5 0.5
vt 0.5 0.5
vt 0.5 0.5
vt 0.5 0.5
vt 0.5 0.5
vt 0.5 0.5
vt 0.5 0.5
vt 0.5 0.5
vt 0.5 0.5
vt 0.5 0.5
vt 0.5 0.5
vt 0.5 0.5
vt 0.5 0.5
vt 0.5 0.5
vt 0.5 0.5
vt 0.5 0.5
vt 0.5 0.5
vt 0.5 0.5
vt 0.5 0.5
vt 0.5 0.5
vt 0.5 0.5
vt 0.5 0.5
vt 0.5 0.5
vt 0.5 0.5
vt 0.5 0.5
vt 0.5 0.5
vt 0.5 0.5
vt 0.5 0.5
vt 0.5 0.5
vt 0.5 0.5
vt 0.5 0.5
vt 0.5 0.5
vt 0.5 0.5
vt 0.5 0.5
vt 0.5 0.5
vt 0.5 0.5
vt 0.5 0.5
vt 0.5 0.5
vt 0.5 0.5
vt 0.5 0.5
vt 0.5 0.5
vt 0.5 0.5
vt 0.5 0.5
vt 0.5 0.5
vt 0.5 0.5
vt 0.5 0.5
vt 0.5 0.5
vt 0.5 0.5
vt 1 0.5
vt 0.9957224130630493 0.4347369074821472
vt 0.9829629063606262 0.370590478181839
vt 0.9619397521018982 0.30865827202796936
vt 0.9330127239227295 0.25
vt 0.8966766595840454 0.19561928510665894
vt 0.8535534143447876 0.1464466154575348
vt 0.8043807148933411 0.10332333296537399
vt 0.75 0.0669872984290123
vt 0.6913416981697083 0.03806023299694061
vt 0.6294095516204834 0.017037086188793182
vt 0.5652630925178528 0.004277569241821766
vt 0.5 0
vt 0.4347369074821472 0.004277569241821766
vt 0.370590478181839 0.017037086188793182
vt 0.30865827202796936 0.03806023299694061
vt 0.25 0.0669872984290123
vt 0.19561928510665894 0.10332333296537399
vt 0.1464466154575348 0.1464466154575348
vt 0.10332333296537399 0.19561928510665894
vt 0.0669872984290123 0.25
vt 0.03806023299694061 0.30865827202796936
vt 0.017037086188793182 0.370590478181839
vt 0.004277569241821766 0.4347369074821472
vt 0 0.5
vt 0.004277569241821766 0.5652630925178528
vt 0.017037086188793182 0.6294095516204834
vt 0.03806023299694061 0.6913416981697083
vt 0.0669872984290123 0.75
vt 0.10332333296537399 0.8043807148933411
vt 0.1464466154575348 0.8535534143447876
vt 0.19561928510665894 0.8966766595840454
vt 0.25 0.9330127239227295
vt 0.30865827202796936 0.9619397521018982
vt 0.370590478181839 0.9829629063606262
vt 0.4347369074821472 0.9957224130630493
vt 0.5 1
vt 0.5652630925178528 0.9957224130630493
vt 0.6294095516204834 0.9829629063606262
vt 0.6913416981697083 0.9619397521018982
vt 0.75 0.9330127239227295
vt 0.8043807148933411 0.8966766595840454
vt 0.8535534143447876 0.8535534143447876
vt 0.8966766595840454 0.8043807148933411
vt 0.9330127239227295 0.75
vt 0.9619397521018982 0.6913416981697083
vt 0.9829629063606262 0.6294095516204834
vt 0.9957224130630493 0.5652630925178528
vt 1 0.5
vn 0 0.0004579207518253555 0.9999998951542871
vn 0.130526183747793 0.0004579207407296335 0.9914447567387871
vn 0.2588190070856437 0.0004579207333083105 0.9659257279313992
vn 0.38268339257417233 0.0004579207407424662 0.923879435509048
vn 0.4999999354138177 0.00045792074068567567 0.866025320007893
vn 0.6087613671451506 0.00045792074296357674 0.7933532556056982
vn 0.7071067070494356 0.0004579207436737619 0.7071067070494356
vn 0.7933532556056982 0.00045792074296357674 0.6087613671451506
vn 0.866025320007893 0.00045792074068567567 0.4999999354138177
vn 0.923879435509048 0.0004579207407424662 0.38268339257417233
vn 0.9659257279313992 0.0004579207333083105 0.2588190070856437
vn 0.9914447567387871 0.0004579207407296335 0.130526183747793
vn 0.9999998951542871 0.0004579207518253555 6.123233689132895e-17
vn 0.9914447567387871 0.0004579207407296335 -0.130526183747793
vn 0.9659257279313992 0.0004579207333083105 -0.2588190070856437
vn 0.923879435509048 0.0004579207407424662 -0.38268339257417233
vn 0.866025320007893 0.00045792074068567567 -0.4999999354138177
vn 0.7933532556056982 0.00045792074296357674 -0.6087613671451506
vn 0.7071067070494356 0.0004579207436737619 -0.7071067070494356
vn 0.6087613671451506 0.00045792074296357674 -0.7933532556056982
vn 0.4999999354138177 0.00045792074068567567 -0.866025320007893
vn 0.38268339257417233 0.0004579207407424662 -0.923879435509048
vn 0.2588190070856437 0.0004579207333083105 -0.9659257279313992
vn 0.130526183747793 0.0004579207407296335 -0.9914447567387871
vn 1.224646737826579e-16 0.0004579207518253555 -0.9999998951542871
vn -0.130526183747793 0.0004579207407296335 -0.9914447567387871
vn -0.2588190070856437 0.0004579207333083105 -0.9659257279313992
vn -0.38268339257417233 0.0004579207407424662 -0.923879435509048
vn -0.4999999354138177 0.00045792074068567567 -0.866025320007893
vn -0.6087613671451506 0.00045792074296357674 -0.7933532556056982
vn -0.7071067070494356 0.0004579207436737619 -0.7071067070494356
vn -0.7933532556056982 0.00045792074296357674 -0.6087613671451506
vn -0.866025320007893 0.00045792074068567567 -0.4999999354138177
vn -0.923879435509048 0.0004579207407424662 -0.38268339257417233
vn -0.9659257279313992 0.0004579207333083105 -0.2588190070856437
vn -0.9914447567387871 0.0004579207407296335 -0.130526183747793
vn -0.9999998951542871 0.0004579207518253555 -1.8369700405654184e-16
vn -0.9914447567387871 0.0004579207407296335 0.130526183747793
vn -0.9659257279313992 0.0004579207333083105 0.2588190070856437
vn -0.923879435509048 0.0004579207407424662 0.38268339257417233
vn -0.866025320007893 0.00045792074068567567 0.4999999354138177
vn -0.7933532556056982 0.00045792074296357674 0.6087613671451506
vn -0.7071067070494356 0.0004579207436737619 0.7071067070494356
vn -0.6087613671451506 0.00045792074296357674 0.7933532556056982
vn -0.4999999354138177 0.00045792074068567567 0.866025320007893
vn -0.38268339257417233 0.0004579207407424662 0.923879435509048
vn -0.2588190070856437 0.0004579207333083105 0.9659257279313992
vn -0.130526183747793 0.0004579207407296335 0.9914447567387871
vn -2.449293475653158e-16 0.0004579207518253555 0.9999998951542871
vn 0 0.0004579207518253555 0.9999998951542871
vn 0.130526183747793 0.0004579207407296335 0.9914447567387871
vn 0.2588190070856437 0.0004579207333083105 0.9659257279313992
vn 0.38268339257417233 0.0004579207407424662 0.923879435509048
vn 0.4999999354138177 0.00045792074068567567 0.866025320007893
vn 0.6087613671451506 0.00045792074296357674 0.7933532556056982
vn 0.7071067070494356 0.0004579207436737619 0.7071067070494356
vn 0.7933532556056982 0.00045792074296357674 0.6087613671451506
vn 0.866025320007893 0.00045792074068567567 0.4999999354138177
vn 0.923879435509048 0.0004579207407424662 0.38268339257417233
vn 0.9659257279313992 0.0004579207333083105 0.2588190070856437
vn 0.9914447567387871 0.0004579207407296335 0.130526183747793
vn 0.9999998951542871 0.0004579207518253555 6.123233689132895e-17
vn 0.9914447567387871 0.0004579207407296335 -0.130526183747793
vn 0.9659257279313992 0.0004579207333083105 -0.2588190070856437
vn 0.923879435509048 0.0004579207407424662 -0.38268339257417233
vn 0.866025320007893 0.00045792074068567567 -0.4999999354138177
vn 0.7933532556056982 0.00045792074296357674 -0.6087613671451506
vn 0.7071067070494356 0.0004579207436737619 -0.7071067070494356
vn 0.6087613671451506 0.00045792074296357674 -0.7933532556056982
vn 0.4999999354138177 0.00045792074068567567 -0.866025320007893
vn 0.38268339257417233 0.0004579207407424662 -0.923879435509048
vn 0.2588190070856437 0.0004579207333083105 -0.9659257279313992
vn 0.130526183747793 0.0004579207407296335 -0.9914447567387871
vn 1.224646737826579e-16 0.0004579207518253555 -0.9999998951542871
vn -0.130526183747793 0.0004579207407296335 -0.9914447567387871
vn -0.2588190070856437 0.0004579207333083105 -0.9659257279313992
vn -0.38268339257417233 0.0004579207407424662 -0.923879435509048
vn -0.4999999354138177 0.00045792074068567567 -0.866025320007893
vn -0.6087613671451506 0.00045792074296357674 -0.7933532556056982
vn -0.7071067070494356 0.0004579207436737619 -0.7071067070494356
vn -0.7933532556056982 0.00045792074296357674 -0.6087613671451506
vn -0.866025320007893 0.00045792074068567567 -0.4999999354138177
vn -0.923879435509048 0.0004579207407424662 -0.38268339257417233
vn -0.9659257279313992 0.0004579207333083105 -0.2588190070856437
vn -0.9914447567387871 0.0004579207407296335 -0.130526183747793
vn -0.9999998951542871 0.0004579207518253555 -1.8369700405654184e-16
vn -0.9914447567387871 0.0004579207407296335 0.130526183747793
vn -0.9659257279313992 0.0004579207333083105 0.2588190070856437
vn -0.923879435509048 0.0004579207407424662 0.38268339257417233
vn -0.866025320007893 0.00045792074068567567 0.4999999354138177
vn -0.7933532556056982 0.00045792074296357674 0.6087613671451506
vn -0.7071067070494356 0.0004579207436737619 0.7071067070494356
vn -0.6087613671451506 0.00045792074296357674 0.7933532556056982
vn -0.4999999354138177 0.00045792074068567567 0.866025320007893
vn -0.38268339257417233 0.0004579207407424662 0.923879435509048
vn -0.2588190070856437 0.0004579207333083105 0.9659257279313992
vn -0.130526183747793 0.0004579207407296335 0.9914447567387871
vn -2.449293475653158e-16 0.0004579207518253555 0.9999998951542871
vn 0 1 0
vn 0 1 0
vn 0 1 0
vn 0 1 0
vn 0 1 0
vn 0 1 0
vn 0 1 0
vn 0 1 0
vn 0 1 0
vn 0 1 0
vn 0 1 0
vn 0 1 0
vn 0 1 0
vn 0 1 0
vn 0 1 0
vn 0 1 0
vn 0 1 0
vn 0 1 0
vn 0 1 0
vn 0 1 0
vn 0 1 0
vn 0 1 0
vn 0 1 0
vn 0 1 0
vn 0 1 0
vn 0 1 0
vn 0 1 0
vn 0 1 0
vn 0 1 0
vn 0 1 0
vn 0 1 0
vn 0 1 0
vn 0 1 0
vn 0 1 0
vn 0 1 0
vn 0 1 0
vn 0 1 0
vn 0 1 0
vn 0 1 0
vn 0 1 0
vn 0 1 0
vn 0 1 0
vn 0 1 0
vn 0 1 0
vn 0 1 0
vn 0 1 0
vn 0 1 0
vn 0 1 0
vn 0 1 0
vn 0 1 0
vn 0 1 0
vn 0 1 0
vn 0 1 0
vn 0 1 0
vn 0 1 0
vn 0 1 0
vn 0 1 0
vn 0 1 0
vn 0 1 0
vn 0 1 0
vn 0 1 0
vn 0 1 0
vn 0 1 0
vn 0 1 0
vn 0 1 0
vn 0 1 0
vn 0 1 0
vn 0 1 0
vn 0 1 0
vn 0 1 0
vn 0 1 0
vn 0 1 0
vn 0 1 0
vn 0 1 0
vn 0 1 0
vn 0 1 0
vn 0 1 0
vn 0 1 0
vn 0 1 0
vn 0 1 0
vn 0 1 0
vn 0 1 0
vn 0 1 0
vn 0 1 0
vn 0 1 0
vn 0 1 0
vn 0 1 0
vn 0 1 0
vn 0 1 0
vn 0 1 0
vn 0 1 0
vn 0 1 0
vn 0 1 0
vn 0 1 0
vn 0 1 0
vn 0 1 0
vn 0 1 0
vn 0 -1 0
vn 0 -1 0
vn 0 -1 0
vn 0 -1 0
vn 0 -1 0
vn 0 -1 0
vn 0 -1 0
vn 0 -1 0
vn 0 -1 0
vn 0 -1 0
vn 0 -1 0
vn 0 -1 0
vn 0 -1 0
vn 0 -1 0
vn 0 -1 0
vn 0 -1 0
vn 0 -1 0
vn 0 -1 0
vn 0 -1 0
vn 0 -1 0
vn 0 -1 0
vn 0 -1 0
vn 0 -1 0
vn 0 -1 0
vn 0 -1 0
vn 0 -1 0
vn 0 -1 0
vn 0 -1 0
vn 0 -1 0
vn 0 -1 0
vn 0 -1 0
vn 0 -1 0
vn 0 -1 0
vn 0 -1 0
vn 0 -1 0
vn 0 -1 0
vn 0 -1 0
vn 0 -1 0
vn 0 -1 0
vn 0 -1 0
vn 0 -1 0
vn 0 -1 0
vn 0 -1 0
vn 0 -1 0
vn 0 -1 0
vn 0 -1 0
vn 0 -1 0
vn 0 -1 0
vn 0 -1 0
vn 0 -1 0
vn 0 -1 0
vn 0 -1 0
vn 0 -1 0
vn 0 -1 0
vn 0 -1 0
vn 0 -1 0
vn 0 -1 0
vn 0 -1 0
vn 0 -1 0
vn 0 -1 0
vn 0 -1 0
vn 0 -1 0
vn 0 -1 0
vn 0 -1 0
vn 0 -1 0
vn 0 -1 0
vn 0 -1 0
vn 0 -1 0
vn 0 -1 0
vn 0 -1 0
vn 0 -1 0
vn 0 -1 0
vn 0 -1 0
vn 0 -1 0
vn 0 -1 0
vn 0 -1 0
vn 0 -1 0
vn 0 -1 0
vn 0 -1 0
vn 0 -1 0
vn 0 -1 0
vn 0 -1 0
vn 0 -1 0
vn 0 -1 0
vn 0 -1 0
vn 0 -1 0
vn 0 -1 0
vn 0 -1 0
vn 0 -1 0
vn 0 -1 0
vn 0 -1 0
vn 0 -1 0
vn 0 -1 0
vn 0 -1 0
vn 0 -1 0
vn 0 -1 0
vn 0 -1 0
f 293/293/293 342/342/342 294/294/294
f 342/342/342 343/343/343 294/294/294
f 294/294/294 343/343/343 295/295/295
f 343/343/343 344/344/344 295/295/295
f 295/295/295 344/344/344 296/296/296
f 344/344/344 345/345/345 296/296/296
f 296/296/296 345/345/345 297/297/297
f 345/345/345 346/346/346 297/297/297
f 297/297/297 346/346/346 298/298/298
f 346/346/346 347/347/347 298/298/298
f 298/298/298 347/347/347 299/299/299
f 347/347/347 348/348/348 299/299/299
f 299/299/299 348/348/348 300/300/300
f 348/348/348 349/349/349 300/300/300
f 300/300/300 349/349/349 301/301/301
f 349/349/349 350/350/350 301/301/301
f 301/301/301 350/350/350 302/302/302
f 350/350/350 351/351/351 302/302/302
f 302/302/302 351/351/351 303/303/303
f 351/351/351 352/352/352 303/303/303
f 303/303/303 352/352/352 304/304/304
f 352/352/352 353/353/353 304/304/304
f 304/304/304 353/353/353 305/305/305
f 353/353/353 354/354/354 305/305/305
f 305/305/305 354/354/354 306/306/306
f 354/354/354 355/355/355 306/306/306
f 306/306/306 355/355/355 307/307/307
f 355/355/355 356/356/356 307/307/307
f 307/307/307 356/356/356 308/308/308
f 356/356/356 357/357/357 308/308/308
f 308/308/308 357/357/357 309/309/309
f 357/357/357 358/358/358 309/309/309
f 309/309/309 358/358/358 310/310/310
f 358/358/358 359/359/359 310/310/310
f 310/310/310 359/359/359 311/311/311
f 359/359/359 360/360/360 311/311/311
f 311/311/311 360/360/360 312/312/312
f 360/360/360 361/361/361 312/312/312
f 312/312/312 361/361/361 313/313/313
f 361/361/361 362/362/362 313/313/313
f 313/313/313 362/362/362 314/314/314
f 362/362/362 363/363/363 314/314/314
f 314/314/314 363/363/363 315/315/315
f 363/363/363 364/364/364 315/315/315
f 315/315/315 364/364/364 316/316/316
f 364/364/364 365/365/365 316/316/316
f 316/316/316 365/365/365 317/317/317
f 365/365/365 366/366/366 317/317/317
f 317/317/317 366/366/366 318/318/318
f 366/366/366 367/367/367 318/318/318
f 318/318/318 367/367/367 319/319/319
f 367/367/367 368/368/368 319/319/319
f 319/319/319 368/368/368 320/320/320
f 368/368/368 369/369/369 320/320/320
f 320/320/320 369/369/369 321/321/321
f 369/369/369 370/370/370 321/321/321
f 321/321/321 370/370/370 322/322/322
f 370/370/370 371/371/371 322/322/322
f 322/322/322 371/371/371 323/323/323
f 371/371/371 372/372/372 323/323/323
f 323/323/323 372/372/372 324/324/324
f 372/372/372 373/373/373 324/324/324
f 324/324/324 373/373/373 325/325/325
f 373/373/373 374/374/374 325/325/325
f 325/325/325 374/374/374 326/326/326
f 374/374/374 375/375/375 326/326/326
f 326/326/326 375/375/375 327/327/327
f 375/375/375 376/376/376 327/327/327
f 327/327/327 376/376/376 328/328/328
f 376/376/376 377/377/377 328/328/328
f 328/328/328 377/377/377 329/329/329
f 377/377/377 378/378/378 329/329/329
f 329/329/329 378/378/378 330/330/330
f 378/378/378 379/379/379 330/330/330
f 330/330/330 379/379/379 331/331/331
f 379/379/379 380/380/380 331/331/331
f 331/331/331 380/380/380 332/332/332
f 380/380/380 381/381/381 332/332/332
f 332/332/332 381/381/381 333/333/333
f 381/381/381 382/382/382 333/333/333
f 333/333/333 382/382/382 334/334/334
f 382/382/382 383/383/383 334/334/334
f 334/334/334 383/383/383 335/335/335
f 383/383/383 384/384/384 335/335/335
f 335/335/335 384/384/384 336/336/336
f 384/384/384 385/385/385 336/336/336
f 336/336/336 385/385/385 337/337/337
f 385/385/385 386/386/386 337/337/337
f 337/337/337 386/386/386 338/338/338
f 386/386/386 387/387/387 338/338/338
f 338/338/338 387/387/387 339/339/339
f 387/387/387 388/388/388 339/339/339
f 339/339/339 388/388/388 340/340/340
f 388/388/388 389/389/389 340/340/340
f 340/340/340 389/389/389 341/341/341
f 389/389/389 390/390/390 341/341/341
f 439/439/439 440/440/440 391/391/391
f 440/440/440 441/441/441 392/392/392
f 441/441/441 442/442/442 393/393/393
f 442/442/442 443/443/443 394/394/394
f 443/443/443 444/444/444 395/395/395
f 444/444/444 445/445/445 396/396/396
f 445/445/445 446/446/446 397/397/397
f 446/446/446 447/447/447 398/398/398
f 447/447/447 448/448/448 399/399/399
f 448/448/448 449/449/449 400/400/400
f 449/449/449 450/450/450 401/401/401
f 450/450/450 451/451/451 402/402/402
f 451/451/451 452/452/452 403/403/403
f 452/452/452 453/453/453 404/404/404
f 453/453/453 454/454/454 405/405/405
f 454/454/454 455/455/455 406/406/406
f 455/455/455 456/456/456 407/407/407
f 456/456/456 457/457/457 408/408/408
f 457/457/457 458/458/458 409/409/409
f 458/458/458 459/459/459 410/410/410
f 459/459/459 460/460/460 411/411/411
f 460/460/460 461/461/461 412/412/412
f 461/461/461 462/462/462 413/413/413
f 462/462/462 463/463/463 414/414/414
f 463/463/463 464/464/464 415/415/415
f 464/464/464 465/465/465 416/416/416
f 465/465/465 466/466/466 417/417/417
f 466/466/466 467/467/467 418/418/418
f 467/467/467 468/468/468 419/419/419
f 468/468/468 469/469/469 420/420/420
f 469/469/469 470/470/470 421/421/421
f 470/470/470 471/471/471 422/422/422
f 471/471/471 472/472/472 423/423/423
f 472/472/472 473/473/473 424/424/424
f 473/473/473 474/474/474 425/425/425
f 474/474/474 475/475/475 426/426/426
f 475/475/475 476/476/476 427/427/427
f 476/476/476 477/477/477 428/428/428
f 477/477/477 478/478/478 429/429/429
f 478/478/478 479/479/479 430/430/430
f 479/479/479 480/480/480 431/431/431
f 480/480/480 481/481/481 432/432/432
f 481/481/481 482/482/482 433/433/433
f 482/482/482 483/483/483 434/434/434
f 483/483/483 484/484/484 435/435/435
f 484/484/484 485/485/485 436/436/436
f 485/485/485 486/486/486 437/437/437
f 486/486/486 487/487/487 438/438/438
f 537/537/537 536/536/536 488/488/488
f 538/538/538 537/537/537 489/489/489
f 539/539/539 538/538/538 490/490/490
f 540/540/540 539/539/539 491/491/491
f 541/541/541 540/540/540 492/492/492
f 542/542/542 541/541/541 493/493/493
f 543/543/543 542/542/542 494/494/494
f 544/544/544 543/543/543 495/495/495
f 545/545/545 544/544/544 496/496/496
f 546/546/546 545/545/545 497/497/497
f 547/547/547 546/546/546 498/498/498
f 548/548/548 547/547/547 499/499/499
f 549/549/549 548/548/548 500/500/500
f 550/550/550 549/549/549 501/501/501
f 551/551/551 550/550/550 502/502/502
f 552/552/552 551/551/551 503/503/503
f 553/553/553 552/552/552 504/504/504
f 554/554/554 553/553/553 505/505/505
f 555/555/555 554/554/554 506/506/506
f 556/556/556 555/555/555 507/507/507
f 557/557/557 556/556/556 508/508/508
f 558/558/558 557/557/557 509/509/509
f 559/559/559 558/558/558 510/510/510
f 560/560/560 559/559/559 511/511/511
f 561/561/561 560/560/560 512/512/512
f 562/562/562 561/561/561 513/513/513
f 563/563/563 562/562/562 514/514/514
f 564/564/564 563/563/563 515/515/515
f 565/565/565 564/564/564 516/516/516
f 566/566/566 565/565/565 517/517/517
f 567/567/567 566/566/566 518/518/518
f 568/568/568 567/567/567 519/519/519
f 569/569/569 568/568/568 520/520/520
f 570/570/570 569/569/569 521/521/521
f 571/571/571 570/570/570 522/522/522
f 572/572/572 571/571/571 523/523/523
f 573/573/573 572/572/572 524/524/524
f 574/574/574 573/573/573 525/525/525
f 575/575/575 574/574/574 526/526/526
f 576/576/576 575/575/575 527/527/527
f 577/577/577 576/576/576 528/528/528
f 578/578/578 577/577/577 529/529/529
f 579/579/579 578/578/578 530/530/530
f 580/580/580 579/579/579 531/531/531
f 581/581/581 580/580/580 532/532/532
f 582/582/582 581/581/581 533/533/533
f 583/583/583 582/582/582 534/534/534
f 584/584/584 583/583/583 535/535/535
o merlin_nozzle_0
usemtl nozzle_soot
v 0 -1.1920928910669204e-8 0.3199999928474426
v 0.062428902834653854 -1.1920928910669204e-8 0.3138512969017029
v 0.12245869636535645 -1.1920928910669204e-8 0.2956414520740509
v 0.17778247594833374 -1.1920928910669204e-8 0.26607027649879456
v 0.22627416253089905 -1.1920928910669204e-8 0.22627416253089905
v 0.26607027649879456 -1.1920928910669204e-8 0.17778247594833374
v 0.2956414520740509 -1.1920928910669204e-8 0.12245869636535645
v 0.3138512969017029 -1.1920928910669204e-8 0.062428902834653854
v 0.3199999928474426 -1.1920928910669204e-8 1.959434864874595e-17
v 0.3138512969017029 -1.1920928910669204e-8 -0.062428902834653854
v 0.2956414520740509 -1.1920928910669204e-8 -0.12245869636535645
v 0.26607027649879456 -1.1920928910669204e-8 -0.17778247594833374
v 0.22627416253089905 -1.1920928910669204e-8 -0.22627416253089905
v 0.17778247594833374 -1.1920928910669204e-8 -0.26607027649879456
v 0.12245869636535645 -1.1920928910669204e-8 -0.2956414520740509
v 0.062428902834653854 -1.1920928910669204e-8 -0.3138512969017029
v 3.91886972974919e-17 -1.1920928910669204e-8 -0.3199999928474426
v -0.062428902834653854 -1.1920928910669204e-8 -0.3138512969017029
v -0.12245869636535645 -1.1920928910669204e-8 -0.2956414520740509
v -0.17778247594833374 -1.1920928910669204e-8 -0.26607027649879456
v -0.22627416253089905 -1.1920928910669204e-8 -0.22627416253089905
v -0.26607027649879456 -1.1920928910669204e-8 -0.17778247594833374
v -0.2956414520740509 -1.1920928910669204e-8 -0.12245869636535645
v -0.3138512969017029 -1.1920928910669204e-8 -0.062428902834653854
v -0.3199999928474426 -1.1920928910669204e-8 -5.878304760059908e-17
v -0.3138512969017029 -1.1920928910669204e-8 0.062428902834653854
v -0.2956414520740509 -1.1920928910669204e-8 0.12245869636535645
v -0.26607027649879456 -1.1920928910669204e-8 0.17778247594833374
v -0.22627416253089905 -1.1920928910669204e-8 0.22627416253089905
v -0.17778247594833374 -1.1920928910669204e-8 0.26607027649879456
v -0.12245869636535645 -1.1920928910669204e-8 0.2956414520740509
v -0.062428902834653854 -1.1920928910669204e-8 0.3138512969017029
v -7.83773945949838e-17 -1.1920928910669204e-8 0.3199999928474426
v 0 -1.899999988079071 0.550000011920929
v 0.10729967802762985 -1.899999988079071 0.5394319295883179
v 0.210475891828537 -1.899999988079071 0.5081337690353394
v 0.30556362867355347 -1.899999988079071 0.457308292388916
v 0.3889087438583374 -1.899999988079071 0.3889087438583374
v 0.457308292388916 -1.899999988079071 0.30556362867355347
v 0.5081337690353394 -1.899999988079071 0.210475891828537
v 0.5394319295883179 -1.899999988079071 0.10729967802762985
v 0.550000011920929 -1.899999988079071 3.3677788446092116e-17
v 0.5394319295883179 -1.899999988079071 -0.10729967802762985
v 0.5081337690353394 -1.899999988079071 -0.210475891828537
v 0.457308292388916 -1.899999988079071 -0.30556362867355347
v 0.3889087438583374 -1.899999988079071 -0.3889087438583374
v 0.30556362867355347 -1.899999988079071 -0.457308292388916
v 0.210475891828537 -1.899999988079071 -0.5081337690353394
v 0.10729967802762985 -1.899999988079071 -0.5394319295883179
v 6.735557689218423e-17 -1.899999988079071 -0.550000011920929
v -0.10729967802762985 -1.899999988079071 -0.5394319295883179
v -0.210475891828537 -1.899999988079071 -0.5081337690353394
v -0.30556362867355347 -1.899999988079071 -0.457308292388916
v -0.3889087438583374 -1.899999988079071 -0.3889087438583374
v -0.457308292388916 -1.899999988079071 -0.30556362867355347
v -0.5081337690353394 -1.899999988079071 -0.210475891828537
v -0.5394319295883179 -1.899999988079071 -0.10729967802762985
v -0.550000011920929 -1.899999988079071 -1.010333620295539e-16
v -0.5394319295883179 -1.899999988079071 0.10729967802762985
v -0.5081337690353394 -1.899999988079071 0.210475891828537
v -0.457308292388916 -1.899999988079071 0.30556362867355347
v -0.3889087438583374 -1.899999988079071 0.3889087438583374
v -0.30556362867355347 -1.899999988079071 0.457308292388916
v -0.210475891828537 -1.899999988079071 0.5081337690353394
v -0.10729967802762985 -1.899999988079071 0.5394319295883179
v -1.3471115378436846e-16 -1.899999988079071 0.550000011920929
vt 0 1
vt 0.03125 1
vt 0.0625 1
vt 0.09375 1
vt 0.125 1
vt 0.15625 1
vt 0.1875 1
vt 0.21875 1
vt 0.25 1
vt 0.28125 1
vt 0.3125 1
vt 0.34375 1
vt 0.375 1
vt 0.40625 1
vt 0.4375 1
vt 0.46875 1
vt 0.5 1
vt 0.53125 1
vt 0.5625 1
vt 0.59375 1
vt 0.625 1
vt 0.65625 1
vt 0.6875 1
vt 0.71875 1
vt 0.75 1
vt 0.78125 1
vt 0.8125 1
vt 0.84375 1
vt 0.875 1
vt 0.90625 1
vt 0.9375 1
vt 0.96875 1
vt 1 1
vt 0 0
vt 0.03125 0
vt 0.0625 0
vt 0.09375 0
vt 0.125 0
vt 0.15625 0
vt 0.1875 0
vt 0.21875 0
vt 0.25 0
vt 0.28125 0
vt 0.3125 0
vt 0.34375 0
vt 0.375 0
vt 0.40625 0
vt 0.4375 0
vt 0.46875 0
vt 0.5 0
vt 0.53125 0
vt 0.5625 0
vt 0.59375 0
vt 0.625 0
vt 0.65625 0
vt 0.6875 0
vt 0.71875 0
vt 0.75 0
vt 0.78125 0
vt 0.8125 0
vt 0.84375 0
vt 0.875 0
vt 0.90625 0
vt 0.9375 0
vt 0.96875 0
vt 1 0
vn 0 0.12017532589174768 0.9927526837268245
vn 0.19367644214852053 0.12017532452971244 0.9736772191701257
vn 0.37990999730114133 0.12017532598832087 0.9171838883093442
vn 0.5515438361793547 0.12017532532910785 0.8254436915711477
vn 0.7019821546273324 0.12017532679188415 0.7019821546273324
vn 0.8254436915711477 0.12017532532910785 0.5515438361793547
vn 0.9171838883093442 0.12017532598832087 0.37990999730114133
vn 0.9736772191701257 0.12017532452971244 0.19367644214852053
vn 0.9927526837268245 0.12017532589174768 6.078857092128074e-17
vn 0.9736772191701257 0.12017532452971244 -0.19367644214852053
vn 0.9171838883093442 0.12017532598832087 -0.37990999730114133
vn 0.8254436915711477 0.12017532532910785 -0.5515438361793547
vn 0.7019821546273324 0.12017532679188415 -0.7019821546273324
vn 0.5515438361793547 0.12017532532910785 -0.8254436915711477
vn 0.37990999730114133 0.12017532598832087 -0.9171838883093442
vn 0.19367644214852053 0.12017532452971244 -0.9736772191701257
vn 1.215771418425615e-16 0.12017532589174768 -0.9927526837268245
vn -0.19367644214852053 0.12017532452971244 -0.9736772191701257
vn -0.37990999730114133 0.12017532598832087 -0.9171838883093442
vn -0.5515438361793547 0.12017532532910785 -0.8254436915711477
vn -0.7019821546273324 0.12017532679188415 -0.7019821546273324
vn -0.8254436915711477 0.12017532532910785 -0.5515438361793547
vn -0.9171838883093442 0.12017532598832087 -0.37990999730114133
vn -0.9736772191701257 0.12017532452971244 -0.19367644214852053
vn -0.9927526837268245 0.12017532589174768 -1.8236570614639727e-16
vn -0.9736772191701257 0.12017532452971244 0.19367644214852053
vn -0.9171838883093442 0.12017532598832087 0.37990999730114133
vn -0.8254436915711477 0.12017532532910785 0.5515438361793547
vn -0.7019821546273324 0.12017532679188415 0.7019821546273324
vn -0.5515438361793547 0.12017532532910785 0.8254436915711477
vn -0.37990999730114133 0.12017532598832087 0.9171838883093442
vn -0.19367644214852053 0.12017532452971244 0.9736772191701257
vn -2.43154283685123e-16 0.12017532589174768 0.9927526837268245
vn 0 0.12017532589174768 0.9927526837268245
vn 0.19367644214852053 0.12017532452971244 0.9736772191701257
vn 0.37990999730114133 0.12017532598832087 0.9171838883093442
vn 0.5515438361793547 0.12017532532910785 0.8254436915711477
vn 0.7019821546273324 0.12017532679188415 0.7019821546273324
vn 0.8254436915711477 0.12017532532910785 0.5515438361793547
vn 0.9171838883093442 0.12017532598832087 0.37990999730114133
vn 0.9736772191701257 0.12017532452971244 0.19367644214852053
vn 0.9927526837268245 0.12017532589174768 6.078857092128074e-17
vn 0.9736772191701257 0.12017532452971244 -0.19367644214852053
vn 0.9171838883093442 0.12017532598832087 -0.37990999730114133
vn 0.8254436915711477 0.12017532532910785 -0.5515438361793547
vn 0.7019821546273324 0.12017532679188415 -0.7019821546273324
vn 0.5515438361793547 0.12017532532910785 -0.8254436915711477
vn 0.37990999730114133 0.12017532598832087 -0.9171838883093442
vn 0.19367644214852053 0.12017532452971244 -0.9736772191701257
vn 1.215771418425615e-16 0.12017532589174768 -0.9927526837268245
vn -0.19367644214852053 0.12017532452971244 -0.9736772191701257
vn -0.37990999730114133 0.12017532598832087 -0.9171838883093442
vn -0.5515438361793547 0.12017532532910785 -0.8254436915711477
vn -0.7019821546273324 0.12017532679188415 -0.7019821546273324
vn -0.8254436915711477 0.12017532532910785 -0.5515438361793547
vn -0.9171838883093442 0.12017532598832087 -0.37990999730114133
vn -0.9736772191701257 0.12017532452971244 -0.19367644214852053
vn -0.9927526837268245 0.12017532589174768 -1.8236570614639727e-16
vn -0.9736772191701257 0.12017532452971244 0.19367644214852053
vn -0.9171838883093442 0.12017532598832087 0.37990999730114133
vn -0.8254436915711477 0.12017532532910785 0.5515438361793547
vn -0.7019821546273324 0.12017532679188415 0.7019821546273324
vn -0.5515438361793547 0.12017532532910785 0.8254436915711477
vn -0.37990999730114133 0.12017532598832087 0.9171838883093442
vn -0.19367644214852053 0.12017532452971244 0.9736772191701257
vn -2.43154283685123e-16 0.12017532589174768 0.9927526837268245
f 585/585/585 618/618/618 586/586/586
f 618/618/618 619/619/619 586/586/586
f 586/586/586 619/619/619 587/587/587
f 619/619/619 620/620/620 587/587/587
f 587/587/587 620/620/620 588/588/588
f 620/620/620 621/621/621 588/588/588
f 588/588/588 621/621/621 589/589/589
f 621/621/621 622/622/622 589/589/589
f 589/589/589 622/622/622 590/590/590
f 622/622/622 623/623/623 590/590/590
f 590/590/590 623/623/623 591/591/591
f 623/623/623 624/624/624 591/591/591
f 591/591/591 624/624/624 592/592/592
f 624/624/624 625/625/625 592/592/592
f 592/592/592 625/625/625 593/593/593
f 625/625/625 626/626/626 593/593/593
f 593/593/593 626/626/626 594/594/594
f 626/626/626 627/627/627 594/594/594
f 594/594/594 627/627/627 595/595/595
f 627/627/627 628/628/628 595/595/595
f 595/595/595 628/628/628 596/596/596
f 628/628/628 629/629/629 596/596/596
f 596/596/596 629/629/629 597/597/597
f 629/629/629 630/630/630 597/597/597
f 597/597/597 630/630/630 598/598/598
f 630/630/630 631/631/631 598/598/598
f 598/598/598 631/631/631 599/599/599
f 631/631/631 632/632/632 599/599/599
f 599/599/599 632/632/632 600/600/600
f 632/632/632 633/633/633 600/600/600
f 600/600/600 633/633/633 601/601/601
f 633/633/633 634/634/634 601/601/601
f 601/601/601 634/634/634 602/602/602
f 634/634/634 635/635/635 602/602/602
f 602/602/602 635/635/635 603/603/603
f 635/635/635 636/636/636 603/603/603
f 603/603/603 636/636/636 604/604/604
f 636/636/636 637/637/637 604/604/604
f 604/604/604 637/637/637 605/605/605
f 637/637/637 638/638/638 605/605/605
f 605/605/605 638/638/638 606/606/606
f 638/638/638 639/639/639 606/606/606
f 606/606/606 639/639/639 607/607/607
f 639/639/639 640/640/640 607/607/607
f 607/607/607 640/640/640 608/608/608
f 640/640/640 641/641/641 608/608/608
f 608/608/608 641/641/641 609/609/609
f 641/641/641 642/642/642 609/609/609
f 609/609/609 642/642/642 610/610/610
f 642/642/642 643/643/643 610/610/610
f 610/610/610 643/643/643 611/611/611
f 643/643/643 644/644/644 611/611/611
f 611/611/611 644/644/644 612/612/612
f 644/644/644 645/645/645 612/612/612
f 612/612/612 645/645/645 613/613/613
f 645/645/645 646/646/646 613/613/613
f 613/613/613 646/646/646 614/614/614
f 646/646/646 647/647/647 614/614/614
f 614/614/614 647/647/647 615/615/615
f 647/647/647 648/648/648 615/615/615
f 615/615/615 648/648/648 616/616/616
f 648/648/648 649/649/649 616/616/616
f 616/616/616 649/649/649 617/617/617
f 649/649/649 650/650/650 617/617/617
o merlin_throat_0
usemtl engine_metal
v 0 0.6999999940395355 0.20000000298023224
v 0.051763810217380524 0.6999999940395355 0.19318516552448273
v 0.10000000149011612 0.6999999940395355 0.17320507764816284
v 0.1414213627576828 0.6999999940395355 0.1414213627576828
v 0.17320507764816284 0.6999999940395355 0.10000000149011612
v 0.19318516552448273 0.6999999940395355 0.051763810217380524
v 0.20000000298023224 0.6999999940395355 1.2246467698671066e-17
v 0.19318516552448273 0.6999999940395355 -0.051763810217380524
v 0.17320507764816284 0.6999999940395355 -0.10000000149011612
v 0.1414213627576828 0.6999999940395355 -0.1414213627576828
v 0.10000000149011612 0.6999999940395355 -0.17320507764816284
v 0.051763810217380524 0.6999999940395355 -0.19318516552448273
v 2.4492935397342132e-17 0.6999999940395355 -0.20000000298023224
v -0.051763810217380524 0.6999999940395355 -0.19318516552448273
v -0.10000000149011612 0.6999999940395355 -0.17320507764816284
v -0.1414213627576828 0.6999999940395355 -0.1414213627576828
v -0.17320507764816284 0.6999999940395355 -0.10000000149011612
v -0.19318516552448273 0.6999999940395355 -0.051763810217380524
v -0.20000000298023224 0.6999999940395355 -3.6739405577555036e-17
v -0.19318516552448273 0.6999999940395355 0.051763810217380524
v -0.17320507764816284 0.6999999940395355 0.10000000149011612
v -0.1414213627576828 0.6999999940395355 0.1414213627576828
v -0.10000000149011612 0.6999999940395355 0.17320507764816284
v -0.051763810217380524 0.6999999940395355 0.19318516552448273
v -4.8985870794684264e-17 0.6999999940395355 0.20000000298023224
v 0 5.960464455334602e-9 0.3199999928474426
v 0.08282209187746048 5.960464455334602e-9 0.3090962767601013
v 0.1599999964237213 5.960464455334602e-9 0.277128130197525
v 0.22627416253089905 5.960464455334602e-9 0.22627416253089905
v 0.277128130197525 5.960464455334602e-9 0.1599999964237213
v 0.3090962767601013 5.960464455334602e-9 0.08282209187746048
v 0.3199999928474426 5.960464455334602e-9 1.959434864874595e-17
v 0.3090962767601013 5.960464455334602e-9 -0.08282209187746048
v 0.277128130197525 5.960464455334602e-9 -0.1599999964237213
v 0.22627416253089905 5.960464455334602e-9 -0.22627416253089905
v 0.1599999964237213 5.960464455334602e-9 -0.277128130197525
v 0.08282209187746048 5.960464455334602e-9 -0.3090962767601013
v 3.91886972974919e-17 5.960464455334602e-9 -0.3199999928474426
v -0.08282209187746048 5.960464455334602e-9 -0.3090962767601013
v -0.1599999964237213 5.960464455334602e-9 -0.277128130197525
v -0.22627416253089905 5.960464455334602e-9 -0.22627416253089905
v -0.277128130197525 5.960464455334602e-9 -0.1599999964237213
v -0.3090962767601013 5.960464455334602e-9 -0.08282209187746048
v -0.3199999928474426 5.960464455334602e-9 -5.878304760059908e-17
v -0.3090962767601013 5.960464455334602e-9 0.08282209187746048
v -0.277128130197525 5.960464455334602e-9 0.1599999964237213
v -0.22627416253089905 5.960464455334602e-9 0.22627416253089905
v -0.1599999964237213 5.960464455334602e-9 0.277128130197525
v -0.08282209187746048 5.960464455334602e-9 0.3090962767601013
v -7.83773945949838e-17 5.960464455334602e-9 0.3199999928474426
v 0 0.6999999940395355 0
v 0 0.6999999940395355 0
v 0 0.6999999940395355 0
v 0 0.6999999940395355 0
v 0 0.6999999940395355 0
v 0 0.6999999940395355 0
v 0 0.6999999940395355 0
v 0 0.6999999940395355 0
v 0 0.6999999940395355 0
v 0 0.6999999940395355 0
v 0 0.6999999940395355 0
v 0 0.6999999940395355 0
v 0 0.6999999940395355 0
v 0 0.6999999940395355 0
v 0 0.6999999940395355 0
v 0 0.6999999940395355 0
v 0 0.6999999940395355 0
v 0 0.6999999940395355 0
v 0 0.6999999940395355 0
v 0 0.6999999940395355 0
v 0 0.6999999940395355 0
v 0 0.6999999940395355 0
v 0 0.6999999940395355 0
v 0 0.6999999940395355 0
v 0 0.6999999940395355 0.20000000298023224
v 0.051763810217380524 0.6999999940395355 0.19318516552448273
v 0.10000000149011612 0.6999999940395355 0.17320507764816284
v 0.1414213627576828 0.6999999940395355 0.1414213627576828
v 0.17320507764816284 0.6999999940395355 0.10000000149011612
v 0.19318516552448273 0.6999999940395355 0.051763810217380524
v 0.20000000298023224 0.6999999940395355 1.2246467698671066e-17
v 0.19318516552448273 0.6999999940395355 -0.051763810217380524
v 0.17320507764816284 0.6999999940395355 -0.10000000149011612
v 0.1414213627576828 0.6999999940395355 -0.1414213627576828
v 0.10000000149011612 0.6999999940395355 -0.17320507764816284
v 0.051763810217380524 0.6999999940395355 -0.19318516552448273
v 2.4492935397342132e-17 0.6999999940395355 -0.20000000298023224
v -0.051763810217380524 0.6999999940395355 -0.19318516552448273
v -0.10000000149011612 0.6999999940395355 -0.17320507764816284
v -0.1414213627576828 0.6999999940395355 -0.1414213627576828
v -0.17320507764816284 0.6999999940395355 -0.10000000149011612
v -0.19318516552448273 0.6999999940395355 -0.051763810217380524
v -0.20000000298023224 0.6999999940395355 -3.6739405577555036e-17
v -0.19318516552448273 0.6999999940395355 0.051763810217380524
v -0.17320507764816284 0.6999999940395355 0.10000000149011612
v -0.1414213627576828 0.6999999940395355 0.1414213627576828
v -0.10000000149011612 0.6999999940395355 0.17320507764816284
v -0.051763810217380524 0.6999999940395355 0.19318516552448273
v -4.8985870794684264e-17 0.6999999940395355 0.20000000298023224
v 0 5.960464455334602e-9 0
v 0 5.960464455334602e-9 0
v 0 5.960464455334602e-9 0
v 0 5.960464455334602e-9 0
v 0 5.960464455334602e-9 0
v 0 5.960464455334602e-9 0
v 0 5.960464455334602e-9 0
v 0 5.960464455334602e-9 0
v 0 5.960464455334602e-9 0
v 0 5.960464455334602e-9 0
v 0 5.960464455334602e-9 0
v 0 5.960464455334602e-9 0
v 0 5.960464455334602e-9 0
v 0 5.960464455334602e-9 0
v 0 5.960464455334602e-9 0
v 0 5.960464455334602e-9 0
v 0 5.960464455334602e-9 0
v 0 5.960464455334602e-9 0
v 0 5.960464455334602e-9 0
v 0 5.960464455334602e-9 0
v 0 5.960464455334602e-9 0
v 0 5.960464455334602e-9 0
v 0 5.960464455334602e-9 0
v 0 5.960464455334602e-9 0
v 0 5.960464455334602e-9 0.3199999928474426
v 0.08282209187746048 5.960464455334602e-9 0.3090962767601013
v 0.1599999964237213 5.960464455334602e-9 0.277128130197525
v 0.22627416253089905 5.960464455334602e-9 0.22627416253089905
v 0.277128130197525 5.960464455334602e-9 0.1599999964237213
v 0.3090962767601013 5.960464455334602e-9 0.08282209187746048
v 0.3199999928474426 5.960464455334602e-9 1.959434864874595e-17
v 0.3090962767601013 5.960464455334602e-9 -0.08282209187746048
v 0.277128130197525 5.960464455334602e-9 -0.1599999964237213
v 0.22627416253089905 5.960464455334602e-9 -0.22627416253089905
v 0.1599999964237213 5.960464455334602e-9 -0.277128130197525
v 0.08282209187746048 5.960464455334602e-9 -0.3090962767601013
v 3.91886972974919e-17 5.960464455334602e-9 -0.3199999928474426
v -0.08282209187746048 5.960464455334602e-9 -0.3090962767601013
v -0.1599999964237213 5.960464455334602e-9 -0.277128130197525
v -0.22627416253089905 5.960464455334602e-9 -0.22627416253089905
v -0.277128130197525 5.960464455334602e-9 -0.1599999964237213
v -0.3090962767601013 5.960464455334602e-9 -0.08282209187746048
v -0.3199999928474426 5.960464455334602e-9 -5.878304760059908e-17
v -0.3090962767601013 5.960464455334602e-9 0.08282209187746048
v -0.277128130197525 5.960464455334602e-9 0.1599999964237213
v -0.22627416253089905 5.960464455334602e-9 0.22627416253089905
v -0.1599999964237213 5.960464455334602e-9 0.277128130197525
v -0.08282209187746048 5.960464455334602e-9 0.3090962767601013
v -7.83773945949838e-17 5.960464455334602e-9 0.3199999928474426
vt 0 1
vt 0.0416666679084301 1
vt 0.0833333358168602 1
vt 0.125 1
vt 0.1666666716337204 1
vt 0.2083333283662796 1
vt 0.25 1
vt 0.2916666567325592 1
vt 0.3333333432674408 1
vt 0.375 1
vt 0.4166666567325592 1
vt 0.4583333432674408 1
vt 0.5 1
vt 0.5416666865348816 1
vt 0.5833333134651184 1
vt 0.625 1
vt 0.6666666865348816 1
vt 0.7083333134651184 1
vt 0.75 1
vt 0.7916666865348816 1
vt 0.8333333134651184 1
vt 0.875 1
vt 0.9166666865348816 1
vt 0.9583333134651184 1
vt 1 1
vt 0 0
vt 0.0416666679084301 0
vt 0.0833333358168602 0
vt 0.125 0
vt 0.1666666716337204 0
vt 0.2083333283662796 0
vt 0.25 0
vt 0.2916666567325592 0
vt 0.3333333432674408 0
vt 0.375 0
vt 0.4166666567325592 0
vt 0.4583333432674408 0
vt 0.5 0
vt 0.5416666865348816 0
vt 0.5833333134651184 0
vt 0.625 0
vt 0.6666666865348816 0
vt 0.7083333134651184 0
vt 0.75 0
vt 0.7916666865348816 0
vt 0.8333333134651184 0
vt 0.875 0
vt 0.9166666865348816 0
vt 0.9583333134651184 0
vt 1 0
vt 0.5 0.5
vt 0.5 0.5
vt 0.5 0.5
vt 0.5 0.5
vt 0.5 0.5
vt 0.5 0.5
vt 0.5 0.5
vt 0.5 0.5
vt 0.5 0.5
vt 0.5 0.5
vt 0.5 0.5
vt 0.5 0.5
vt 0.5 0.5
vt 0.5 0.5
vt 0.5 0.5
vt 0.5 0.5
vt 0.5 0.5
vt 0.5 0.5
vt 0.5 0.5
vt 0.5 0.5
vt 0.5 0.5
vt 0.5 0.5
vt 0.5 0.5
vt 0.5 0.5
vt 1 0.5
vt 0.9829629063606262 0.6294095516204834
vt 0.9330127239227295 0.75
vt 0.8535534143447876 0.8535534143447876
vt 0.75 0.9330127239227295
vt 0.6294095516204834 0.9829629063606262
vt 0.5 1
vt 0.370590478181839 0.9829629063606262
vt 0.25 0.9330127239227295
vt 0.1464466154575348 0.8535534143447876
vt 0.0669872984290123 0.75
vt 0.017037086188793182 0.6294095516204834
vt 0 0.5
vt 0.017037086188793182 0.370590478181839
vt 0.0669872984290123 0.25
vt 0.1464466154575348 0.1464466154575348
vt 0.25 0.0669872984290123
vt 0.370590478181839 0.017037086188793182
vt 0.5 0
vt 0.6294095516204834 0.017037086188793182
vt 0.75 0.0669872984290123
vt 0.8535534143447876 0.1464466154575348
vt 0.9330127239227295 0.25
vt 0.9829629063606262 0.370590478181839
vt 1 0.5
vt 0.5 0.5
vt 0.5 0.5
vt 0.5 0.5
vt 0.5 0.5
vt 0.5 0.5
vt 0.5 0.5
vt 0.5 0.5
vt 0.5 0.5
vt 0.5 0.5
vt 0.5 0.5
vt 0.5 0.5
vt 0.5 0.5
vt 0.5 0.5
vt 0.5 0.5
vt 0.5 0.5
vt 0.5 0.5
vt 0.5 0.5
vt 0.5 0.5
vt 0.5 0.5
vt 0.5 0.5
vt 0.5 0.5
vt 0.5 0.5
vt 0.5 0.5
vt 0.5 0.5
vt 1 0.5
vt 0.9829629063606262 0.370590478181839
vt 0.9330127239227295 0.25
vt 0.8535534143447876 0.1464466154575348
vt 0.75 0.0669872984290123
vt 0.6294095516204834 0.017037086188793182
vt 0.5 0
vt 0.370590478181839 0.017037086188793182
vt 0.25 0.0669872984290123
vt 0.1464466154575348 0.1464466154575348
vt 0.0669872984290123 0.25
vt 0.017037086188793182 0.370590478181839
vt 0 0.5
vt 0.017037086188793182 0.6294095516204834
vt 0.0669872984290123 0.75
vt 0.1464466154575348 0.8535534143447876
vt 0.25 0.9330127239227295
vt 0.370590478181839 0.9829629063606262
vt 0.5 1
vt 0.6294095516204834 0.9829629063606262
vt 0.75 0.9330127239227295
vt 0.8535534143447876 0.8535534143447876
vt 0.9330127239227295 0.75
vt 0.9829629063606262 0.6294095516204834
vt 1 0.5
vn 0 0.16896382420988967 0.9856222532534306
vn 0.25509780673174526 0.1689638199263626 0.9520379911308923
vn 0.49281111356139395 0.16896381973035068 0.8535739182827158
vn 0.6969401796234542 0.16896381876855981 0.6969401796234542
vn 0.8535739182827158 0.16896381973035068 0.49281111356139395
vn 0.9520379911308923 0.1689638199263626 0.25509780673174526
vn 0.9856222532534306 0.16896382420988967 6.035195935551298e-17
vn 0.9520379911308923 0.1689638199263626 -0.25509780673174526
vn 0.8535739182827158 0.16896381973035068 -0.49281111356139395
vn 0.6969401796234542 0.16896381876855981 -0.6969401796234542
vn 0.49281111356139395 0.16896381973035068 -0.8535739182827158
vn 0.25509780673174526 0.1689638199263626 -0.9520379911308923
vn 1.2070391871102596e-16 0.16896382420988967 -0.9856222532534306
vn -0.25509780673174526 0.1689638199263626 -0.9520379911308923
vn -0.49281111356139395 0.16896381973035068 -0.8535739182827158
vn -0.6969401796234542 0.16896381876855981 -0.6969401796234542
vn -0.8535739182827158 0.16896381973035068 -0.49281111356139395
vn -0.9520379911308923 0.1689638199263626 -0.25509780673174526
vn -0.9856222532534306 0.16896382420988967 -1.8105587806653895e-16
vn -0.9520379911308923 0.1689638199263626 0.25509780673174526
vn -0.8535739182827158 0.16896381973035068 0.49281111356139395
vn -0.6969401796234542 0.16896381876855981 0.6969401796234542
vn -0.49281111356139395 0.16896381973035068 0.8535739182827158
vn -0.25509780673174526 0.1689638199263626 0.9520379911308923
vn -2.414078374220519e-16 0.16896382420988967 0.9856222532534306
vn 0 0.16896382420988967 0.9856222532534306
vn 0.25509780673174526 0.1689638199263626 0.9520379911308923
vn 0.49281111356139395 0.16896381973035068 0.8535739182827158
vn 0.6969401796234542 0.16896381876855981 0.6969401796234542
vn 0.8535739182827158 0.16896381973035068 0.49281111356139395
vn 0.9520379911308923 0.1689638199263626 0.25509780673174526
vn 0.9856222532534306 0.16896382420988967 6.035195935551298e-17
vn 0.9520379911308923 0.1689638199263626 -0.25509780673174526
vn 0.8535739182827158 0.16896381973035068 -0.49281111356139395
vn 0.6969401796234542 0.16896381876855981 -0.6969401796234542
vn 0.49281111356139395 0.16896381973035068 -0.8535739182827158
vn 0.25509780673174526 0.1689638199263626 -0.9520379911308923
vn 1.2070391871102596e-16 0.16896382420988967 -0.9856222532534306
vn -0.25509780673174526 0.1689638199263626 -0.9520379911308923
vn -0.49281111356139395 0.16896381973035068 -0.8535739182827158
vn -0.6969401796234542 0.16896381876855981 -0.6969401796234542
vn -0.8535739182827158 0.16896381973035068 -0.49281111356139395
vn -0.9520379911308923 0.1689638199263626 -0.25509780673174526
vn -0.9856222532534306 0.16896382420988967 -1.8105587806653895e-16
vn -0.9520379911308923 0.1689638199263626 0.25509780673174526
vn -0.8535739182827158 0.16896381973035068 0.49281111356139395
vn -0.6969401796234542 0.16896381876855981 0.6969401796234542
vn -0.49281111356139395 0.16896381973035068 0.8535739182827158
vn -0.25509780673174526 0.1689638199263626 0.9520379911308923
vn -2.414078374220519e-16 0.16896382420988967 0.9856222532534306
vn 0 1 0
vn 0 1 0
vn 0 1 0
vn 0 1 0
vn 0 1 0
vn 0 1 0
vn 0 1 0
vn 0 1 0
vn 0 1 0
vn 0 1 0
vn 0 1 0
vn 0 1 0
vn 0 1 0
vn 0 1 0
vn 0 1 0
vn 0 1 0
vn 0 1 0
vn 0 1 0
vn 0 1 0
vn 0 1 0
vn 0 1 0
vn 0 1 0
vn 0 1 0
vn 0 1 0
vn 0 1 0
vn 0 1 0
vn 0 1 0
vn 0 1 0
vn 0 1 0
vn 0 1 0
vn 0 1 0
vn 0 1 0
vn 0 1 0
vn 0 1 0
vn 0 1 0
vn 0 1 0
vn 0 1 0
vn 0 1 0
vn 0 1 0
vn 0 1 0
vn 0 1 0
vn 0 1 0
vn 0 1 0
vn 0 1 0
vn 0 1 0
vn 0 1 0
vn 0 1 0
vn 0 1 0
vn 0 1 0
vn 0 -1 0
vn 0 -1 0
vn 0 -1 0
vn 0 -1 0
vn 0 -1 0
vn 0 -1 0
vn 0 -1 0
vn 0 -1 0
vn 0 -1 0
vn 0 -1 0
vn 0 -1 0
vn 0 -1 0
vn 0 -1 0
vn 0 -1 0
vn 0 -1 0
vn 0 -1 0
vn 0 -1 0
vn 0 -1 0
vn 0 -1 0
vn 0 -1 0
vn 0 -1 0
vn 0 -1 0
vn 0 -1 0
vn 0 -1 0
vn 0 -1 0
vn 0 -1 0
vn 0 -1 0
vn 0 -1 0
vn 0 -1 0
vn 0 -1 0
vn 0 -1 0
vn 0 -1 0
vn 0 -1 0
vn 0 -1 0
vn 0 -1 0
vn 0 -1 0
vn 0 -1 0
vn 0 -1 0
vn 0 -1 0
vn 0 -1 0
vn 0 -1 0
vn 0 -1 0
vn 0 -1 0
vn 0 -1 0
vn 0 -1 0
vn 0 -1 0
vn 0 -1 0
vn 0 -1 0
vn 0 -1 0
f 651/651/651 676/676/676 652/652/652
f 676/676/676 677/677/677 652/652/652
f 652/652/652 677/677/677 653/653/653
f 677/677/677 678/678/678 653/653/653
f 653/653/653 678/678/678 654/654/654
f 678/678/678 679/679/679 654/654/654
f 654/654/654 679/679/679 655/655/655
f 679/679/679 680/680/680 655/655/655
f 655/655/655 680/680/680 656/656/656
f 680/680/680 681/681/681 656/656/656
f 656/656/656 681/681/681 657/657/657
f 681/681/681 682/682/682 657/657/657
f 657/657/657 682/682/682 658/658/658
f 682/682/682 683/683/683 658/658/658
f 658/658/658 683/683/683 659/659/659
f 683/683/683 684/684/684 659/659/659
f 659/659/659 684/684/684 660/660/660
f 684/684/684 685/685/685 660/660/660
f 660/660/660 685/685/685 661/661/661
f 685/685/685 686/686/686 661/661/661
f 661/661/661 686/686/686 662/662/662
f 686/686/686 687/687/687 662/662/662
f 662/662/662 687/687/687 663/663/663
f 687/687/687 688/688/688 663/663/663
f 663/663/663 688/688/688 664/664/664
f 688/688/688 689/689/689 664/664/664
f 664/664/664 689/689/689 665/665/665
f 689/689/689 690/690/690 665/665/665
f 665/665/665 690/690/690 666/666/666
f 690/690/690 691/691/691 666/666/666
f 666/666/666 691/691/691 667/667/667
f 691/691/691 692/692/692 667/667/667
f 667/667/667 692/692/692 668/668/668
f 692/692/692 693/693/693 668/668/668
f 668/668/668 693/693/693 669/669/669
f 693/693/693 694/694/694 669/669/669
f 669/669/669 694/694/694 670/670/670
f 694/694/694 695/695/695 670/670/670
f 670/670/670 695/695/695 671/671/671
f 695/695/695 696/696/696 671/671/671
f 671/671/671 696/696/696 672/672/672
f 696/696/696 697/697/697 672/672/672
f 672/672/672 697/697/697 673/673/673
f 697/697/697 698/698/698 673/673/673
f 673/673/673 698/698/698 674/674/674
f 698/698/698 699/699/699 674/674/674
f 674/674/674 699/699/699 675/675/675
f 699/699/699 700/700/700 675/675/675
f 725/725/725 726/726/726 701/701/701
f 726/726/726 727/727/727 702/702/702
f 727/727/727 728/728/728 703/703/703
f 728/728/728 729/729/729 704/704/704
f 729/729/729 730/730/730 705/705/705
f 730/730/730 731/731/731 706/706/706
f 731/731/731 732/732/732 707/707/707
f 732/732/732 733/733/733 708/708/708
f 733/733/733 734/734/734 709/709/709
f 734/734/734 735/735/735 710/710/710
f 735/735/735 736/736/736 711/711/711
f 736/736/736 737/737/737 712/712/712
f 737/737/737 738/738/738 713/713/713
f 738/738/738 739/739/739 714/714/714
f 739/739/739 740/740/740 715/715/715
f 740/740/740 741/741/741 716/716/716
f 741/741/741 742/742/742 717/717/717
f 742/742/742 743/743/743 718/718/718
f 743/743/743 744/744/744 719/719/719
f 744/744/744 745/745/745 720/720/720
f 745/745/745 746/746/746 721/721/721
f 746/746/746 747/747/747 722/722/722
f 747/747/747 748/748/748 723/723/723
f 748/748/748 749/749/749 724/724/724
f 775/775/775 774/774/774 750/750/750
f 776/776/776 775/775/775 751/751/751
f 777/777/777 776/776/776 752/752/752
f 778/778/778 777/777/777 753/753/753
f 779/779/779 778/778/778 754/754/754
f 780/780/780 779/779/779 755/755/755
f 781/781/781 780/780/780 756/756/756
f 782/782/782 781/781/781 757/757/757
f 783/783/783 782/782/782 758/758/758
f 784/784/784 783/783/783 759/759/759
f 785/785/785 784/784/784 760/760/760
f 786/786/786 785/785/785 761/761/761
f 787/787/787 786/786/786 762/762/762
f 788/788/788 787/787/787 763/763/763
f 789/789/789 788/788/788 764/764/764
f 790/790/790 789/789/789 765/765/765
f 791/791/791 790/790/790 766/766/766
f 792/792/792 791/791/791 767/767/767
f 793/793/793 792/792/792 768/768/768
f 794/794/794 793/793/793 769/769/769
f 795/795/795 794/794/794 770/770/770
f 796/796/796 795/795/795 771/771/771
f 797/797/797 796/796/796 772/772/772
f 798/798/798 797/797/797 773/773/773
o merlin_nozzle_1
usemtl nozzle_soot
v 1.22 -1.1920928910669204e-8 0.3199999928474426
v 1.2824289028346538 -1.1920928910669204e-8 0.3138512969017029
v 1.3424586963653564 -1.1920928910669204e-8 0.2956414520740509
v 1.3977824759483337 -1.1920928910669204e-8 0.26607027649879456
v 1.446274162530899 -1.1920928910669204e-8 0.22627416253089905
v 1.4860702764987945 -1.1920928910669204e-8 0.17778247594833374
v 1.5156414520740509 -1.1920928910669204e-8 0.12245869636535645
v 1.5338512969017029 -1.1920928910669204e-8 0.062428902834653854
v 1.5399999928474426 -1.1920928910669204e-8 1.959434864874595e-17
v 1.5338512969017029 -1.1920928910669204e-8 -0.062428902834653854
v 1.5156414520740509 -1.1920928910669204e-8 -0.12245869636535645
v 1.4860702764987945 -1.1920928910669204e-8 -0.17778247594833374
v 1.446274162530899 -1.1920928910669204e-8 -0.22627416253089905
v 1.3977824759483337 -1.1920928910669204e-8 -0.26607027649879456
v 1.3424586963653564 -1.1920928910669204e-8 -0.2956414520740509
v 1.2824289028346538 -1.1920928910669204e-8 -0.3138512969017029
v 1.22 -1.1920928910669204e-8 -0.3199999928474426
v 1.1575710971653461 -1.1920928910669204e-8 -0.3138512969017029
v 1.0975413036346435 -1.1920928910669204e-8 -0.2956414520740509
v 1.0422175240516662 -1.1920928910669204e-8 -0.26607027649879456
v 0.9937258374691009 -1.1920928910669204e-8 -0.22627416253089905
v 0.9539297235012054 -1.1920928910669204e-8 -0.17778247594833374
v 0.9243585479259491 -1.1920928910669204e-8 -0.12245869636535645
v 0.9061487030982971 -1.1920928910669204e-8 -0.062428902834653854
v 0.9000000071525573 -1.1920928910669204e-8 -5.878304760059908e-17
v 0.9061487030982971 -1.1920928910669204e-8 0.062428902834653854
v 0.9243585479259491 -1.1920928910669204e-8 0.12245869636535645
v 0.9539297235012054 -1.1920928910669204e-8 0.17778247594833374
v 0.9937258374691009 -1.1920928910669204e-8 0.22627416253089905
v 1.0422175240516662 -1.1920928910669204e-8 0.26607027649879456
v 1.0975413036346435 -1.1920928910669204e-8 0.2956414520740509
v 1.1575710971653461 -1.1920928910669204e-8 0.3138512969017029
v 1.22 -1.1920928910669204e-8 0.3199999928474426
v 1.22 -1.899999988079071 0.550000011920929
v 1.3272996780276298 -1.899999988079071 0.5394319295883179
v 1.430475891828537 -1.899999988079071 0.5081337690353394
v 1.5255636286735534 -1.899999988079071 0.457308292388916
v 1.6089087438583374 -1.899999988079071 0.3889087438583374
v 1.677308292388916 -1.899999988079071 0.30556362867355347
v 1.7281337690353393 -1.899999988079071 0.210475891828537
v 1.7594319295883178 -1.899999988079071 0.10729967802762985
v 1.770000011920929 -1.899999988079071 3.3677788446092116e-17
v 1.7594319295883178 -1.899999988079071 -0.10729967802762985
v 1.7281337690353393 -1.899999988079071 -0.210475891828537
v 1.677308292388916 -1.899999988079071 -0.30556362867355347
v 1.6089087438583374 -1.899999988079071 -0.3889087438583374
v 1.5255636286735534 -1.899999988079071 -0.457308292388916
v 1.430475891828537 -1.899999988079071 -0.5081337690353394
v 1.3272996780276298 -1.899999988079071 -0.5394319295883179
v 1.22 -1.899999988079071 -0.550000011920929
v 1.1127003219723701 -1.899999988079071 -0.5394319295883179
v 1.009524108171463 -1.899999988079071 -0.5081337690353394
v 0.9144363713264465 -1.899999988079071 -0.457308292388916
v 0.8310912561416626 -1.899999988079071 -0.3889087438583374
v 0.762691707611084 -1.899999988079071 -0.30556362867355347
v 0.7118662309646606 -1.899999988079071 -0.210475891828537
v 0.6805680704116821 -1.899999988079071 -0.10729967802762985
v 0.669999988079071 -1.899999988079071 -1.010333620295539e-16
v 0.6805680704116821 -1.899999988079071 0.10729967802762985
v 0.7118662309646606 -1.899999988079071 0.210475891828537
v 0.762691707611084 -1.899999988079071 0.30556362867355347
v 0.8310912561416626 -1.899999988079071 0.3889087438583374
v 0.9144363713264465 -1.899999988079071 0.457308292388916
v 1.009524108171463 -1.899999988079071 0.5081337690353394
v 1.1127003219723701 -1.899999988079071 0.5394319295883179
v 1.2199999999999998 -1.899999988079071 0.550000011920929
vt 0 1
vt 0.03125 1
vt 0.0625 1
vt 0.09375 1
vt 0.125 1
vt 0.15625 1
vt 0.1875 1
vt 0.21875 1
vt 0.25 1
vt 0.28125 1
vt 0.3125 1
vt 0.34375 1
vt 0.375 1
vt 0.40625 1
vt 0.4375 1
vt 0.46875 1
vt 0.5 1
vt 0.53125 1
vt 0.5625 1
vt 0.59375 1
vt 0.625 1
vt 0.65625 1
vt 0.6875 1
vt 0.71875 1
vt 0.75 1
vt 0.78125 1
vt 0.8125 1
vt 0.84375 1
vt 0.875 1
vt 0.90625 1
vt 0.9375 1
vt 0.96875 1
vt 1 1
vt 0 0
vt 0.03125 0
vt 0.0625 0
vt 0.09375 0
vt 0.125 0
vt 0.15625 0
vt 0.1875 0
vt 0.21875 0
vt 0.25 0
vt 0.28125 0
vt 0.3125 0
vt 0.34375 0
vt 0.375 0
vt 0.40625 0
vt 0.4375 0
vt 0.46875 0
vt 0.5 0
vt 0.53125 0
vt 0.5625 0
vt 0.59375 0
vt 0.625 0
vt 0.65625 0
vt 0.6875 0
vt 0.71875 0
vt 0.75 0
vt 0.78125 0
vt 0.8125 0
vt 0.84375 0
vt 0.875 0
vt 0.90625 0
vt 0.9375 0
vt 0.96875 0
vt 1 0
vn 0 0.12017532589174768 0.9927526837268245
vn 0.19367644214852053 0.12017532452971244 0.9736772191701257
vn 0.37990999730114133 0.12017532598832087 0.9171838883093442
vn 0.5515438361793547 0.12017532532910785 0.8254436915711477
vn 0.7019821546273324 0.12017532679188415 0.7019821546273324
vn 0.8254436915711477 0.12017532532910785 0.5515438361793547
vn 0.9171838883093442 0.12017532598832087 0.37990999730114133
vn 0.9736772191701257 0.12017532452971244 0.19367644214852053
vn 0.9927526837268245 0.12017532589174768 6.078857092128074e-17
vn 0.9736772191701257 0.12017532452971244 -0.19367644214852053
vn 0.9171838883093442 0.12017532598832087 -0.37990999730114133
vn 0.8254436915711477 0.12017532532910785 -0.5515438361793547
vn 0.7019821546273324 0.12017532679188415 -0.7019821546273324
vn 0.5515438361793547 0.12017532532910785 -0.8254436915711477
vn 0.37990999730114133 0.12017532598832087 -0.9171838883093442
vn 0.19367644214852053 0.12017532452971244 -0.9736772191701257
vn 1.215771418425615e-16 0.12017532589174768 -0.9927526837268245
vn -0.19367644214852053 0.12017532452971244 -0.9736772191701257
vn -0.37990999730114133 0.12017532598832087 -0.9171838883093442
vn -0.5515438361793547 0.12017532532910785 -0.8254436915711477
vn -0.7019821546273324 0.12017532679188415 -0.7019821546273324
vn -0.8254436915711477 0.12017532532910785 -0.5515438361793547
vn -0.9171838883093442 0.12017532598832087 -0.37990999730114133
vn -0.9736772191701257 0.12017532452971244 -0.19367644214852053
vn -0.9927526837268245 0.12017532589174768 -1.8236570614639727e-16
vn -0.9736772191701257 0.12017532452971244 0.19367644214852053
vn -0.9171838883093442 0.12017532598832087 0.37990999730114133
vn -0.8254436915711477 0.12017532532910785 0.5515438361793547
vn -0.7019821546273324 0.12017532679188415 0.7019821546273324
vn -0.5515438361793547 0.12017532532910785 0.8254436915711477
vn -0.37990999730114133 0.12017532598832087 0.9171838883093442
vn -0.19367644214852053 0.12017532452971244 0.9736772191701257
vn -2.43154283685123e-16 0.12017532589174768 0.9927526837268245
vn 0 0.12017532589174768 0.9927526837268245
vn 0.19367644214852053 0.12017532452971244 0.9736772191701257
vn 0.37990999730114133 0.12017532598832087 0.9171838883093442
vn 0.5515438361793547 0.12017532532910785 0.8254436915711477
vn 0.7019821546273324 0.12017532679188415 0.7019821546273324
vn 0.8254436915711477 0.12017532532910785 0.5515438361793547
vn 0.9171838883093442 0.12017532598832087 0.37990999730114133
vn 0.9736772191701257 0.12017532452971244 0.19367644214852053
vn 0.9927526837268245 0.12017532589174768 6.078857092128074e-17
vn 0.9736772191701257 0.12017532452971244 -0.19367644214852053
vn 0.9171838883093442 0.12017532598832087 -0.37990999730114133
vn 0.8254436915711477 0.12017532532910785 -0.5515438361793547
vn 0.7019821546273324 0.12017532679188415 -0.7019821546273324
vn 0.5515438361793547 0.12017532532910785 -0.8254436915711477
vn 0.37990999730114133 0.12017532598832087 -0.9171838883093442
vn 0.19367644214852053 0.12017532452971244 -0.9736772191701257
vn 1.215771418425615e-16 0.12017532589174768 -0.9927526837268245
vn -0.19367644214852053 0.12017532452971244 -0.9736772191701257
vn -0.37990999730114133 0.12017532598832087 -0.9171838883093442
vn -0.5515438361793547 0.12017532532910785 -0.8254436915711477
vn -0.7019821546273324 0.12017532679188415 -0.7019821546273324
vn -0.8254436915711477 0.12017532532910785 -0.5515438361793547
vn -0.9171838883093442 0.12017532598832087 -0.37990999730114133
vn -0.9736772191701257 0.12017532452971244 -0.19367644214852053
vn -0.9927526837268245 0.12017532589174768 -1.8236570614639727e-16
vn -0.9736772191701257 0.12017532452971244 0.19367644214852053
vn -0.9171838883093442 0.12017532598832087 0.37990999730114133
vn -0.8254436915711477 0.12017532532910785 0.5515438361793547
vn -0.7019821546273324 0.12017532679188415 0.7019821546273324
vn -0.5515438361793547 0.12017532532910785 0.8254436915711477
vn -0.37990999730114133 0.12017532598832087 0.9171838883093442
vn -0.19367644214852053 0.12017532452971244 0.9736772191701257
vn -2.43154283685123e-16 0.12017532589174768 0.9927526837268245
f 799/799/799 832/832/832 800/800/800
f 832/832/832 833/833/833 800/800/800
f 800/800/800 833/833/833 801/801/801
f 833/833/833 834/834/834 801/801/801
f 801/801/801 834/834/834 802/802/802
f 834/834/834 835/835/835 802/802/802
f 802/802/802 835/835/835 803/803/803
f 835/835/835 836/836/836 803/803/803
f 803/803/803 836/836/836 804/804/804
f 836/836/836 837/837/837 804/804/804
f 804/804/804 837/837/837 805/805/805
f 837/837/837 838/838/838 805/805/805
f 805/805/805 838/838/838 806/806/806
f 838/838/838 839/839/839 806/806/806
f 806/806/806 839/839/839 807/807/807
f 839/839/839 840/840/840 807/807/807
f 807/807/807 840/840/840 808/808/808
f 840/840/840 841/841/841 808/808/808
f 808/808/808 841/841/841 809/809/809
f 841/841/841 842/842/842 809/809/809
f 809/809/809 842/842/842 810/810/810
f 842/842/842 843/843/843 810/810/810
f 810/810/810 843/843/843 811/811/811
f 843/843/843 844/844/844 811/811/811
f 811/811/811 844/844/844 812/812/812
f 844/844/844 845/845/845 812/812/812
f 812/812/812 845/845/845 813/813/813
f 845/845/845 846/846/846 813/813/813
f 813/813/813 846/846/846 814/814/814
f 846/846/846 847/847/847 814/814/814
f 814/814/814 847/847/847 815/815/815
f 847/847/847 848/848/848 815/815/815
f 815/815/815 848/848/848 816/816/816
f 848/848/848 849/849/849 816/816/816
f 816/816/816 849/849/849 817/817/817
f 849/849/849 850/850/850 817/817/817
f 817/817/817 850/850/850 818/818/818
f 850/850/850 851/851/851 818/818/818
f 818/818/818 851/851/851 819/819/819
f 851/851/851 852/852/852 819/819/819
f 819/819/819 852/852/852 820/820/820
f 852/852/852 853/853/853 820/820/820
f 820/820/820 853/853/853 821/821/821
f 853/853/853 854/854/854 821/821/821
f 821/821/821 854/854/854 822/822/822
f 854/854/854 855/855/855 822/822/822
f 822/822/822 855/855/855 823/823/823
f 855/855/855 856/856/856 823/823/823
f 823/823/823 856/856/856 824/824/824
f 856/856/856 857/857/857 824/824/824
f 824/824/824 857/857/857 825/825/825
f 857/857/857 858/858/858 825/825/825
f 825/825/825 858/858/858 826/826/826
f 858/858/858 859/859/859 826/826/826
f 826/826/826 859/859/859 827/827/827
f 859/859/859 860/860/860 827/827/827
f 827/827/827 860/860/860 828/828/828
f 860/860/860 861/861/861 828/828/828
f 828/828/828 861/861/861 829/829/829
f 861/861/861 862/862/862 829/829/829
f 829/829/829 862/862/862 830/830/830
f 862/862/862 863/863/863 830/830/830
f 830/830/830 863/863/863 831/831/831
f 863/863/863 864/864/864 831/831/831
o merlin_throat_1
usemtl engine_metal
v 1.22 0.6999999940395355 0.20000000298023224
v 1.2717638102173805 0.6999999940395355 0.19318516552448273
v 1.320000001490116 0.6999999940395355 0.17320507764816284
v 1.3614213627576828 0.6999999940395355 0.1414213627576828
v 1.3932050776481628 0.6999999940395355 0.10000000149011612
v 1.4131851655244827 0.6999999940395355 0.051763810217380524
v 1.4200000029802322 0.6999999940395355 1.2246467698671066e-17
v 1.4131851655244827 0.6999999940395355 -0.051763810217380524
v 1.3932050776481628 0.6999999940395355 -0.10000000149011612
v 1.3614213627576828 0.6999999940395355 -0.1414213627576828
v 1.320000001490116 0.6999999940395355 -0.17320507764816284
v 1.2717638102173805 0.6999999940395355 -0.19318516552448273
v 1.22 0.6999999940395355 -0.20000000298023224
v 1.1682361897826194 0.6999999940395355 -0.19318516552448273
v 1.1199999985098839 0.6999999940395355 -0.17320507764816284
v 1.0785786372423172 0.6999999940395355 -0.1414213627576828
v 1.0467949223518371 0.6999999940395355 -0.10000000149011612
v 1.0268148344755172 0.6999999940395355 -0.051763810217380524
v 1.0199999970197677 0.6999999940395355 -3.6739405577555036e-17
v 1.0268148344755172 0.6999999940395355 0.051763810217380524
v 1.0467949223518371 0.6999999940395355 0.10000000149011612
v 1.0785786372423172 0.6999999940395355 0.1414213627576828
v 1.1199999985098839 0.6999999940395355 0.17320507764816284
v 1.1682361897826194 0.6999999940395355 0.19318516552448273
v 1.22 0.6999999940395355 0.20000000298023224
v 1.22 5.960464455334602e-9 0.3199999928474426
v 1.3028220918774605 5.960464455334602e-9 0.3090962767601013
v 1.3799999964237213 5.960464455334602e-9 0.277128130197525
v 1.446274162530899 5.960464455334602e-9 0.22627416253089905
v 1.497128130197525 5.960464455334602e-9 0.1599999964237213
v 1.5290962767601013 5.960464455334602e-9 0.08282209187746048
v 1.5399999928474426 5.960464455334602e-9 1.959434864874595e-17
v 1.5290962767601013 5.960464455334602e-9 -0.08282209187746048
v 1.497128130197525 5.960464455334602e-9 -0.1599999964237213
v 1.446274162530899 5.960464455334602e-9 -0.22627416253089905
v 1.3799999964237213 5.960464455334602e-9 -0.277128130197525
v 1.3028220918774605 5.960464455334602e-9 -0.3090962767601013
v 1.22 5.960464455334602e-9 -0.3199999928474426
v 1.1371779081225395 5.960464455334602e-9 -0.3090962767601013
v 1.0600000035762787 5.960464455334602e-9 -0.277128130197525
v 0.9937258374691009 5.960464455334602e-9 -0.22627416253089905
v 0.942871869802475 5.960464455334602e-9 -0.1599999964237213
v 0.9109037232398987 5.960464455334602e-9 -0.08282209187746048
v 0.9000000071525573 5.960464455334602e-9 -5.878304760059908e-17
v 0.9109037232398987 5.960464455334602e-9 0.08282209187746048
v 0.942871869802475 5.960464455334602e-9 0.1599999964237213
v 0.9937258374691009 5.960464455334602e-9 0.22627416253089905
v 1.0600000035762787 5.960464455334602e-9 0.277128130197525
v 1.1371779081225395 5.960464455334602e-9 0.3090962767601013
v 1.22 5.960464455334602e-9 0.3199999928474426
v 1.22 0.6999999940395355 0
v 1.22 0.6999999940395355 0
v 1.22 0.6999999940395355 0
v 1.22 0.6999999940395355 0
v 1.22 0.6999999940395355 0
v 1.22 0.6999999940395355 0
v 1.22 0.6999999940395355 0
v 1.22 0.6999999940395355 0
v 1.22 0.6999999940395355 0
v 1.22 0.6999999940395355 0
v 1.22 0.6999999940395355 0
v 1.22 0.6999999940395355 0
v 1.22 0.6999999940395355 0
v 1.22 0.6999999940395355 0
v 1.22 0.6999999940395355 0
v 1.22 0.6999999940395355 0
v 1.22 0.6999999940395355 0
v 1.22 0.6999999940395355 0
v 1.22 0.6999999940395355 0
v 1.22 0.6999999940395355 0
v 1.22 0.6999999940395355 0
v 1.22 0.6999999940395355 0
v 1.22 0.6999999940395355 0
v 1.22 0.6999999940395355 0
v 1.22 0.6999999940395355 0.20000000298023224
v 1.2717638102173805 0.6999999940395355 0.19318516552448273
v 1.320000001490116 0.6999999940395355 0.17320507764816284
v 1.3614213627576828 0.6999999940395355 0.1414213627576828
v 1.3932050776481628 0.6999999940395355 0.10000000149011612
v 1.4131851655244827 0.6999999940395355 0.051763810217380524
v 1.4200000029802322 0.6999999940395355 1.2246467698671066e-17
v 1.4131851655244827 0.6999999940395355 -0.051763810217380524
v 1.3932050776481628 0.6999999940395355 -0.10000000149011612
v 1.3614213627576828 0.6999999940395355 -0.1414213627576828
v 1.320000001490116 0.6999999940395355 -0.17320507764816284
v 1.2717638102173805 0.6999999940395355 -0.19318516552448273
v 1.22 0.6999999940395355 -0.20000000298023224
v 1.1682361897826194 0.6999999940395355 -0.19318516552448273
v 1.1199999985098839 0.6999999940395355 -0.17320507764816284
v 1.0785786372423172 0.6999999940395355 -0.1414213627576828
v 1.0467949223518371 0.6999999940395355 -0.10000000149011612
v 1.0268148344755172 0.6999999940395355 -0.051763810217380524
v 1.0199999970197677 0.6999999940395355 -3.6739405577555036e-17
v 1.0268148344755172 0.6999999940395355 0.051763810217380524
v 1.0467949223518371 0.6999999940395355 0.10000000149011612
v 1.0785786372423172 0.6999999940395355 0.1414213627576828
v 1.1199999985098839 0.6999999940395355 0.17320507764816284
v 1.1682361897826194 0.6999999940395355 0.19318516552448273
v 1.22 0.6999999940395355 0.20000000298023224
v 1.22 5.960464455334602e-9 0
v 1.22 5.960464455334602e-9 0
v 1.22 5.960464455334602e-9 0
v 1.22 5.960464455334602e-9 0
v 1.22 5.960464455334602e-9 0
v 1.22 5.960464455334602e-9 0
v 1.22 5.960464455334602e-9 0
v 1.22 5.960464455334602e-9 0
v 1.22 5.960464455334602e-9 0
v 1.22 5.960464455334602e-9 0
v 1.22 5.960464455334602e-9 0
v 1.22 5.960464455334602e-9 0
v 1.22 5.960464455334602e-9 0
v 1.22 5.960464455334602e-9 0
v 1.22 5.960464455334602e-9 0
v 1.22 5.960464455334602e-9 0
v 1.22 5.960464455334602e-9 0
v 1.22 5.960464455334602e-9 0
v 1.22 5.960464455334602e-9 0
v 1.22 5.960464455334602e-9 0
v 1.22 5.960464455334602e-9 0
v 1.22 5.960464455334602e-9 0
v 1.22 5.960464455334602e-9 0
v 1.22 5.960464455334602e-9 0
v 1.22 5.960464455334602e-9 0.3199999928474426
v 1.3028220918774605 5.960464455334602e-9 0.3090962767601013
v 1.3799999964237213 5.960464455334602e-9 0.277128130197525
v 1.446274162530899 5.960464455334602e-9 0.22627416253089905
v 1.497128130197525 5.960464455334602e-9 0.1599999964237213
v 1.5290962767601013 5.960464455334602e-9 0.08282209187746048
v 1.5399999928474426 5.960464455334602e-9 1.959434864874595e-17
v 1.5290962767601013 5.960464455334602e-9 -0.08282209187746048
v 1.497128130197525 5.960464455334602e-9 -0.1599999964237213
v 1.446274162530899 5.960464455334602e-9 -0.22627416253089905
v 1.3799999964237213 5.960464455334602e-9 -0.277128130197525
v 1.3028220918774605 5.960464455334602e-9 -0.3090962767601013
v 1.22 5.960464455334602e-9 -0.3199999928474426
v 1.1371779081225395 5.960464455334602e-9 -0.3090962767601013
v 1.0600000035762787 5.960464455334602e-9 -0.277128130197525
v 0.9937258374691009 5.960464455334602e-9 -0.22627416253089905
v 0.942871869802475 5.960464455334602e-9 -0.1599999964237213
v 0.9109037232398987 5.960464455334602e-9 -0.08282209187746048
v 0.9000000071525573 5.960464455334602e-9 -5.878304760059908e-17
v 0.9109037232398987 5.960464455334602e-9 0.08282209187746048
v 0.942871869802475 5.960464455334602e-9 0.1599999964237213
v 0.9937258374691009 5.960464455334602e-9 0.22627416253089905
v 1.0600000035762787 5.960464455334602e-9 0.277128130197525
v 1.1371779081225395 5.960464455334602e-9 0.3090962767601013
v 1.22 5.960464455334602e-9 0.3199999928474426
vt 0 1
vt 0.0416666679084301 1
vt 0.0833333358168602 1
vt 0.125 1
vt 0.1666666716337204 1
vt 0.2083333283662796 1
vt 0.25 1
vt 0.2916666567325592 1
vt 0.3333333432674408 1
vt 0.375 1
vt 0.4166666567325592 1
vt 0.4583333432674408 1
vt 0.5 1
vt 0.5416666865348816 1
vt 0.5833333134651184 1
vt 0.625 1
vt 0.6666666865348816 1
vt 0.7083333134651184 1
vt 0.75 1
vt 0.7916666865348816 1
vt 0.8333333134651184 1
vt 0.875 1
vt 0.9166666865348816 1
vt 0.9583333134651184 1
vt 1 1
vt 0 0
vt 0.0416666679084301 0
vt 0.0833333358168602 0
vt 0.125 0
vt 0.1666666716337204 0
vt 0.2083333283662796 0
vt 0.25 0
vt 0.2916666567325592 0
vt 0.3333333432674408 0
vt 0.375 0
vt 0.4166666567325592 0
vt 0.4583333432674408 0
vt 0.5 0
vt 0.5416666865348816 0
vt 0.5833333134651184 0
vt 0.625 0
vt 0.6666666865348816 0
vt 0.7083333134651184 0
vt 0.75 0
vt 0.7916666865348816 0
vt 0.8333333134651184 0
vt 0.875 0
vt 0.9166666865348816 0
vt 0.9583333134651184 0
vt 1 0
vt 0.5 0.5
vt 0.5 0.5
vt 0.5 0.5
vt 0.5 0.5
vt 0.5 0.5
vt 0.5 0.5
vt 0.5 0.5
vt 0.5 0.5
vt 0.5 0.5
vt 0.5 0.5
vt 0.5 0.5
vt 0.5 0.5
vt 0.5 0.5
vt 0.5 0.5
vt 0.5 0.5
vt 0.5 0.5
vt 0.5 0.5
vt 0.5 0.5
vt 0.5 0.5
vt 0.5 0.5
vt 0.5 0.5
vt 0.5 0.5
vt 0.5 0.5
vt 0.5 0.5
vt 1 0.5
vt 0.9829629063606262 0.6294095516204834
vt 0.9330127239227295 0.75
vt 0.8535534143447876 0.8535534143447876
vt 0.75 0.9330127239227295
vt 0.6294095516204834 0.9829629063606262
vt 0.5 1
vt 0.370590478181839 0.9829629063606262
vt 0.25 0.9330127239227295
vt 0.1464466154575348 0.8535534143447876
vt 0.0669872984290123 0.75
vt 0.017037086188793182 0.6294095516204834
vt 0 0.5
vt 0.017037086188793182 0.370590478181839
vt 0.0669872984290123 0.25
vt 0.1464466154575348 0.1464466154575348
vt 0.25 0.0669872984290123
vt 0.370590478181839 0.017037086188793182
vt 0.5 0
vt 0.6294095516204834 0.017037086188793182
vt 0.75 0.0669872984290123
vt 0.8535534143447876 0.1464466154575348
vt 0.9330127239227295 0.25
vt 0.9829629063606262 0.370590478181839
vt 1 0.5
vt 0.5 0.5
vt 0.5 0.5
vt 0.5 0.5
vt 0.5 0.5
vt 0.5 0.5
vt 0.5 0.5
vt 0.5 0.5
vt 0.5 0.5
vt 0.5 0.5
vt 0.5 0.5
vt 0.5 0.5
vt 0.5 0.5
vt 0.5 0.5
vt 0.5 0.5
vt 0.5 0.5
vt 0.5 0.5
vt 0.5 0.5
vt 0.5 0.5
vt 0.5 0.5
vt 0.5 0.5
vt 0.5 0.5
vt 0.5 0.5
vt 0.5 0.5
vt 0.5 0.5
vt 1 0.5
vt 0.9829629063606262 0.370590478181839
vt 0.9330127239227295 0.25
vt 0.8535534143447876 0.1464466154575348
vt 0.75 0.0669872984290123
vt 0.6294095516204834 0.017037086188793182
vt 0.5 0
vt 0.370590478181839 0.017037086188793182
vt 0.25 0.0669872984290123
vt 0.1464466154575348 0.1464466154575348
vt 0.0669872984290123 0.25
vt 0.017037086188793182 0.370590478181839
vt 0 0.5
vt 0.017037086188793182 0.6294095516204834
vt 0.0669872984290123 0.75
vt 0.1464466154575348 0.8535534143447876
vt 0.25 0.9330127239227295
vt 0.370590478181839 0.9829629063606262
vt 0.5 1
vt 0.6294095516204834 0.9829629063606262
vt 0.75 0.9330127239227295
vt 0.8535534143447876 0.8535534143447876
vt 0.9330127239227295 0.75
vt 0.9829629063606262 0.6294095516204834
vt 1 0.5
vn 0 0.16896382420988967 0.9856222532534306
vn 0.25509780673174526 0.1689638199263626 0.9520379911308923
vn 0.49281111356139395 0.16896381973035068 0.8535739182827158
vn 0.6969401796234542 0.16896381876855981 0.6969401796234542
vn 0.8535739182827158 0.16896381973035068 0.49281111356139395
vn 0.9520379911308923 0.1689638199263626 0.25509780673174526
vn 0.9856222532534306 0.16896382420988967 6.035195935551298e-17
vn 0.9520379911308923 0.1689638199263626 -0.25509780673174526
vn 0.8535739182827158 0.16896381973035068 -0.49281111356139395
vn 0.6969401796234542 0.16896381876855981 -0.6969401796234542
vn 0.49281111356139395 0.16896381973035068 -0.8535739182827158
vn 0.25509780673174526 0.1689638199263626 -0.9520379911308923
vn 1.2070391871102596e-16 0.16896382420988967 -0.9856222532534306
vn -0.25509780673174526 0.1689638199263626 -0.9520379911308923
vn -0.49281111356139395 0.16896381973035068 -0.8535739182827158
vn -0.6969401796234542 0.16896381876855981 -0.6969401796234542
vn -0.8535739182827158 0.16896381973035068 -0.49281111356139395
vn -0.9520379911308923 0.1689638199263626 -0.25509780673174526
vn -0.9856222532534306 0.16896382420988967 -1.8105587806653895e-16
vn -0.9520379911308923 0.1689638199263626 0.25509780673174526
vn -0.8535739182827158 0.16896381973035068 0.49281111356139395
vn -0.6969401796234542 0.16896381876855981 0.6969401796234542
vn -0.49281111356139395 0.16896381973035068 0.8535739182827158
vn -0.25509780673174526 0.1689638199263626 0.9520379911308923
vn -2.414078374220519e-16 0.16896382420988967 0.9856222532534306
vn 0 0.16896382420988967 0.9856222532534306
vn 0.25509780673174526 0.1689638199263626 0.9520379911308923
vn 0.49281111356139395 0.16896381973035068 0.8535739182827158
vn 0.6969401796234542 0.16896381876855981 0.6969401796234542
vn 0.8535739182827158 0.16896381973035068 0.49281111356139395
vn 0.9520379911308923 0.1689638199263626 0.25509780673174526
vn 0.9856222532534306 0.16896382420988967 6.035195935551298e-17
vn 0.9520379911308923 0.1689638199263626 -0.25509780673174526
vn 0.8535739182827158 0.16896381973035068 -0.49281111356139395
vn 0.6969401796234542 0.16896381876855981 -0.6969401796234542
vn 0.49281111356139395 0.16896381973035068 -0.8535739182827158
vn 0.25509780673174526 0.1689638199263626 -0.9520379911308923
vn 1.2070391871102596e-16 0.16896382420988967 -0.9856222532534306
vn -0.25509780673174526 0.1689638199263626 -0.9520379911308923
vn -0.49281111356139395 0.16896381973035068 -0.8535739182827158
vn -0.6969401796234542 0.16896381876855981 -0.6969401796234542
vn -0.8535739182827158 0.16896381973035068 -0.49281111356139395
vn -0.9520379911308923 0.1689638199263626 -0.25509780673174526
vn -0.9856222532534306 0.16896382420988967 -1.8105587806653895e-16
vn -0.9520379911308923 0.1689638199263626 0.25509780673174526
vn -0.8535739182827158 0.16896381973035068 0.49281111356139395
vn -0.6969401796234542 0.16896381876855981 0.6969401796234542
vn -0.49281111356139395 0.16896381973035068 0.8535739182827158
vn -0.25509780673174526 0.1689638199263626 0.9520379911308923
vn -2.414078374220519e-16 0.16896382420988967 0.9856222532534306
vn 0 1 0
vn 0 1 0
vn 0 1 0
vn 0 1 0
vn 0 1 0
vn 0 1 0
vn 0 1 0
vn 0 1 0
vn 0 1 0
vn 0 1 0
vn 0 1 0
vn 0 1 0
vn 0 1 0
vn 0 1 0
vn 0 1 0
vn 0 1 0
vn 0 1 0
vn 0 1 0
vn 0 1 0
vn 0 1 0
vn 0 1 0
vn 0 1 0
vn 0 1 0
vn 0 1 0
vn 0 1 0
vn 0 1 0
vn 0 1 0
vn 0 1 0
vn 0 1 0
vn 0 1 0
vn 0 1 0
vn 0 1 0
vn 0 1 0
vn 0 1 0
vn 0 1 0
vn 0 1 0
vn 0 1 0
vn 0 1 0
vn 0 1 0
vn 0 1 0
vn 0 1 0
vn 0 1 0
vn 0 1 0
vn 0 1 0
vn 0 1 0
vn 0 1 0
vn 0 1 0
vn 0 1 0
vn 0 1 0
vn 0 -1 0
vn 0 -1 0
vn 0 -1 0
vn 0 -1 0
vn 0 -1 0
vn 0 -1 0
vn 0 -1 0
vn 0 -1 0
vn 0 -1 0
vn 0 -1 0
vn 0 -1 0
vn 0 -1 0
vn 0 -1 0
vn 0 -1 0
vn 0 -1 0
vn 0 -1 0
vn 0 -1 0
vn 0 -1 0
vn 0 -1 0
vn 0 -1 0
vn 0 -1 0
vn 0 -1 0
vn 0 -1 0
vn 0 -1 0
vn 0 -1 0
vn 0 -1 0
vn 0 -1 0
vn 0 -1 0
vn 0 -1 0
vn 0 -1 0
vn 0 -1 0
vn 0 -1 0
vn 0 -1 0
vn 0 -1 0
vn 0 -1 0
vn 0 -1 0
vn 0 -1 0
vn 0 -1 0
vn 0 -1 0
vn 0 -1 0
vn 0 -1 0
vn 0 -1 0
vn 0 -1 0
vn 0 -1 0
vn 0 -1 0
vn 0 -1 0
vn 0 -1 0
vn 0 -1 0
vn 0 -1 0
f 865/865/865 890/890/890 866/866/866
f 890/890/890 891/891/891 866/866/866
f 866/866/866 891/891/891 867/867/867
f 891/891/891 892/892/892 867/867/867
f 867/867/867 892/892/892 868/868/868
f 892/892/892 893/893/893 868/868/868
f 868/868/868 893/893/893 869/869/869
f 893/893/893 894/894/894 869/869/869
f 869/869/869 894/894/894 870/870/870
f 894/894/894 895/895/895 870/870/870
f 870/870/870 895/895/895 871/871/871
f 895/895/895 896/896/896 871/871/871
f 871/871/871 896/896/896 872/872/872
f 896/896/896 897/897/897 872/872/872
f 872/872/872 897/897/897 873/873/873
f 897/897/897 898/898/898 873/873/873
f 873/873/873 898/898/898 874/874/874
f 898/898/898 899/899/899 874/874/874
f 874/874/874 899/899/899 875/875/875
f 899/899/899 900/900/900 875/875/875
f 875/875/875 900/900/900 876/876/876
f 900/900/900 901/901/901 876/876/876
f 876/876/876 901/901/901 877/877/877
f 901/901/901 902/902/902 877/877/877
f 877/877/877 902/902/902 878/878/878
f 902/902/902 903/903/903 878/878/878
f 878/878/878 903/903/903 879/879/879
f 903/903/903 904/904/904 879/879/879
f 879/879/879 904/904/904 880/880/880
f 904/904/904 905/905/905 880/880/880
f 880/880/880 905/905/905 881/881/881
f 905/905/905 906/906/906 881/881/881
f 881/881/881 906/906/906 882/882/882
f 906/906/906 907/907/907 882/882/882
f 882/882/882 907/907/907 883/883/883
f 907/907/907 908/908/908 883/883/883
f 883/883/883 908/908/908 884/884/884
f 908/908/908 909/909/909 884/884/884
f 884/884/884 909/909/909 885/885/885
f 909/909/909 910/910/910 885/885/885
f 885/885/885 910/910/910 886/886/886
f 910/910/910 911/911/911 886/886/886
f 886/886/886 911/911/911 887/887/887
f 911/911/911 912/912/912 887/887/887
f 887/887/887 912/912/912 888/888/888
f 912/912/912 913/913/913 888/888/888
f 888/888/888 913/913/913 889/889/889
f 913/913/913 914/914/914 889/889/889
f 939/939/939 940/940/940 915/915/915
f 940/940/940 941/941/941 916/916/916
f 941/941/941 942/942/942 917/917/917
f 942/942/942 943/943/943 918/918/918
f 943/943/943 944/944/944 919/919/919
f 944/944/944 945/945/945 920/920/920
f 945/945/945 946/946/946 921/921/921
f 946/946/946 947/947/947 922/922/922
f 947/947/947 948/948/948 923/923/923
f 948/948/948 949/949/949 924/924/924
f 949/949/949 950/950/950 925/925/925
f 950/950/950 951/951/951 926/926/926
f 951/951/951 952/952/952 927/927/927
f 952/952/952 953/953/953 928/928/928
f 953/953/953 954/954/954 929/929/929
f 954/954/954 955/955/955 930/930/930
f 955/955/955 956/956/956 931/931/931
f 956/956/956 957/957/957 932/932/932
f 957/957/957 958/958/958 933/933/933
f 958/958/958 959/959/959 934/934/934
f 959/959/959 960/960/960 935/935/935
f 960/960/960 961/961/961 936/936/936
f 961/961/961 962/962/962 937/937/937
f 962/962/962 963/963/963 938/938/938
f 989/989/989 988/988/988 964/964/964
f 990/990/990 989/989/989 965/965/965
f 991/991/991 990/990/990 966/966/966
f 992/992/992 991/991/991 967/967/967
f 993/993/993 992/992/992 968/968/968
f 994/994/994 993/993/993 969/969/969
f 995/995/995 994/994/994 970/970/970
f 996/996/996 995/995/995 971/971/971
f 997/997/997 996/996/996 972/972/972
f 998/998/998 997/997/997 973/973/973
f 999/999/999 998/998/998 974/974/974
f 1000/1000/1000 999/999/999 975/975/975
f 1001/1001/1001 1000/1000/1000 976/976/976
f 1002/1002/1002 1001/1001/1001 977/977/977
f 1003/1003/1003 1002/1002/1002 978/978/978
f 1004/1004/1004 1003/1003/1003 979/979/979
f 1005/1005/1005 1004/1004/1004 980/980/980
f 1006/1006/1006 1005/1005/1005 981/981/981
f 1007/1007/1007 1006/1006/1006 982/982/982
f 1008/1008/1008 1007/1007/1007 983/983/983
f 1009/1009/1009 1008/1008/1008 984/984/984
f 1010/1010/1010 1009/1009/1009 985/985/985
f 1011/1011/1011 1010/1010/1010 986/986/986
f 1012/1012/1012 1011/1011/1011 987/987/987
o merlin_nozzle_2
usemtl nozzle_soot
v 0.862670273047588 -1.1920928910669204e-8 1.1826702658950305
v 0.9250991758822419 -1.1920928910669204e-8 1.1765215699492908
v 0.9851289694129445 -1.1920928910669204e-8 1.1583117251216388
v 1.0404527489959219 -1.1920928910669204e-8 1.1287405495463825
v 1.0889444355784872 -1.1920928910669204e-8 1.088944435578487
v 1.1287405495463827 -1.1920928910669204e-8 1.0404527489959217
v 1.158311725121639 -1.1920928910669204e-8 0.9851289694129444
v 1.176521569949291 -1.1920928910669204e-8 0.9250991758822418
v 1.1826702658950308 -1.1920928910669204e-8 0.8626702730475879
v 1.176521569949291 -1.1920928910669204e-8 0.8002413702129341
v 1.158311725121639 -1.1920928910669204e-8 0.7402115766822315
v 1.1287405495463827 -1.1920928910669204e-8 0.6848877970992542
v 1.0889444355784872 -1.1920928910669204e-8 0.6363961105166889
v 1.0404527489959219 -1.1920928910669204e-8 0.5965999965487934
v 0.9851289694129445 -1.1920928910669204e-8 0.567028820973537
v 0.9250991758822419 -1.1920928910669204e-8 0.548818976145885
v 0.862670273047588 -1.1920928910669204e-8 0.5426702802001453
v 0.8002413702129342 -1.1920928910669204e-8 0.548818976145885
v 0.7402115766822316 -1.1920928910669204e-8 0.567028820973537
v 0.6848877970992543 -1.1920928910669204e-8 0.5965999965487934
v 0.636396110516689 -1.1920928910669204e-8 0.6363961105166889
v 0.5965999965487935 -1.1920928910669204e-8 0.6848877970992542
v 0.5670288209735371 -1.1920928910669204e-8 0.7402115766822315
v 0.5488189761458852 -1.1920928910669204e-8 0.8002413702129341
v 0.5426702802001454 -1.1920928910669204e-8 0.8626702730475878
v 0.5488189761458852 -1.1920928910669204e-8 0.9250991758822418
v 0.5670288209735371 -1.1920928910669204e-8 0.9851289694129444
v 0.5965999965487935 -1.1920928910669204e-8 1.0404527489959217
v 0.636396110516689 -1.1920928910669204e-8 1.088944435578487
v 0.6848877970992543 -1.1920928910669204e-8 1.1287405495463825
v 0.7402115766822316 -1.1920928910669204e-8 1.1583117251216388
v 0.8002413702129342 -1.1920928910669204e-8 1.1765215699492908
v 0.8626702730475879 -1.1920928910669204e-8 1.1826702658950305
v 0.862670273047588 -1.899999988079071 1.4126702849685169
v 0.9699699510752179 -1.899999988079071 1.4021022026359058
v 1.0731461648761251 -1.899999988079071 1.3708040420829273
v 1.1682339017211416 -1.899999988079071 1.319978565436504
v 1.2515790169059255 -1.899999988079071 1.2515790169059253
v 1.3199785654365042 -1.899999988079071 1.1682339017211414
v 1.3708040420829275 -1.899999988079071 1.073146164876125
v 1.402102202635906 -1.899999988079071 0.9699699510752178
v 1.412670284968517 -1.899999988079071 0.8626702730475879
v 1.402102202635906 -1.899999988079071 0.7553705950199581
v 1.3708040420829275 -1.899999988079071 0.6521943812190509
v 1.3199785654365042 -1.899999988079071 0.5571066443740345
v 1.2515790169059255 -1.899999988079071 0.4737615291892505
v 1.1682339017211416 -1.899999988079071 0.4053619806586719
v 1.0731461648761251 -1.899999988079071 0.35453650401224857
v 0.9699699510752179 -1.899999988079071 0.32323834345927005
v 0.8626702730475881 -1.899999988079071 0.31267026112665897
v 0.7553705950199582 -1.899999988079071 0.32323834345927005
v 0.652194381219051 -1.899999988079071 0.35453650401224857
v 0.5571066443740346 -1.899999988079071 0.4053619806586719
v 0.47376152918925063 -1.899999988079071 0.4737615291892505
v 0.405361980658672 -1.899999988079071 0.5571066443740345
v 0.3545365040122487 -1.899999988079071 0.6521943812190509
v 0.32323834345927016 -1.899999988079071 0.7553705950199581
v 0.3126702611266591 -1.899999988079071 0.8626702730475878
v 0.32323834345927016 -1.899999988079071 0.9699699510752178
v 0.3545365040122487 -1.899999988079071 1.073146164876125
v 0.405361980658672 -1.899999988079071 1.1682339017211414
v 0.47376152918925063 -1.899999988079071 1.2515790169059253
v 0.5571066443740346 -1.899999988079071 1.319978565436504
v 0.652194381219051 -1.899999988079071 1.3708040420829273
v 0.7553705950199582 -1.899999988079071 1.4021022026359058
v 0.8626702730475879 -1.899999988079071 1.4126702849685169
vt 0 1
vt 0.03125 1
vt 0.0625 1
vt 0.09375 1
vt 0.125 1
vt 0.15625 1
vt 0.1875 1
vt 0.21875 1
vt 0.25 1
vt 0.28125 1
vt 0.3125 1
vt 0.34375 1
vt 0.375 1
vt 0.40625 1
vt 0.4375 1
vt 0.46875 1
vt 0.5 1
vt 0.53125 1
vt 0.5625 1
vt 0.59375 1
vt 0.625 1
vt 0.65625 1
vt 0.6875 1
vt 0.71875 1
vt 0.75 1
vt 0.78125 1
vt 0.8125 1
vt 0.84375 1
vt 0.875 1
vt 0.90625 1
vt 0.9375 1
vt 0.96875 1
vt 1 1
vt 0 0
vt 0.03125 0
vt 0.0625 0
vt 0.09375 0
vt 0.125 0
vt 0.15625 0
vt 0.1875 0
vt 0.21875 0
vt 0.25 0
vt 0.28125 0
vt 0.3125 0
vt 0.34375 0
vt 0.375 0
vt 0.40625 0
vt 0.4375 0
vt 0.46875 0
vt 0.5 0
vt 0.53125 0
vt 0.5625 0
vt 0.59375 0
vt 0.625 0
vt 0.65625 0
vt 0.6875 0
vt 0.71875 0
vt 0.75 0
vt 0.78125 0
vt 0.8125 0
vt 0.84375 0
vt 0.875 0
vt 0.90625 0
vt 0.9375 0
vt 0.96875 0
vt 1 0
vn 0 0.12017532589174768 0.9927526837268245
vn 0.19367644214852053 0.12017532452971244 0.9736772191701257
vn 0.37990999730114133 0.12017532598832087 0.9171838883093442
vn 0.5515438361793547 0.12017532532910785 0.8254436915711477
vn 0.7019821546273324 0.12017532679188415 0.7019821546273324
vn 0.8254436915711477 0.12017532532910785 0.5515438361793547
vn 0.9171838883093442 0.12017532598832087 0.37990999730114133
vn 0.9736772191701257 0.12017532452971244 0.19367644214852053
vn 0.9927526837268245 0.12017532589174768 6.078857092128074e-17
vn 0.9736772191701257 0.12017532452971244 -0.19367644214852053
vn 0.9171838883093442 0.12017532598832087 -0.37990999730114133
vn 0.8254436915711477 0.12017532532910785 -0.5515438361793547
vn 0.7019821546273324 0.12017532679188415 -0.7019821546273324
vn 0.5515438361793547 0.12017532532910785 -0.8254436915711477
vn 0.37990999730114133 0.12017532598832087 -0.9171838883093442
vn 0.19367644214852053 0.12017532452971244 -0.9736772191701257
vn 1.215771418425615e-16 0.12017532589174768 -0.9927526837268245
vn -0.19367644214852053 0.12017532452971244 -0.9736772191701257
vn -0.37990999730114133 0.12017532598832087 -0.9171838883093442
vn -0.5515438361793547 0.12017532532910785 -0.8254436915711477
vn -0.7019821546273324 0.12017532679188415 -0.7019821546273324
vn -0.8254436915711477 0.12017532532910785 -0.5515438361793547
vn -0.9171838883093442 0.12017532598832087 -0.37990999730114133
vn -0.9736772191701257 0.12017532452971244 -0.19367644214852053
vn -0.9927526837268245 0.12017532589174768 -1.8236570614639727e-16
vn -0.9736772191701257 0.12017532452971244 0.19367644214852053
vn -0.9171838883093442 0.12017532598832087 0.37990999730114133
vn -0.8254436915711477 0.12017532532910785 0.5515438361793547
vn -0.7019821546273324 0.12017532679188415 0.7019821546273324
vn -0.5515438361793547 0.12017532532910785 0.8254436915711477
vn -0.37990999730114133 0.12017532598832087 0.9171838883093442
vn -0.19367644214852053 0.12017532452971244 0.9736772191701257
vn -2.43154283685123e-16 0.12017532589174768 0.9927526837268245
vn 0 0.12017532589174768 0.9927526837268245
vn 0.19367644214852053 0.12017532452971244 0.9736772191701257
vn 0.37990999730114133 0.12017532598832087 0.9171838883093442
vn 0.5515438361793547 0.12017532532910785 0.8254436915711477
vn 0.7019821546273324 0.12017532679188415 0.7019821546273324
vn 0.8254436915711477 0.12017532532910785 0.5515438361793547
vn 0.9171838883093442 0.12017532598832087 0.37990999730114133
vn 0.9736772191701257 0.12017532452971244 0.19367644214852053
vn 0.9927526837268245 0.12017532589174768 6.078857092128074e-17
vn 0.9736772191701257 0.12017532452971244 -0.19367644214852053
vn 0.9171838883093442 0.12017532598832087 -0.37990999730114133
vn 0.8254436915711477 0.12017532532910785 -0.5515438361793547
vn 0.7019821546273324 0.12017532679188415 -0.7019821546273324
vn 0.5515438361793547 0.12017532532910785 -0.8254436915711477
vn 0.37990999730114133 0.12017532598832087 -0.9171838883093442
vn 0.19367644214852053 0.12017532452971244 -0.9736772191701257
vn 1.215771418425615e-16 0.12017532589174768 -0.9927526837268245
vn -0.19367644214852053 0.12017532452971244 -0.9736772191701257
vn -0.37990999730114133 0.12017532598832087 -0.9171838883093442
vn -0.5515438361793547 0.12017532532910785 -0.8254436915711477
vn -0.7019821546273324 0.12017532679188415 -0.7019821546273324
vn -0.8254436915711477 0.12017532532910785 -0.5515438361793547
vn -0.9171838883093442 0.12017532598832087 -0.37990999730114133
vn -0.9736772191701257 0.12017532452971244 -0.19367644214852053
vn -0.9927526837268245 0.12017532589174768 -1.8236570614639727e-16
vn -0.9736772191701257 0.12017532452971244 0.19367644214852053
vn -0.9171838883093442 0.12017532598832087 0.37990999730114133
vn -0.8254436915711477 0.12017532532910785 0.5515438361793547
vn -0.7019821546273324 0.12017532679188415 0.7019821546273324
vn -0.5515438361793547 0.12017532532910785 0.8254436915711477
vn -0.37990999730114133 0.12017532598832087 0.9171838883093442
vn -0.19367644214852053 0.12017532452971244 0.9736772191701257
vn -2.43154283685123e-16 0.12017532589174768 0.9927526837268245
f 1013/1013/1013 1046/1046/1046 1014/1014/1014
f 1046/1046/1046 1047/1047/1047 1014/1014/1014
f 1014/1014/1014 1047/1047/1047 1015/1015/1015
f 1047/1047/1047 1048/1048/1048 1015/1015/1015
f 1015/1015/1015 1048/1048/1048 1016/1016/1016
f 1048/1048/1048 1049/1049/1049 1016/1016/1016
f 1016/1016/1016 1049/1049/1049 1017/1017/1017
f 1049/1049/1049 1050/1050/1050 1017/1017/1017
f 1017/1017/1017 1050/1050/1050 1018/1018/1018
f 1050/1050/1050 1051/1051/1051 1018/1018/1018
f 1018/1018/1018 1051/1051/1051 1019/1019/1019
f 1051/1051/1051 1052/1052/1052 1019/1019/1019
f 1019/1019/1019 1052/1052/1052 1020/1020/1020
f 1052/1052/1052 1053/1053/1053 1020/1020/1020
f 1020/1020/1020 1053/1053/1053 1021/1021/1021
f 1053/1053/1053 1054/1054/1054 1021/1021/1021
f 1021/1021/1021 1054/1054/1054 1022/1022/1022
f 1054/1054/1054 1055/1055/1055 1022/1022/1022
f 1022/1022/1022 1055/1055/1055 1023/1023/1023
f 1055/1055/1055 1056/1056/1056 1023/1023/1023
f 1023/1023/1023 1056/1056/1056 1024/1024/1024
f 1056/1056/1056 1057/1057/1057 1024/1024/1024
f 1024/1024/1024 1057/1057/1057 1025/1025/1025
f 1057/1057/1057 1058/1058/1058 1025/1025/1025
f 1025/1025/1025 1058/1058/1058 1026/1026/1026
f 1058/1058/1058 1059/1059/1059 1026/1026/1026
f 1026/1026/1026 1059/1059/1059 1027/1027/1027
f 1059/1059/1059 1060/1060/1060 1027/1027/1027
f 1027/1027/1027 1060/1060/1060 1028/1028/1028
f 1060/1060/1060 1061/1061/1061 1028/1028/1028
f 1028/1028/1028 1061/1061/1061 1029/1029/1029
f 1061/1061/1061 1062/1062/1062 1029/1029/1029
f 1029/1029/1029 1062/1062/1062 1030/1030/1030
f 1062/1062/1062 1063/1063/1063 1030/1030/1030
f 1030/1030/1030 1063/1063/1063 1031/1031/1031
f 1063/1063/1063 1064/1064/1064 1031/1031/1031
f 1031/1031/1031 1064/1064/1064 1032/1032/1032
f 1064/1064/1064 1065/1065/1065 1032/1032/1032
f 1032/1032/1032 1065/1065/1065 1033/1033/1033
f 1065/1065/1065 1066/1066/1066 1033/1033/1033
f 1033/1033/1033 1066/1066/1066 1034/1034/1034
f 1066/1066/1066 1067/1067/1067 1034/1034/1034
f 1034/1034/1034 1067/1067/1067 1035/1035/1035
f 1067/1067/1067 1068/1068/1068 1035/1035/1035
f 1035/1035/1035 1068/1068/1068 1036/1036/1036
f 1068/1068/1068 1069/1069/1069 1036/1036/1036
f 1036/1036/1036 1069/1069/1069 1037/1037/1037
f 1069/1069/1069 1070/1070/1070 1037/1037/1037
f 1037/1037/1037 1070/1070/1070 1038/1038/1038
f 1070/1070/1070 1071/1071/1071 1038/1038/1038
f 1038/1038/1038 1071/1071/1071 1039/1039/1039
f 1071/1071/1071 1072/1072/1072 1039/1039/1039
f 1039/1039/1039 1072/1072/1072 1040/1040/1040
f 1072/1072/1072 1073/1073/1073 1040/1040/1040
f 1040/1040/1040 1073/1073/1073 1041/1041/1041
f 1073/1073/1073 1074/1074/1074 1041/1041/1041
f 1041/1041/1041 1074/1074/1074 1042/1042/1042
f 1074/1074/1074 1075/1075/1075 1042/1042/1042
f 1042/1042/1042 1075/1075/1075 1043/1043/1043
f 1075/1075/1075 1076/1076/1076 1043/1043/1043
f 1043/1043/1043 1076/1076/1076 1044/1044/1044
f 1076/1076/1076 1077/1077/1077 1044/1044/1044
f 1044/1044/1044 1077/1077/1077 1045/1045/1045
f 1077/1077/1077 1078/1078/1078 1045/1045/1045
o merlin_throat_2
usemtl engine_metal
v 0.862670273047588 0.6999999940395355 1.0626702760278202
v 0.9144340832649686 0.6999999940395355 1.0558554385720706
v 0.9626702745377042 0.6999999940395355 1.0358753506957508
v 1.004091635805271 0.6999999940395355 1.0040916358052707
v 1.035875350695751 0.6999999940395355 0.962670274537704
v 1.0558554385720709 0.6999999940395355 0.9144340832649684
v 1.0626702760278204 0.6999999940395355 0.8626702730475879
v 1.0558554385720709 0.6999999940395355 0.8109064628302074
v 1.035875350695751 0.6999999940395355 0.7626702715574718
v 1.004091635805271 0.6999999940395355 0.7212489102899051
v 0.9626702745377042 0.6999999940395355 0.6894651953994251
v 0.9144340832649686 0.6999999940395355 0.6694851075231052
v 0.862670273047588 0.6999999940395355 0.6626702700673557
v 0.8109064628302075 0.6999999940395355 0.6694851075231052
v 0.7626702715574719 0.6999999940395355 0.6894651953994251
v 0.7212489102899052 0.6999999940395355 0.7212489102899051
v 0.6894651953994252 0.6999999940395355 0.7626702715574718
v 0.6694851075231053 0.6999999940395355 0.8109064628302074
v 0.6626702700673558 0.6999999940395355 0.8626702730475879
v 0.6694851075231053 0.6999999940395355 0.9144340832649684
v 0.6894651953994252 0.6999999940395355 0.962670274537704
v 0.7212489102899052 0.6999999940395355 1.0040916358052707
v 0.7626702715574719 0.6999999940395355 1.0358753506957508
v 0.8109064628302075 0.6999999940395355 1.0558554385720706
v 0.862670273047588 0.6999999940395355 1.0626702760278202
v 0.862670273047588 5.960464455334602e-9 1.1826702658950305
v 0.9454923649250485 5.960464455334602e-9 1.1717665498076892
v 1.0226702694713095 5.960464455334602e-9 1.139798403245113
v 1.0889444355784872 5.960464455334602e-9 1.088944435578487
v 1.1397984032451132 5.960464455334602e-9 1.0226702694713092
v 1.1717665498076895 5.960464455334602e-9 0.9454923649250484
v 1.1826702658950308 5.960464455334602e-9 0.8626702730475879
v 1.1717665498076895 5.960464455334602e-9 0.7798481811701274
v 1.1397984032451132 5.960464455334602e-9 0.7026702766238666
v 1.0889444355784872 5.960464455334602e-9 0.6363961105166889
v 1.0226702694713095 5.960464455334602e-9 0.5855421428500629
v 0.9454923649250485 5.960464455334602e-9 0.5535739962874866
v 0.862670273047588 5.960464455334602e-9 0.5426702802001453
v 0.7798481811701276 5.960464455334602e-9 0.5535739962874866
v 0.7026702766238667 5.960464455334602e-9 0.5855421428500629
v 0.636396110516689 5.960464455334602e-9 0.6363961105166889
v 0.585542142850063 5.960464455334602e-9 0.7026702766238666
v 0.5535739962874867 5.960464455334602e-9 0.7798481811701274
v 0.5426702802001454 5.960464455334602e-9 0.8626702730475878
v 0.5535739962874867 5.960464455334602e-9 0.9454923649250484
v 0.585542142850063 5.960464455334602e-9 1.0226702694713092
v 0.636396110516689 5.960464455334602e-9 1.088944435578487
v 0.7026702766238667 5.960464455334602e-9 1.139798403245113
v 0.7798481811701276 5.960464455334602e-9 1.1717665498076892
v 0.8626702730475879 5.960464455334602e-9 1.1826702658950305
v 0.862670273047588 0.6999999940395355 0.8626702730475879
v 0.862670273047588 0.6999999940395355 0.8626702730475879
v 0.862670273047588 0.6999999940395355 0.8626702730475879
v 0.862670273047588 0.6999999940395355 0.8626702730475879
v 0.862670273047588 0.6999999940395355 0.8626702730475879
v 0.862670273047588 0.6999999940395355 0.8626702730475879
v 0.862670273047588 0.6999999940395355 0.8626702730475879
v 0.862670273047588 0.6999999940395355 0.8626702730475879
v 0.862670273047588 0.6999999940395355 0.8626702730475879
v 0.862670273047588 0.6999999940395355 0.8626702730475879
v 0.862670273047588 0.6999999940395355 0.8626702730475879
v 0.862670273047588 0.6999999940395355 0.8626702730475879
v 0.862670273047588 0.6999999940395355 0.8626702730475879
v 0.862670273047588 0.6999999940395355 0.8626702730475879
v 0.862670273047588 0.6999999940395355 0.8626702730475879
v 0.862670273047588 0.6999999940395355 0.8626702730475879
v 0.862670273047588 0.6999999940395355 0.8626702730475879
v 0.862670273047588 0.6999999940395355 0.8626702730475879
v 0.862670273047588 0.6999999940395355 0.8626702730475879
v 0.862670273047588 0.6999999940395355 0.8626702730475879
v 0.862670273047588 0.6999999940395355 0.8626702730475879
v 0.862670273047588 0.6999999940395355 0.8626702730475879
v 0.862670273047588 0.6999999940395355 0.8626702730475879
v 0.862670273047588 0.6999999940395355 0.8626702730475879
v 0.862670273047588 0.6999999940395355 1.0626702760278202
v 0.9144340832649686 0.6999999940395355 1.0558554385720706
v 0.9626702745377042 0.6999999940395355 1.0358753506957508
v 1.004091635805271 0.6999999940395355 1.0040916358052707
v 1.035875350695751 0.6999999940395355 0.962670274537704
v 1.0558554385720709 0.6999999940395355 0.9144340832649684
v 1.0626702760278204 0.6999999940395355 0.8626702730475879
v 1.0558554385720709 0.6999999940395355 0.8109064628302074
v 1.035875350695751 0.6999999940395355 0.7626702715574718
v 1.004091635805271 0.6999999940395355 0.7212489102899051
v 0.9626702745377042 0.6999999940395355 0.6894651953994251
v 0.9144340832649686 0.6999999940395355 0.6694851075231052
v 0.862670273047588 0.6999999940395355 0.6626702700673557
v 0.8109064628302075 0.6999999940395355 0.6694851075231052
v 0.7626702715574719 0.6999999940395355 0.6894651953994251
v 0.7212489102899052 0.6999999940395355 0.7212489102899051
v 0.6894651953994252 0.6999999940395355 0.7626702715574718
v 0.6694851075231053 0.6999999940395355 0.8109064628302074
v 0.6626702700673558 0.6999999940395355 0.8626702730475879
v 0.6694851075231053 0.6999999940395355 0.9144340832649684
v 0.6894651953994252 0.6999999940395355 0.962670274537704
v 0.7212489102899052 0.6999999940395355 1.0040916358052707
v 0.7626702715574719 0.6999999940395355 1.0358753506957508
v 0.8109064628302075 0.6999999940395355 1.0558554385720706
v 0.862670273047588 0.6999999940395355 1.0626702760278202
v 0.862670273047588 5.960464455334602e-9 0.8626702730475879
v 0.862670273047588 5.960464455334602e-9 0.8626702730475879
v 0.862670273047588 5.960464455334602e-9 0.8626702730475879
v 0.862670273047588 5.960464455334602e-9 0.8626702730475879
v 0.862670273047588 5.960464455334602e-9 0.8626702730475879
v 0.862670273047588 5.960464455334602e-9 0.8626702730475879
v 0.862670273047588 5.960464455334602e-9 0.8626702730475879
v 0.862670273047588 5.960464455334602e-9 0.8626702730475879
v 0.862670273047588 5.960464455334602e-9 0.8626702730475879
v 0.862670273047588 5.960464455334602e-9 0.8626702730475879
v 0.862670273047588 5.960464455334602e-9 0.8626702730475879
v 0.862670273047588 5.960464455334602e-9 0.8626702730475879
v 0.862670273047588 5.960464455334602e-9 0.8626702730475879
v 0.862670273047588 5.960464455334602e-9 0.8626702730475879
v 0.862670273047588 5.960464455334602e-9 0.8626702730475879
v 0.862670273047588 5.960464455334602e-9 0.8626702730475879
v 0.862670273047588 5.960464455334602e-9 0.8626702730475879
v 0.862670273047588 5.960464455334602e-9 0.8626702730475879
v 0.862670273047588 5.960464455334602e-9 0.8626702730475879
v 0.862670273047588 5.960464455334602e-9 0.8626702730475879
v 0.862670273047588 5.960464455334602e-9 0.8626702730475879
v 0.862670273047588 5.960464455334602e-9 0.8626702730475879
v 0.862670273047588 5.960464455334602e-9 0.8626702730475879
v 0.862670273047588 5.960464455334602e-9 0.8626702730475879
v 0.862670273047588 5.960464455334602e-9 1.1826702658950305
v 0.9454923649250485 5.960464455334602e-9 1.1717665498076892
v 1.0226702694713095 5.960464455334602e-9 1.139798403245113
v 1.0889444355784872 5.960464455334602e-9 1.088944435578487
v 1.1397984032451132 5.960464455334602e-9 1.0226702694713092
v 1.1717665498076895 5.960464455334602e-9 0.9454923649250484
v 1.1826702658950308 5.960464455334602e-9 0.8626702730475879
v 1.1717665498076895 5.960464455334602e-9 0.7798481811701274
v 1.1397984032451132 5.960464455334602e-9 0.7026702766238666
v 1.0889444355784872 5.960464455334602e-9 0.6363961105166889
v 1.0226702694713095 5.960464455334602e-9 0.5855421428500629
v 0.9454923649250485 5.960464455334602e-9 0.5535739962874866
v 0.862670273047588 5.960464455334602e-9 0.5426702802001453
v 0.7798481811701276 5.960464455334602e-9 0.5535739962874866
v 0.7026702766238667 5.960464455334602e-9 0.5855421428500629
v 0.636396110516689 5.960464455334602e-9 0.6363961105166889
v 0.585542142850063 5.960464455334602e-9 0.7026702766238666
v 0.5535739962874867 5.960464455334602e-9 0.7798481811701274
v 0.5426702802001454 5.960464455334602e-9 0.8626702730475878
v 0.5535739962874867 5.960464455334602e-9 0.9454923649250484
v 0.585542142850063 5.960464455334602e-9 1.0226702694713092
v 0.636396110516689 5.960464455334602e-9 1.088944435578487
v 0.7026702766238667 5.960464455334602e-9 1.139798403245113
v 0.7798481811701276 5.960464455334602e-9 1.1717665498076892
v 0.8626702730475879 5.960464455334602e-9 1.1826702658950305
vt 0 1
vt 0.0416666679084301 1
vt 0.0833333358168602 1
vt 0.125 1
vt 0.1666666716337204 1
vt 0.2083333283662796 1
vt 0.25 1
vt 0.2916666567325592 1
vt 0.3333333432674408 1
vt 0.375 1
vt 0.4166666567325592 1
vt 0.4583333432674408 1
vt 0.5 1
vt 0.5416666865348816 1
vt 0.5833333134651184 1
vt 0.625 1
vt 0.6666666865348816 1
vt 0.7083333134651184 1
vt 0.75 1
vt 0.7916666865348816 1
vt 0.8333333134651184 1
vt 0.875 1
vt 0.9166666865348816 1
vt 0.9583333134651184 1
vt 1 1
vt 0 0
vt 0.0416666679084301 0
vt 0.0833333358168602 0
vt 0.125 0
vt 0.1666666716337204 0
vt 0.2083333283662796 0
vt 0.25 0
vt 0.2916666567325592 0
vt 0.3333333432674408 0
vt 0.375 0
vt 0.4166666567325592 0
vt 0.4583333432674408 0
vt 0.5 0
vt 0.5416666865348816 0
vt 0.5833333134651184 0
vt 0.625 0
vt 0.6666666865348816 0
vt 0.7083333134651184 0
vt 0.75 0
vt 0.7916666865348816 0
vt 0.8333333134651184 0
vt 0.875 0
vt 0.9166666865348816 0
vt 0.9583333134651184 0
vt 1 0
vt 0.5 0.5
vt 0.5 0.5
vt 0.5 0.5
vt 0.5 0.5
vt 0.5 0.5
vt 0.5 0.5
vt 0.5 0.5
vt 0.5 0.5
vt 0.5 0.5
vt 0.5 0.5
vt 0.5 0.5
vt 0.5 0.5
vt 0.5 0.5
vt 0.5 0.5
vt 0.5 0.5
vt 0.5 0.5
vt 0.5 0.5
vt 0.5 0.5
vt 0.5 0.5
vt 0.5 0.5
vt 0.5 0.5
vt 0.5 0.5
vt 0.5 0.5
vt 0.5 0.5
vt 1 0.5
vt 0.9829629063606262 0.6294095516204834
vt 0.9330127239227295 0.75
vt 0.8535534143447876 0.8535534143447876
vt 0.75 0.9330127239227295
vt 0.6294095516204834 0.9829629063606262
vt 0.5 1
vt 0.370590478181839 0.9829629063606262
vt 0.25 0.9330127239227295
vt 0.1464466154575348 0.8535534143447876
vt 0.0669872984290123 0.75
vt 0.017037086188793182 0.6294095516204834
vt 0 0.5
vt 0.017037086188793182 0.370590478181839
vt 0.0669872984290123 0.25
vt 0.1464466154575348 0.1464466154575348
vt 0.25 0.0669872984290123
vt 0.370590478181839 0.017037086188793182
vt 0.5 0
vt 0.6294095516204834 0.017037086188793182
vt 0.75 0.0669872984290123
vt 0.8535534143447876 0.1464466154575348
vt 0.9330127239227295 0.25
vt 0.9829629063606262 0.370590478181839
vt 1 0.5
vt 0.5 0.5
vt 0.5 0.5
vt 0.5 0.5
vt 0.5 0.5
vt 0.5 0.5
vt 0.5 0.5
vt 0.5 0.5
vt 0.5 0.5
vt 0.5 0.5
vt 0.5 0.5
vt 0.5 0.5
vt 0.5 0.5
vt 0.5 0.5
vt 0.5 0.5
vt 0.5 0.5
vt 0.5 0.5
vt 0.5 0.5
vt 0.5 0.5
vt 0.5 0.5
vt 0.5 0.5
vt 0.5 0.5
vt 0.5 0.5
vt 0.5 0.5
vt 0.5 0.5
vt 1 0.5
vt 0.9829629063606262 0.370590478181839
vt 0.9330127239227295 0.25
vt 0.8535534143447876 0.1464466154575348
vt 0.75 0.0669872984290123
vt 0.6294095516204834 0.017037086188793182
vt 0.5 0
vt 0.370590478181839 0.017037086188793182
vt 0.25 0.0669872984290123
vt 0.1464466154575348 0.1464466154575348
vt 0.0669872984290123 0.25
vt 0.017037086188793182 0.370590478181839
vt 0 0.5
vt 0.017037086188793182 0.6294095516204834
vt 0.0669872984290123 0.75
vt 0.1464466154575348 0.8535534143447876
vt 0.25 0.9330127239227295
vt 0.370590478181839 0.9829629063606262
vt 0.5 1
vt 0.6294095516204834 0.9829629063606262
vt 0.75 0.9330127239227295
vt 0.8535534143447876 0.8535534143447876
vt 0.9330127239227295 0.75
vt 0.9829629063606262 0.6294095516204834
vt 1 0.5
vn 0 0.16896382420988967 0.9856222532534306
vn 0.25509780673174526 0.1689638199263626 0.9520379911308923
vn 0.49281111356139395 0.16896381973035068 0.8535739182827158
vn 0.6969401796234542 0.16896381876855981 0.6969401796234542
vn 0.8535739182827158 0.16896381973035068 0.49281111356139395
vn 0.9520379911308923 0.1689638199263626 0.25509780673174526
vn 0.9856222532534306 0.16896382420988967 6.035195935551298e-17
vn 0.9520379911308923 0.1689638199263626 -0.25509780673174526
vn 0.8535739182827158 0.16896381973035068 -0.49281111356139395
vn 0.6969401796234542 0.16896381876855981 -0.6969401796234542
vn 0.49281111356139395 0.16896381973035068 -0.8535739182827158
vn 0.25509780673174526 0.1689638199263626 -0.9520379911308923
vn 1.2070391871102596e-16 0.16896382420988967 -0.9856222532534306
vn -0.25509780673174526 0.1689638199263626 -0.9520379911308923
vn -0.49281111356139395 0.16896381973035068 -0.8535739182827158
vn -0.6969401796234542 0.16896381876855981 -0.6969401796234542
vn -0.8535739182827158 0.16896381973035068 -0.49281111356139395
vn -0.9520379911308923 0.1689638199263626 -0.25509780673174526
vn -0.9856222532534306 0.16896382420988967 -1.8105587806653895e-16
vn -0.9520379911308923 0.1689638199263626 0.25509780673174526
vn -0.8535739182827158 0.16896381973035068 0.49281111356139395
vn -0.6969401796234542 0.16896381876855981 0.6969401796234542
vn -0.49281111356139395 0.16896381973035068 0.8535739182827158
vn -0.25509780673174526 0.1689638199263626 0.9520379911308923
vn -2.414078374220519e-16 0.16896382420988967 0.9856222532534306
vn 0 0.16896382420988967 0.9856222532534306
vn 0.25509780673174526 0.1689638199263626 0.9520379911308923
vn 0.49281111356139395 0.16896381973035068 0.8535739182827158
vn 0.6969401796234542 0.16896381876855981 0.6969401796234542
vn 0.8535739182827158 0.16896381973035068 0.49281111356139395
vn 0.9520379911308923 0.1689638199263626 0.25509780673174526
vn 0.9856222532534306 0.16896382420988967 6.035195935551298e-17
vn 0.9520379911308923 0.1689638199263626 -0.25509780673174526
vn 0.8535739182827158 0.16896381973035068 -0.49281111356139395
vn 0.6969401796234542 0.16896381876855981 -0.6969401796234542
vn 0.49281111356139395 0.16896381973035068 -0.8535739182827158
vn 0.25509780673174526 0.1689638199263626 -0.9520379911308923
vn 1.2070391871102596e-16 0.16896382420988967 -0.9856222532534306
vn -0.25509780673174526 0.1689638199263626 -0.9520379911308923
vn -0.49281111356139395 0.16896381973035068 -0.8535739182827158
vn -0.6969401796234542 0.16896381876855981 -0.6969401796234542
vn -0.8535739182827158 0.16896381973035068 -0.49281111356139395
vn -0.9520379911308923 0.1689638199263626 -0.25509780673174526
vn -0.9856222532534306 0.16896382420988967 -1.8105587806653895e-16
vn -0.9520379911308923 0.1689638199263626 0.25509780673174526
vn -0.8535739182827158 0.16896381973035068 0.49281111356139395
vn -0.6969401796234542 0.16896381876855981 0.6969401796234542
vn -0.49281111356139395 0.16896381973035068 0.8535739182827158
vn -0.25509780673174526 0.1689638199263626 0.9520379911308923
vn -2.414078374220519e-16 0.16896382420988967 0.9856222532534306
vn 0 1 0
vn 0 1 0
vn 0 1 0
vn 0 1 0
vn 0 1 0
vn 0 1 0
vn 0 1 0
vn 0 1 0
vn 0 1 0
vn 0 1 0
vn 0 1 0
vn 0 1 0
vn 0 1 0
vn 0 1 0
vn 0 1 0
vn 0 1 0
vn 0 1 0
vn 0 1 0
vn 0 1 0
vn 0 1 0
vn 0 1 0
vn 0 1 0
vn 0 1 0
vn 0 1 0
vn 0 1 0
vn 0 1 0
vn 0 1 0
vn 0 1 0
vn 0 1 0
vn 0 1 0
vn 0 1 0
vn 0 1 0
vn 0 1 0
vn 0 1 0
vn 0 1 0
vn 0 1 0
vn 0 1 0
vn 0 1 0
vn 0 1 0
vn 0 1 0
vn 0 1 0
vn 0 1 0
vn 0 1 0
vn 0 1 0
vn 0 1 0
vn 0 1 0
vn 0 1 0
vn 0 1 0
vn 0 1 0
vn 0 -1 0
vn 0 -1 0
vn 0 -1 0
vn 0 -1 0
vn 0 -1 0
vn 0 -1 0
vn 0 -1 0
vn 0 -1 0
vn 0 -1 0
vn 0 -1 0
vn 0 -1 0
vn 0 -1 0
vn 0 -1 0
vn 0 -1 0
vn 0 -1 0
vn 0 -1 0
vn 0 -1 0
vn 0 -1 0
vn 0 -1 0
vn 0 -1 0
vn 0 -1 0
vn 0 -1 0
vn 0 -1 0
vn 0 -1 0
vn 0 -1 0
vn 0 -1 0
vn 0 -1 0
vn 0 -1 0
vn 0 -1 0
vn 0 -1 0
vn 0 -1 0
vn 0 -1 0
vn 0 -1 0
vn 0 -1 0
vn 0 -1 0
vn 0 -1 0
vn 0 -1 0
vn 0 -1 0
vn 0 -1 0
vn 0 -1 0
vn 0 -1 0
vn 0 -1 0
vn 0 -1 0
vn 0 -1 0
vn 0 -1 0
vn 0 -1 0
vn 0 -1 0
vn 0 -1 0
vn 0 -1 0
f 1079/1079/1079 1104/1104/1104 1080/1080/1080
f 1104/1104/1104 1105/1105/1105 1080/1080/1080
f 1080/1080/1080 1105/1105/1105 1081/1081/1081
f 1105/1105/1105 1106/1106/1106 1081/1081/1081
f 1081/1081/1081 1106/1106/1106 1082/1082/1082
f 1106/1106/1106 1107/1107/1107 1082/1082/1082
f 1082/1082/1082 1107/1107/1107 1083/1083/1083
f 1107/1107/1107 1108/1108/1108 1083/1083/1083
f 1083/1083/1083 1108/1108/1108 1084/1084/1084
f 1108/1108/1108 1109/1109/1109 1084/1084/1084
f 1084/1084/1084 1109/1109/1109 1085/1085/1085
f 1109/1109/1109 1110/1110/1110 1085/1085/1085
f 1085/1085/1085 1110/1110/1110 1086/1086/1086
f 1110/1110/1110 1111/1111/1111 1086/1086/1086
f 1086/1086/1086 1111/1111/1111 1087/1087/1087
f 1111/1111/1111 1112/1112/1112 1087/1087/1087
f 1087/1087/1087 1112/1112/1112 1088/1088/1088
f 1112/1112/1112 1113/1113/1113 1088/1088/1088
f 1088/1088/1088 1113/1113/1113 1089/1089/1089
f 1113/1113/1113 1114/1114/1114 1089/1089/1089
f 1089/1089/1089 1114/1114/1114 1090/1090/1090
f 1114/1114/1114 1115/1115/1115 1090/1090/1090
f 1090/1090/1090 1115/1115/1115 1091/1091/1091
f 1115/1115/1115 1116/1116/1116 1091/1091/1091
f 1091/1091/1091 1116/1116/1116 1092/1092/1092
f 1116/1116/1116 1117/1117/1117 1092/1092/1092
f 1092/1092/1092 1117/1117/1117 1093/1093/1093
f 1117/1117/1117 1118/1118/1118 1093/1093/1093
f 1093/1093/1093 1118/1118/1118 1094/1094/1094
f 1118/1118/1118 1119/1119/1119 1094/1094/1094
f 1094/1094/1094 1119/1119/1119 1095/1095/1095
f 1119/1119/1119 1120/1120/1120 1095/1095/1095
f 1095/1095/1095 1120/1120/1120 1096/1096/1096
f 1120/1120/1120 1121/1121/1121 1096/1096/1096
f 1096/1096/1096 1121/1121/1121 1097/1097/1097
f 1121/1121/1121 1122/1122/1122 1097/1097/1097
f 1097/1097/1097 1122/1122/1122 1098/1098/1098
f 1122/1122/1122 1123/1123/1123 1098/1098/1098
f 1098/1098/1098 1123/1123/1123 1099/1099/1099
f 1123/1123/1123 1124/1124/1124 1099/1099/1099
f 1099/1099/1099 1124/1124/1124 1100/1100/1100
f 1124/1124/1124 1125/1125/1125 1100/1100/1100
f 1100/1100/1100 1125/1125/1125 1101/1101/1101
f 1125/1125/1125 1126/1126/1126 1101/1101/1101
f 1101/1101/1101 1126/1126/1126 1102/1102/1102
f 1126/1126/1126 1127/1127/1127 1102/1102/1102
f 1102/1102/1102 1127/1127/1127 1103/1103/1103
f 1127/1127/1127 1128/1128/1128 1103/1103/1103
f 1153/1153/1153 1154/1154/1154 1129/1129/1129
f 1154/1154/1154 1155/1155/1155 1130/1130/1130
f 1155/1155/1155 1156/1156/1156 1131/1131/1131
f 1156/1156/1156 1157/1157/1157 1132/1132/1132
f 1157/1157/1157 1158/1158/1158 1133/1133/1133
f 1158/1158/1158 1159/1159/1159 1134/1134/1134
f 1159/1159/1159 1160/1160/1160 1135/1135/1135
f 1160/1160/1160 1161/1161/1161 1136/1136/1136
f 1161/1161/1161 1162/1162/1162 1137/1137/1137
f 1162/1162/1162 1163/1163/1163 1138/1138/1138
f 1163/1163/1163 1164/1164/1164 1139/1139/1139
f 1164/1164/1164 1165/1165/1165 1140/1140/1140
f 1165/1165/1165 1166/1166/1166 1141/1141/1141
f 1166/1166/1166 1167/1167/1167 1142/1142/1142
f 1167/1167/1167 1168/1168/1168 1143/1143/1143
f 1168/1168/1168 1169/1169/1169 1144/1144/1144
f 1169/1169/1169 1170/1170/1170 1145/1145/1145
f 1170/1170/1170 1171/1171/1171 1146/1146/1146
f 1171/1171/1171 1172/1172/1172 1147/1147/1147
f 1172/1172/1172 1173/1173/1173 1148/1148/1148
f 1173/1173/1173 1174/1174/1174 1149/1149/1149
f 1174/1174/1174 1175/1175/1175 1150/1150/1150
f 1175/1175/1175 1176/1176/1176 1151/1151/1151
f 1176/1176/1176 1177/1177/1177 1152/1152/1152
f 1203/1203/1203 1202/1202/1202 1178/1178/1178
f 1204/1204/1204 1203/1203/1203 1179/1179/1179
f 1205/1205/1205 1204/1204/1204 1180/1180/1180
f 1206/1206/1206 1205/1205/1205 1181/1181/1181
f 1207/1207/1207 1206/1206/1206 1182/1182/1182
f 1208/1208/1208 1207/1207/1207 1183/1183/1183
f 1209/1209/1209 1208/1208/1208 1184/1184/1184
f 1210/1210/1210 1209/1209/1209 1185/1185/1185
f 1211/1211/1211 1210/1210/1210 1186/1186/1186
f 1212/1212/1212 1211/1211/1211 1187/1187/1187
f 1213/1213/1213 1212/1212/1212 1188/1188/1188
f 1214/1214/1214 1213/1213/1213 1189/1189/1189
f 1215/1215/1215 1214/1214/1214 1190/1190/1190
f 1216/1216/1216 1215/1215/1215 1191/1191/1191
f 1217/1217/1217 1216/1216/1216 1192/1192/1192
f 1218/1218/1218 1217/1217/1217 1193/1193/1193
f 1219/1219/1219 1218/1218/1218 1194/1194/1194
f 1220/1220/1220 1219/1219/1219 1195/1195/1195
f 1221/1221/1221 1220/1220/1220 1196/1196/1196
f 1222/1222/1222 1221/1221/1221 1197/1197/1197
f 1223/1223/1223 1222/1222/1222 1198/1198/1198
f 1224/1224/1224 1223/1223/1223 1199/1199/1199
f 1225/1225/1225 1224/1224/1224 1200/1200/1200
f 1226/1226/1226 1225/1225/1225 1201/1201/1201
o merlin_nozzle_3
usemtl nozzle_soot
v 7.470345474798854e-17 -1.1920928910669204e-8 1.5399999928474426
v 0.06242890283465393 -1.1920928910669204e-8 1.5338512969017029
v 0.12245869636535651 -1.1920928910669204e-8 1.5156414520740509
v 0.17778247594833382 -1.1920928910669204e-8 1.4860702764987945
v 0.22627416253089913 -1.1920928910669204e-8 1.446274162530899
v 0.2660702764987946 -1.1920928910669204e-8 1.3977824759483337
v 0.29564145207405096 -1.1920928910669204e-8 1.3424586963653564
v 0.31385129690170294 -1.1920928910669204e-8 1.2824289028346538
v 0.3199999928474427 -1.1920928910669204e-8 1.22
v 0.31385129690170294 -1.1920928910669204e-8 1.1575710971653461
v 0.29564145207405096 -1.1920928910669204e-8 1.0975413036346435
v 0.2660702764987946 -1.1920928910669204e-8 1.0422175240516662
v 0.22627416253089913 -1.1920928910669204e-8 0.9937258374691009
v 0.17778247594833382 -1.1920928910669204e-8 0.9539297235012054
v 0.12245869636535651 -1.1920928910669204e-8 0.9243585479259491
v 0.06242890283465393 -1.1920928910669204e-8 0.9061487030982971
v 1.1389215204548045e-16 -1.1920928910669204e-8 0.9000000071525573
v -0.06242890283465378 -1.1920928910669204e-8 0.9061487030982971
v -0.12245869636535638 -1.1920928910669204e-8 0.9243585479259491
v -0.17778247594833366 -1.1920928910669204e-8 0.9539297235012054
v -0.22627416253089896 -1.1920928910669204e-8 0.9937258374691009
v -0.2660702764987945 -1.1920928910669204e-8 1.0422175240516662
v -0.29564145207405085 -1.1920928910669204e-8 1.0975413036346435
v -0.3138512969017028 -1.1920928910669204e-8 1.1575710971653461
v -0.31999999284744257 -1.1920928910669204e-8 1.22
v -0.3138512969017028 -1.1920928910669204e-8 1.2824289028346538
v -0.29564145207405085 -1.1920928910669204e-8 1.3424586963653564
v -0.2660702764987945 -1.1920928910669204e-8 1.3977824759483337
v -0.22627416253089896 -1.1920928910669204e-8 1.446274162530899
v -0.17778247594833366 -1.1920928910669204e-8 1.4860702764987945
v -0.12245869636535638 -1.1920928910669204e-8 1.5156414520740509
v -0.06242890283465378 -1.1920928910669204e-8 1.5338512969017029
v -3.673939846995262e-18 -1.1920928910669204e-8 1.5399999928474426
v 7.470345474798854e-17 -1.899999988079071 1.770000011920929
v 0.10729967802762992 -1.899999988079071 1.7594319295883178
v 0.21047589182853707 -1.899999988079071 1.7281337690353393
v 0.3055636286735535 -1.899999988079071 1.677308292388916
v 0.38890874385833746 -1.899999988079071 1.6089087438583374
v 0.45730829238891607 -1.899999988079071 1.5255636286735534
v 0.5081337690353395 -1.899999988079071 1.430475891828537
v 0.539431929588318 -1.899999988079071 1.3272996780276298
v 0.5500000119209291 -1.899999988079071 1.22
v 0.539431929588318 -1.899999988079071 1.1127003219723701
v 0.5081337690353395 -1.899999988079071 1.009524108171463
v 0.45730829238891607 -1.899999988079071 0.9144363713264465
v 0.38890874385833746 -1.899999988079071 0.8310912561416626
v 0.3055636286735535 -1.899999988079071 0.762691707611084
v 0.21047589182853707 -1.899999988079071 0.7118662309646606
v 0.10729967802762992 -1.899999988079071 0.6805680704116821
v 1.4205903164017278e-16 -1.899999988079071 0.669999988079071
v -0.10729967802762978 -1.899999988079071 0.6805680704116821
v -0.2104758918285369 -1.899999988079071 0.7118662309646606
v -0.3055636286735534 -1.899999988079071 0.762691707611084
v -0.38890874385833735 -1.899999988079071 0.8310912561416626
v -0.45730829238891596 -1.899999988079071 0.9144363713264465
v -0.5081337690353392 -1.899999988079071 1.009524108171463
v -0.5394319295883178 -1.899999988079071 1.1127003219723701
v -0.5500000119209288 -1.899999988079071 1.22
v -0.5394319295883178 -1.899999988079071 1.3272996780276298
v -0.5081337690353392 -1.899999988079071 1.430475891828537
v -0.45730829238891596 -1.899999988079071 1.5255636286735534
v -0.38890874385833735 -1.899999988079071 1.6089087438583374
v -0.3055636286735534 -1.899999988079071 1.677308292388916
v -0.2104758918285369 -1.899999988079071 1.7281337690353393
v -0.10729967802762978 -1.899999988079071 1.7594319295883178
v -6.000769903637992e-17 -1.899999988079071 1.770000011920929
vt 0 1
vt 0.03125 1
vt 0.0625 1
vt 0.09375 1
vt 0.125 1
vt 0.15625 1
vt 0.1875 1
vt 0.21875 1
vt 0.25 1
vt 0.28125 1
vt 0.3125 1
vt 0.34375 1
vt 0.375 1
vt 0.40625 1
vt 0.4375 1
vt 0.46875 1
vt 0.5 1
vt 0.53125 1
vt 0.5625 1
vt 0.59375 1
vt 0.625 1
vt 0.65625 1
vt 0.6875 1
vt 0.71875 1
vt 0.75 1
vt 0.78125 1
vt 0.8125 1
vt 0.84375 1
vt 0.875 1
vt 0.90625 1
vt 0.9375 1
vt 0.96875 1
vt 1 1
vt 0 0
vt 0.03125 0
vt 0.0625 0
vt 0.09375 0
vt 0.125 0
vt 0.15625 0
vt 0.1875 0
vt 0.21875 0
vt 0.25 0
vt 0.28125 0
vt 0.3125 0
vt 0.34375 0
vt 0.375 0
vt 0.40625 0
vt 0.4375 0
vt 0.46875 0
vt 0.5 0
vt 0.53125 0
vt 0.5625 0
vt 0.59375 0
vt 0.625 0
vt 0.65625 0
vt 0.6875 0
vt 0.71875 0
vt 0.75 0
vt 0.78125 0
vt 0.8125 0
vt 0.84375 0
vt 0.875 0
vt 0.90625 0
vt 0.9375 0
vt 0.96875 0
vt 1 0
vn 0 0.12017532589174768 0.9927526837268245
vn 0.19367644214852053 0.12017532452971244 0.9736772191701257
vn 0.37990999730114133 0.12017532598832087 0.9171838883093442
vn 0.5515438361793547 0.12017532532910785 0.8254436915711477
vn 0.7019821546273324 0.12017532679188415 0.7019821546273324
vn 0.8254436915711477 0.12017532532910785 0.5515438361793547
vn 0.9171838883093442 0.12017532598832087 0.37990999730114133
vn 0.9736772191701257 0.12017532452971244 0.19367644214852053
vn 0.9927526837268245 0.12017532589174768 6.078857092128074e-17
vn 0.9736772191701257 0.12017532452971244 -0.19367644214852053
vn 0.9171838883093442 0.12017532598832087 -0.37990999730114133
vn 0.8254436915711477 0.12017532532910785 -0.5515438361793547
vn 0.7019821546273324 0.12017532679188415 -0.7019821546273324
vn 0.5515438361793547 0.12017532532910785 -0.8254436915711477
vn 0.37990999730114133 0.12017532598832087 -0.9171838883093442
vn 0.19367644214852053 0.12017532452971244 -0.9736772191701257
vn 1.215771418425615e-16 0.12017532589174768 -0.9927526837268245
vn -0.19367644214852053 0.12017532452971244 -0.9736772191701257
vn -0.37990999730114133 0.12017532598832087 -0.9171838883093442
vn -0.5515438361793547 0.12017532532910785 -0.8254436915711477
vn -0.7019821546273324 0.12017532679188415 -0.7019821546273324
vn -0.8254436915711477 0.12017532532910785 -0.5515438361793547
vn -0.9171838883093442 0.12017532598832087 -0.37990999730114133
vn -0.9736772191701257 0.12017532452971244 -0.19367644214852053
vn -0.9927526837268245 0.12017532589174768 -1.8236570614639727e-16
vn -0.9736772191701257 0.12017532452971244 0.19367644214852053
vn -0.9171838883093442 0.12017532598832087 0.37990999730114133
vn -0.8254436915711477 0.12017532532910785 0.5515438361793547
vn -0.7019821546273324 0.12017532679188415 0.7019821546273324
vn -0.5515438361793547 0.12017532532910785 0.8254436915711477
vn -0.37990999730114133 0.12017532598832087 0.9171838883093442
vn -0.19367644214852053 0.12017532452971244 0.9736772191701257
vn -2.43154283685123e-16 0.12017532589174768 0.9927526837268245
vn 0 0.12017532589174768 0.9927526837268245
vn 0.19367644214852053 0.12017532452971244 0.9736772191701257
vn 0.37990999730114133 0.12017532598832087 0.9171838883093442
vn 0.5515438361793547 0.12017532532910785 0.8254436915711477
vn 0.7019821546273324 0.12017532679188415 0.7019821546273324
vn 0.8254436915711477 0.12017532532910785 0.5515438361793547
vn 0.9171838883093442 0.12017532598832087 0.37990999730114133
vn 0.9736772191701257 0.12017532452971244 0.19367644214852053
vn 0.9927526837268245 0.12017532589174768 6.078857092128074e-17
vn 0.9736772191701257 0.12017532452971244 -0.19367644214852053
vn 0.9171838883093442 0.12017532598832087 -0.37990999730114133
vn 0.8254436915711477 0.12017532532910785 -0.5515438361793547
vn 0.7019821546273324 0.12017532679188415 -0.7019821546273324
vn 0.5515438361793547 0.12017532532910785 -0.8254436915711477
vn 0.37990999730114133 0.12017532598832087 -0.9171838883093442
vn 0.19367644214852053 0.12017532452971244 -0.9736772191701257
vn 1.215771418425615e-16 0.12017532589174768 -0.9927526837268245
vn -0.19367644214852053 0.12017532452971244 -0.9736772191701257
vn -0.37990999730114133 0.12017532598832087 -0.9171838883093442
vn -0.5515438361793547 0.12017532532910785 -0.8254436915711477
vn -0.7019821546273324 0.12017532679188415 -0.7019821546273324
vn -0.8254436915711477 0.12017532532910785 -0.5515438361793547
vn -0.9171838883093442 0.12017532598832087 -0.37990999730114133
vn -0.9736772191701257 0.12017532452971244 -0.19367644214852053
vn -0.9927526837268245 0.12017532589174768 -1.8236570614639727e-16
vn -0.9736772191701257 0.12017532452971244 0.19367644214852053
vn -0.9171838883093442 0.12017532598832087 0.37990999730114133
vn -0.8254436915711477 0.12017532532910785 0.5515438361793547
vn -0.7019821546273324 0.12017532679188415 0.7019821546273324
vn -0.5515438361793547 0.12017532532910785 0.8254436915711477
vn -0.37990999730114133 0.12017532598832087 0.9171838883093442
vn -0.19367644214852053 0.12017532452971244 0.9736772191701257
vn -2.43154283685123e-16 0.12017532589174768 0.9927526837268245
f 1227/1227/1227 1260/1260/1260 1228/1228/1228
f 1260/1260/1260 1261/1261/1261 1228/1228/1228
f 1228/1228/1228 1261/1261/1261 1229/1229/1229
f 1261/1261/1261 1262/1262/1262 1229/1229/1229
f 1229/1229/1229 1262/1262/1262 1230/1230/1230
f 1262/1262/1262 1263/1263/1263 1230/1230/1230
f 1230/1230/1230 1263/1263/1263 1231/1231/1231
f 1263/1263/1263 1264/1264/1264 1231/1231/1231
f 1231/1231/1231 1264/1264/1264 1232/1232/1232
f 1264/1264/1264 1265/1265/1265 1232/1232/1232
f 1232/1232/1232 1265/1265/1265 1233/1233/1233
f 1265/1265/1265 1266/1266/1266 1233/1233/1233
f 1233/1233/1233 1266/1266/1266 1234/1234/1234
f 1266/1266/1266 1267/1267/1267 1234/1234/1234
f 1234/1234/1234 1267/1267/1267 1235/1235/1235
f 1267/1267/1267 1268/1268/1268 1235/1235/1235
f 1235/1235/1235 1268/1268/1268 1236/1236/1236
f 1268/1268/1268 1269/1269/1269 1236/1236/1236
f 1236/1236/1236 1269/1269/1269 1237/1237/1237
f 1269/1269/1269 1270/1270/1270 1237/1237/1237
f 1237/1237/1237 1270/1270/1270 1238/1238/1238
f 1270/1270/1270 1271/1271/1271 1238/1238/1238
f 1238/1238/1238 1271/1271/1271 1239/1239/1239
f 1271/1271/1271 1272/1272/1272 1239/1239/1239
f 1239/1239/1239 1272/1272/1272 1240/1240/1240
f 1272/1272/1272 1273/1273/1273 1240/1240/1240
f 1240/1240/1240 1273/1273/1273 1241/1241/1241
f 1273/1273/1273 1274/1274/1274 1241/1241/1241
f 1241/1241/1241 1274/1274/1274 1242/1242/1242
f 1274/1274/1274 1275/1275/1275 1242/1242/1242
f 1242/1242/1242 1275/1275/1275 1243/1243/1243
f 1275/1275/1275 1276/1276/1276 1243/1243/1243
f 1243/1243/1243 1276/1276/1276 1244/1244/1244
f 1276/1276/1276 1277/1277/1277 1244/1244/1244
f 1244/1244/1244 1277/1277/1277 1245/1245/1245
f 1277/1277/1277 1278/1278/1278 1245/1245/1245
f 1245/1245/1245 1278/1278/1278 1246/1246/1246
f 1278/1278/1278 1279/1279/1279 1246/1246/1246
f 1246/1246/1246 1279/1279/1279 1247/1247/1247
f 1279/1279/1279 1280/1280/1280 1247/1247/1247
f 1247/1247/1247 1280/1280/1280 1248/1248/1248
f 1280/1280/1280 1281/1281/1281 1248/1248/1248
f 1248/1248/1248 1281/1281/1281 1249/1249/1249
f 1281/1281/1281 1282/1282/1282 1249/1249/1249
f 1249/1249/1249 1282/1282/1282 1250/1250/1250
f 1282/1282/1282 1283/1283/1283 1250/1250/1250
f 1250/1250/1250 1283/1283/1283 1251/1251/1251
f 1283/1283/1283 1284/1284/1284 1251/1251/1251
f 1251/1251/1251 1284/1284/1284 1252/1252/1252
f 1284/1284/1284 1285/1285/1285 1252/1252/1252
f 1252/1252/1252 1285/1285/1285 1253/1253/1253
f 1285/1285/1285 1286/1286/1286 1253/1253/1253
f 1253/1253/1253 1286/1286/1286 1254/1254/1254
f 1286/1286/1286 1287/1287/1287 1254/1254/1254
f 1254/1254/1254 1287/1287/1287 1255/1255/1255
f 1287/1287/1287 1288/1288/1288 1255/1255/1255
f 1255/1255/1255 1288/1288/1288 1256/1256/1256
f 1288/1288/1288 1289/1289/1289 1256/1256/1256
f 1256/1256/1256 1289/1289/1289 1257/1257/1257
f 1289/1289/1289 1290/1290/1290 1257/1257/1257
f 1257/1257/1257 1290/1290/1290 1258/1258/1258
f 1290/1290/1290 1291/1291/1291 1258/1258/1258
f 1258/1258/1258 1291/1291/1291 1259/1259/1259
f 1291/1291/1291 1292/1292/1292 1259/1259/1259
o merlin_throat_3
usemtl engine_metal
v 7.470345474798854e-17 0.6999999940395355 1.4200000029802322
v 0.0517638102173806 0.6999999940395355 1.4131851655244827
v 0.10000000149011619 0.6999999940395355 1.3932050776481628
v 0.14142136275768288 0.6999999940395355 1.3614213627576828
v 0.17320507764816293 0.6999999940395355 1.320000001490116
v 0.1931851655244828 0.6999999940395355 1.2717638102173805
v 0.20000000298023232 0.6999999940395355 1.22
v 0.1931851655244828 0.6999999940395355 1.1682361897826194
v 0.17320507764816293 0.6999999940395355 1.1199999985098839
v 0.14142136275768288 0.6999999940395355 1.0785786372423172
v 0.10000000149011619 0.6999999940395355 1.0467949223518371
v 0.0517638102173806 0.6999999940395355 1.0268148344755172
v 9.919639014533067e-17 0.6999999940395355 1.0199999970197677
v -0.05176381021738045 0.6999999940395355 1.0268148344755172
v -0.10000000149011605 0.6999999940395355 1.0467949223518371
v -0.14142136275768272 0.6999999940395355 1.0785786372423172
v -0.17320507764816276 0.6999999940395355 1.1199999985098839
v -0.19318516552448264 0.6999999940395355 1.1682361897826194
v -0.20000000298023216 0.6999999940395355 1.22
v -0.19318516552448264 0.6999999940395355 1.2717638102173805
v -0.17320507764816276 0.6999999940395355 1.320000001490116
v -0.14142136275768272 0.6999999940395355 1.3614213627576828
v -0.10000000149011605 0.6999999940395355 1.3932050776481628
v -0.05176381021738045 0.6999999940395355 1.4131851655244827
v 2.5717583953304276e-17 0.6999999940395355 1.4200000029802322
v 7.470345474798854e-17 5.960464455334602e-9 1.5399999928474426
v 0.08282209187746055 5.960464455334602e-9 1.5290962767601013
v 0.1599999964237214 5.960464455334602e-9 1.497128130197525
v 0.22627416253089913 5.960464455334602e-9 1.446274162530899
v 0.2771281301975251 5.960464455334602e-9 1.3799999964237213
v 0.3090962767601014 5.960464455334602e-9 1.3028220918774605
v 0.3199999928474427 5.960464455334602e-9 1.22
v 0.3090962767601014 5.960464455334602e-9 1.1371779081225395
v 0.2771281301975251 5.960464455334602e-9 1.0600000035762787
v 0.22627416253089913 5.960464455334602e-9 0.9937258374691009
v 0.1599999964237214 5.960464455334602e-9 0.942871869802475
v 0.08282209187746055 5.960464455334602e-9 0.9109037232398987
v 1.1389215204548045e-16 5.960464455334602e-9 0.9000000071525573
v -0.08282209187746041 5.960464455334602e-9 0.9109037232398987
v -0.15999999642372123 5.960464455334602e-9 0.942871869802475
v -0.22627416253089896 5.960464455334602e-9 0.9937258374691009
v -0.27712813019752497 5.960464455334602e-9 1.0600000035762787
v -0.30909627676010126 5.960464455334602e-9 1.1371779081225395
v -0.31999999284744257 5.960464455334602e-9 1.22
v -0.30909627676010126 5.960464455334602e-9 1.3028220918774605
v -0.27712813019752497 5.960464455334602e-9 1.3799999964237213
v -0.22627416253089896 5.960464455334602e-9 1.446274162530899
v -0.15999999642372123 5.960464455334602e-9 1.497128130197525
v -0.08282209187746041 5.960464455334602e-9 1.5290962767601013
v -3.673939846995262e-18 5.960464455334602e-9 1.5399999928474426
v 7.470345474798854e-17 0.6999999940395355 1.22
v 7.470345474798854e-17 0.6999999940395355 1.22
v 7.470345474798854e-17 0.6999999940395355 1.22
v 7.470345474798854e-17 0.6999999940395355 1.22
v 7.470345474798854e-17 0.6999999940395355 1.22
v 7.470345474798854e-17 0.6999999940395355 1.22
v 7.470345474798854e-17 0.6999999940395355 1.22
v 7.470345474798854e-17 0.6999999940395355 1.22
v 7.470345474798854e-17 0.6999999940395355 1.22
v 7.470345474798854e-17 0.6999999940395355 1.22
v 7.470345474798854e-17 0.6999999940395355 1.22
v 7.470345474798854e-17 0.6999999940395355 1.22
v 7.470345474798854e-17 0.6999999940395355 1.22
v 7.470345474798854e-17 0.6999999940395355 1.22
v 7.470345474798854e-17 0.6999999940395355 1.22
v 7.470345474798854e-17 0.6999999940395355 1.22
v 7.470345474798854e-17 0.6999999940395355 1.22
v 7.470345474798854e-17 0.6999999940395355 1.22
v 7.470345474798854e-17 0.6999999940395355 1.22
v 7.470345474798854e-17 0.6999999940395355 1.22
v 7.470345474798854e-17 0.6999999940395355 1.22
v 7.470345474798854e-17 0.6999999940395355 1.22
v 7.470345474798854e-17 0.6999999940395355 1.22
v 7.470345474798854e-17 0.6999999940395355 1.22
v 7.470345474798854e-17 0.6999999940395355 1.4200000029802322
v 0.0517638102173806 0.6999999940395355 1.4131851655244827
v 0.10000000149011619 0.6999999940395355 1.3932050776481628
v 0.14142136275768288 0.6999999940395355 1.3614213627576828
v 0.17320507764816293 0.6999999940395355 1.320000001490116
v 0.1931851655244828 0.6999999940395355 1.2717638102173805
v 0.20000000298023232 0.6999999940395355 1.22
v 0.1931851655244828 0.6999999940395355 1.1682361897826194
v 0.17320507764816293 0.6999999940395355 1.1199999985098839
v 0.14142136275768288 0.6999999940395355 1.0785786372423172
v 0.10000000149011619 0.6999999940395355 1.0467949223518371
v 0.0517638102173806 0.6999999940395355 1.0268148344755172
v 9.919639014533067e-17 0.6999999940395355 1.0199999970197677
v -0.05176381021738045 0.6999999940395355 1.0268148344755172
v -0.10000000149011605 0.6999999940395355 1.0467949223518371
v -0.14142136275768272 0.6999999940395355 1.0785786372423172
v -0.17320507764816276 0.6999999940395355 1.1199999985098839
v -0.19318516552448264 0.6999999940395355 1.1682361897826194
v -0.20000000298023216 0.6999999940395355 1.22
v -0.19318516552448264 0.6999999940395355 1.2717638102173805
v -0.17320507764816276 0.6999999940395355 1.320000001490116
v -0.14142136275768272 0.6999999940395355 1.3614213627576828
v -0.10000000149011605 0.6999999940395355 1.3932050776481628
v -0.05176381021738045 0.6999999940395355 1.4131851655244827
v 2.5717583953304276e-17 0.6999999940395355 1.4200000029802322
v 7.470345474798854e-17 5.960464455334602e-9 1.22
v 7.470345474798854e-17 5.960464455334602e-9 1.22
v 7.470345474798854e-17 5.960464455334602e-9 1.22
v 7.470345474798854e-17 5.960464455334602e-9 1.22
v 7.470345474798854e-17 5.960464455334602e-9 1.22
v 7.470345474798854e-17 5.960464455334602e-9 1.22
v 7.470345474798854e-17 5.960464455334602e-9 1.22
v 7.470345474798854e-17 5.960464455334602e-9 1.22
v 7.470345474798854e-17 5.960464455334602e-9 1.22
v 7.470345474798854e-17 5.960464455334602e-9 1.22
v 7.470345474798854e-17 5.960464455334602e-9 1.22
v 7.470345474798854e-17 5.960464455334602e-9 1.22
v 7.470345474798854e-17 5.960464455334602e-9 1.22
v 7.470345474798854e-17 5.960464455334602e-9 1.22
v 7.470345474798854e-17 5.960464455334602e-9 1.22
v 7.470345474798854e-17 5.960464455334602e-9 1.22
v 7.470345474798854e-17 5.960464455334602e-9 1.22
v 7.470345474798854e-17 5.960464455334602e-9 1.22
v 7.470345474798854e-17 5.960464455334602e-9 1.22
v 7.470345474798854e-17 5.960464455334602e-9 1.22
v 7.470345474798854e-17 5.960464455334602e-9 1.22
v 7.470345474798854e-17 5.960464455334602e-9 1.22
v 7.470345474798854e-17 5.960464455334602e-9 1.22
v 7.470345474798854e-17 5.960464455334602e-9 1.22
v 7.470345474798854e-17 5.960464455334602e-9 1.5399999928474426
v 0.08282209187746055 5.960464455334602e-9 1.5290962767601013
v 0.1599999964237214 5.960464455334602e-9 1.497128130197525
v 0.22627416253089913 5.960464455334602e-9 1.446274162530899
v 0.2771281301975251 5.960464455334602e-9 1.3799999964237213
v 0.3090962767601014 5.960464455334602e-9 1.3028220918774605
v 0.3199999928474427 5.960464455334602e-9 1.22
v 0.3090962767601014 5.960464455334602e-9 1.1371779081225395
v 0.2771281301975251 5.960464455334602e-9 1.0600000035762787
v 0.22627416253089913 5.960464455334602e-9 0.9937258374691009
v 0.1599999964237214 5.960464455334602e-9 0.942871869802475
v 0.08282209187746055 5.960464455334602e-9 0.9109037232398987
v 1.1389215204548045e-16 5.960464455334602e-9 0.9000000071525573
v -0.08282209187746041 5.960464455334602e-9 0.9109037232398987
v -0.15999999642372123 5.960464455334602e-9 0.942871869802475
v -0.22627416253089896 5.960464455334602e-9 0.9937258374691009
v -0.27712813019752497 5.960464455334602e-9 1.0600000035762787
v -0.30909627676010126 5.960464455334602e-9 1.1371779081225395
v -0.31999999284744257 5.960464455334602e-9 1.22
v -0.30909627676010126 5.960464455334602e-9 1.3028220918774605
v -0.27712813019752497 5.960464455334602e-9 1.3799999964237213
v -0.22627416253089896 5.960464455334602e-9 1.446274162530899
v -0.15999999642372123 5.960464455334602e-9 1.497128130197525
v -0.08282209187746041 5.960464455334602e-9 1.5290962767601013
v -3.673939846995262e-18 5.960464455334602e-9 1.5399999928474426
vt 0 1
vt 0.0416666679084301 1
vt 0.0833333358168602 1
vt 0.125 1
vt 0.1666666716337204 1
vt 0.2083333283662796 1
vt 0.25 1
vt 0.2916666567325592 1
vt 0.3333333432674408 1
vt 0.375 1
vt 0.4166666567325592 1
vt 0.4583333432674408 1
vt 0.5 1
vt 0.5416666865348816 1
vt 0.5833333134651184 1
vt 0.625 1
vt 0.6666666865348816 1
vt 0.7083333134651184 1
vt 0.75 1
vt 0.7916666865348816 1
vt 0.8333333134651184 1
vt 0.875 1
vt 0.9166666865348816 1
vt 0.9583333134651184 1
vt 1 1
vt 0 0
vt 0.0416666679084301 0
vt 0.0833333358168602 0
vt 0.125 0
vt 0.1666666716337204 0
vt 0.2083333283662796 0
vt 0.25 0
vt 0.2916666567325592 0
vt 0.3333333432674408 0
vt 0.375 0
vt 0.4166666567325592 0
vt 0.4583333432674408 0
vt 0.5 0
vt 0.5416666865348816 0
vt 0.5833333134651184 0
vt 0.625 0
vt 0.6666666865348816 0
vt 0.7083333134651184 0
vt 0.75 0
vt 0.7916666865348816 0
vt 0.8333333134651184 0
vt 0.875 0
vt 0.9166666865348816 0
vt 0.9583333134651184 0
vt 1 0
vt 0.5 0.5
vt 0.5 0.5
vt 0.5 0.5
vt 0.5 0.5
vt 0.5 0.5
vt 0.5 0.5
vt 0.5 0.5
vt 0.5 0.5
vt 0.5 0.5
vt 0.5 0.5
vt 0.5 0.5
vt 0.5 0.5
vt 0.5 0.5
vt 0.5 0.5
vt 0.5 0.5
vt 0.5 0.5
vt 0.5 0.5
vt 0.5 0.5
vt 0.5 0.5
vt 0.5 0.5
vt 0.5 0.5
vt 0.5 0.5
vt 0.5 0.5
vt 0.5 0.5
vt 1 0.5
vt 0.9829629063606262 0.6294095516204834
vt 0.9330127239227295 0.75
vt 0.8535534143447876 0.8535534143447876
vt 0.75 0.9330127239227295
vt 0.6294095516204834 0.9829629063606262
vt 0.5 1
vt 0.370590478181839 0.9829629063606262
vt 0.25 0.9330127239227295
vt 0.1464466154575348 0.8535534143447876
vt 0.0669872984290123 0.75
vt 0.017037086188793182 0.6294095516204834
vt 0 0.5
vt 0.017037086188793182 0.370590478181839
vt 0.0669872984290123 0.25
vt 0.1464466154575348 0.1464466154575348
vt 0.25 0.0669872984290123
vt 0.370590478181839 0.017037086188793182
vt 0.5 0
vt 0.6294095516204834 0.017037086188793182
vt 0.75 0.0669872984290123
vt 0.8535534143447876 0.1464466154575348
vt 0.9330127239227295 0.25
vt 0.9829629063606262 0.370590478181839
vt 1 0.5
vt 0.5 0.5
vt 0.5 0.5
vt 0.5 0.5
vt 0.5 0.5
vt 0.5 0.5
vt 0.5 0.5
vt 0.5 0.5
vt 0.5 0.5
vt 0.5 0.5
vt 0.5 0.5
vt 0.5 0.5
vt 0.5 0.5
vt 0.5 0.5
vt 0.5 0.5
vt 0.5 0.5
vt 0.5 0.5
vt 0.5 0.5
vt 0.5 0.5
vt 0.5 0.5
vt 0.5 0.5
vt 0.5 0.5
vt 0.5 0.5
vt 0.5 0.5
vt 0.5 0.5
vt 1 0.5
vt 0.9829629063606262 0.370590478181839
vt 0.9330127239227295 0.25
vt 0.8535534143447876 0.1464466154575348
vt 0.75 0.0669872984290123
vt 0.6294095516204834 0.017037086188793182
vt 0.5 0
vt 0.370590478181839 0.017037086188793182
vt 0.25 0.0669872984290123
vt 0.1464466154575348 0.1464466154575348
vt 0.0669872984290123 0.25
vt 0.017037086188793182 0.370590478181839
vt 0 0.5
vt 0.017037086188793182 0.6294095516204834
vt 0.0669872984290123 0.75
vt 0.1464466154575348 0.8535534143447876
vt 0.25 0.9330127239227295
vt 0.370590478181839 0.9829629063606262
vt 0.5 1
vt 0.6294095516204834 0.9829629063606262
vt 0.75 0.9330127239227295
vt 0.8535534143447876 0.8535534143447876
vt 0.9330127239227295 0.75
vt 0.9829629063606262 0.6294095516204834
vt 1 0.5
vn 0 0.16896382420988967 0.9856222532534306
vn 0.25509780673174526 0.1689638199263626 0.9520379911308923
vn 0.49281111356139395 0.16896381973035068 0.8535739182827158
vn 0.6969401796234542 0.16896381876855981 0.6969401796234542
vn 0.8535739182827158 0.16896381973035068 0.49281111356139395
vn 0.9520379911308923 0.1689638199263626 0.25509780673174526
vn 0.9856222532534306 0.16896382420988967 6.035195935551298e-17
vn 0.9520379911308923 0.1689638199263626 -0.25509780673174526
vn 0.8535739182827158 0.16896381973035068 -0.49281111356139395
vn 0.6969401796234542 0.16896381876855981 -0.6969401796234542
vn 0.49281111356139395 0.16896381973035068 -0.8535739182827158
vn 0.25509780673174526 0.1689638199263626 -0.9520379911308923
vn 1.2070391871102596e-16 0.16896382420988967 -0.9856222532534306
vn -0.25509780673174526 0.1689638199263626 -0.9520379911308923
vn -0.49281111356139395 0.16896381973035068 -0.8535739182827158
vn -0.6969401796234542 0.16896381876855981 -0.6969401796234542
vn -0.8535739182827158 0.16896381973035068 -0.49281111356139395
vn -0.9520379911308923 0.1689638199263626 -0.25509780673174526
vn -0.9856222532534306 0.16896382420988967 -1.8105587806653895e-16
vn -0.9520379911308923 0.1689638199263626 0.25509780673174526
vn -0.8535739182827158 0.16896381973035068 0.49281111356139395
vn -0.6969401796234542 0.16896381876855981 0.6969401796234542
vn -0.49281111356139395 0.16896381973035068 0.8535739182827158
vn -0.25509780673174526 0.1689638199263626 0.9520379911308923
vn -2.414078374220519e-16 0.16896382420988967 0.9856222532534306
vn 0 0.16896382420988967 0.9856222532534306
vn 0.25509780673174526 0.1689638199263626 0.9520379911308923
vn 0.49281111356139395 0.16896381973035068 0.8535739182827158
vn 0.6969401796234542 0.16896381876855981 0.6969401796234542
vn 0.8535739182827158 0.16896381973035068 0.49281111356139395
vn 0.9520379911308923 0.1689638199263626 0.25509780673174526
vn 0.9856222532534306 0.16896382420988967 6.035195935551298e-17
vn 0.9520379911308923 0.1689638199263626 -0.25509780673174526
vn 0.8535739182827158 0.16896381973035068 -0.49281111356139395
vn 0.6969401796234542 0.16896381876855981 -0.6969401796234542
vn 0.49281111356139395 0.16896381973035068 -0.8535739182827158
vn 0.25509780673174526 0.1689638199263626 -0.9520379911308923
vn 1.2070391871102596e-16 0.16896382420988967 -0.9856222532534306
vn -0.25509780673174526 0.1689638199263626 -0.9520379911308923
vn -0.49281111356139395 0.16896381973035068 -0.8535739182827158
vn -0.6969401796234542 0.16896381876855981 -0.6969401796234542
vn -0.8535739182827158 0.16896381973035068 -0.49281111356139395
vn -0.9520379911308923 0.1689638199263626 -0.25509780673174526
vn -0.9856222532534306 0.16896382420988967 -1.8105587806653895e-16
vn -0.9520379911308923 0.1689638199263626 0.25509780673174526
vn -0.8535739182827158 0.16896381973035068 0.49281111356139395
vn -0.6969401796234542 0.16896381876855981 0.6969401796234542
vn -0.49281111356139395 0.16896381973035068 0.8535739182827158
vn -0.25509780673174526 0.1689638199263626 0.9520379911308923
vn -2.414078374220519e-16 0.16896382420988967 0.9856222532534306
vn 0 1 0
vn 0 1 0
vn 0 1 0
vn 0 1 0
vn 0 1 0
vn 0 1 0
vn 0 1 0
vn 0 1 0
vn 0 1 0
vn 0 1 0
vn 0 1 0
vn 0 1 0
vn 0 1 0
vn 0 1 0
vn 0 1 0
vn 0 1 0
vn 0 1 0
vn 0 1 0
vn 0 1 0
vn 0 1 0
vn 0 1 0
vn 0 1 0
vn 0 1 0
vn 0 1 0
vn 0 1 0
vn 0 1 0
vn 0 1 0
vn 0 1 0
vn 0 1 0
vn 0 1 0
vn 0 1 0
vn 0 1 0
vn 0 1 0
vn 0 1 0
vn 0 1 0
vn 0 1 0
vn 0 1 0
vn 0 1 0
vn 0 1 0
vn 0 1 0
vn 0 1 0
vn 0 1 0
vn 0 1 0
vn 0 1 0
vn 0 1 0
vn 0 1 0
vn 0 1 0
vn 0 1 0
vn 0 1 0
vn 0 -1 0
vn 0 -1 0
vn 0 -1 0
vn 0 -1 0
vn 0 -1 0
vn 0 -1 0
vn 0 -1 0
vn 0 -1 0
vn 0 -1 0
vn 0 -1 0
vn 0 -1 0
vn 0 -1 0
vn 0 -1 0
vn 0 -1 0
vn 0 -1 0
vn 0 -1 0
vn 0 -1 0
vn 0 -1 0
vn 0 -1 0
vn 0 -1 0
vn 0 -1 0
vn 0 -1 0
vn 0 -1 0
vn 0 -1 0
vn 0 -1 0
vn 0 -1 0
vn 0 -1 0
vn 0 -1 0
vn 0 -1 0
vn 0 -1 0
vn 0 -1 0
vn 0 -1 0
vn 0 -1 0
vn 0 -1 0
vn 0 -1 0
vn 0 -1 0
vn 0 -1 0
vn 0 -1 0
vn 0 -1 0
vn 0 -1 0
vn 0 -1 0
vn 0 -1 0
vn 0 -1 0
vn 0 -1 0
vn 0 -1 0
vn 0 -1 0
vn 0 -1 0
vn 0 -1 0
vn 0 -1 0
f 1293/1293/1293 1318/1318/1318 1294/1294/1294
f 1318/1318/1318 1319/1319/1319 1294/1294/1294
f 1294/1294/1294 1319/1319/1319 1295/1295/1295
f 1319/1319/1319 1320/1320/1320 1295/1295/1295
f 1295/1295/1295 1320/1320/1320 1296/1296/1296
f 1320/1320/1320 1321/1321/1321 1296/1296/1296
f 1296/1296/1296 1321/1321/1321 1297/1297/1297
f 1321/1321/1321 1322/1322/1322 1297/1297/1297
f 1297/1297/1297 1322/1322/1322 1298/1298/1298
f 1322/1322/1322 1323/1323/1323 1298/1298/1298
f 1298/1298/1298 1323/1323/1323 1299/1299/1299
f 1323/1323/1323 1324/1324/1324 1299/1299/1299
f 1299/1299/1299 1324/1324/1324 1300/1300/1300
f 1324/1324/1324 1325/1325/1325 1300/1300/1300
f 1300/1300/1300 1325/1325/1325 1301/1301/1301
f 1325/1325/1325 1326/1326/1326 1301/1301/1301
f 1301/1301/1301 1326/1326/1326 1302/1302/1302
f 1326/1326/1326 1327/1327/1327 1302/1302/1302
f 1302/1302/1302 1327/1327/1327 1303/1303/1303
f 1327/1327/1327 1328/1328/1328 1303/1303/1303
f 1303/1303/1303 1328/1328/1328 1304/1304/1304
f 1328/1328/1328 1329/1329/1329 1304/1304/1304
f 1304/1304/1304 1329/1329/1329 1305/1305/1305
f 1329/1329/1329 1330/1330/1330 1305/1305/1305
f 1305/1305/1305 1330/1330/1330 1306/1306/1306
f 1330/1330/1330 1331/1331/1331 1306/1306/1306
f 1306/1306/1306 1331/1331/1331 1307/1307/1307
f 1331/1331/1331 1332/1332/1332 1307/1307/1307
f 1307/1307/1307 1332/1332/1332 1308/1308/1308
f 1332/1332/1332 1333/1333/1333 1308/1308/1308
f 1308/1308/1308 1333/1333/1333 1309/1309/1309
f 1333/1333/1333 1334/1334/1334 1309/1309/1309
f 1309/1309/1309 1334/1334/1334 1310/1310/1310
f 1334/1334/1334 1335/1335/1335 1310/1310/1310
f 1310/1310/1310 1335/1335/1335 1311/1311/1311
f 1335/1335/1335 1336/1336/1336 1311/1311/1311
f 1311/1311/1311 1336/1336/1336 1312/1312/1312
f 1336/1336/1336 1337/1337/1337 1312/1312/1312
f 1312/1312/1312 1337/1337/1337 1313/1313/1313
f 1337/1337/1337 1338/1338/1338 1313/1313/1313
f 1313/1313/1313 1338/1338/1338 1314/1314/1314
f 1338/1338/1338 1339/1339/1339 1314/1314/1314
f 1314/1314/1314 1339/1339/1339 1315/1315/1315
f 1339/1339/1339 1340/1340/1340 1315/1315/1315
f 1315/1315/1315 1340/1340/1340 1316/1316/1316
f 1340/1340/1340 1341/1341/1341 1316/1316/1316
f 1316/1316/1316 1341/1341/1341 1317/1317/1317
f 1341/1341/1341 1342/1342/1342 1317/1317/1317
f 1367/1367/1367 1368/1368/1368 1343/1343/1343
f 1368/1368/1368 1369/1369/1369 1344/1344/1344
f 1369/1369/1369 1370/1370/1370 1345/1345/1345
f 1370/1370/1370 1371/1371/1371 1346/1346/1346
f 1371/1371/1371 1372/1372/1372 1347/1347/1347
f 1372/1372/1372 1373/1373/1373 1348/1348/1348
f 1373/1373/1373 1374/1374/1374 1349/1349/1349
f 1374/1374/1374 1375/1375/1375 1350/1350/1350
f 1375/1375/1375 1376/1376/1376 1351/1351/1351
f 1376/1376/1376 1377/1377/1377 1352/1352/1352
f 1377/1377/1377 1378/1378/1378 1353/1353/1353
f 1378/1378/1378 1379/1379/1379 1354/1354/1354
f 1379/1379/1379 1380/1380/1380 1355/1355/1355
f 1380/1380/1380 1381/1381/1381 1356/1356/1356
f 1381/1381/1381 1382/1382/1382 1357/1357/1357
f 1382/1382/1382 1383/1383/1383 1358/1358/1358
f 1383/1383/1383 1384/1384/1384 1359/1359/1359
f 1384/1384/1384 1385/1385/1385 1360/1360/1360
f 1385/1385/1385 1386/1386/1386 1361/1361/1361
f 1386/1386/1386 1387/1387/1387 1362/1362/1362
f 1387/1387/1387 1388/1388/1388 1363/1363/1363
f 1388/1388/1388 1389/1389/1389 1364/1364/1364
f 1389/1389/1389 1390/1390/1390 1365/1365/1365
f 1390/1390/1390 1391/1391/1391 1366/1366/1366
f 1417/1417/1417 1416/1416/1416 1392/1392/1392
f 1418/1418/1418 1417/1417/1417 1393/1393/1393
f 1419/1419/1419 1418/1418/1418 1394/1394/1394
f 1420/1420/1420 1419/1419/1419 1395/1395/1395
f 1421/1421/1421 1420/1420/1420 1396/1396/1396
f 1422/1422/1422 1421/1421/1421 1397/1397/1397
f 1423/1423/1423 1422/1422/1422 1398/1398/1398
f 1424/1424/1424 1423/1423/1423 1399/1399/1399
f 1425/1425/1425 1424/1424/1424 1400/1400/1400
f 1426/1426/1426 1425/1425/1425 1401/1401/1401
f 1427/1427/1427 1426/1426/1426 1402/1402/1402
f 1428/1428/1428 1427/1427/1427 1403/1403/1403
f 1429/1429/1429 1428/1428/1428 1404/1404/1404
f 1430/1430/1430 1429/1429/1429 1405/1405/1405
f 1431/1431/1431 1430/1430/1430 1406/1406/1406
f 1432/1432/1432 1431/1431/1431 1407/1407/1407
f 1433/1433/1433 1432/1432/1432 1408/1408/1408
f 1434/1434/1434 1433/1433/1433 1409/1409/1409
f 1435/1435/1435 1434/1434/1434 1410/1410/1410
f 1436/1436/1436 1435/1435/1435 1411/1411/1411
f 1437/1437/1437 1436/1436/1436 1412/1412/1412
f 1438/1438/1438 1437/1437/1437 1413/1413/1413
f 1439/1439/1439 1438/1438/1438 1414/1414/1414
f 1440/1440/1440 1439/1439/1439 1415/1415/1415
o merlin_nozzle_4
usemtl nozzle_soot
v -0.8626702730475879 -1.1920928910669204e-8 1.1826702658950308
v -0.8002413702129341 -1.1920928910669204e-8 1.176521569949291
v -0.7402115766822315 -1.1920928910669204e-8 1.158311725121639
v -0.6848877970992542 -1.1920928910669204e-8 1.1287405495463827
v -0.6363961105166889 -1.1920928910669204e-8 1.0889444355784872
v -0.5965999965487934 -1.1920928910669204e-8 1.0404527489959219
v -0.567028820973537 -1.1920928910669204e-8 0.9851289694129445
v -0.548818976145885 -1.1920928910669204e-8 0.9250991758822419
v -0.5426702802001453 -1.1920928910669204e-8 0.862670273047588
v -0.548818976145885 -1.1920928910669204e-8 0.8002413702129342
v -0.567028820973537 -1.1920928910669204e-8 0.7402115766822316
v -0.5965999965487934 -1.1920928910669204e-8 0.6848877970992543
v -0.6363961105166889 -1.1920928910669204e-8 0.636396110516689
v -0.6848877970992542 -1.1920928910669204e-8 0.5965999965487935
v -0.7402115766822315 -1.1920928910669204e-8 0.5670288209735371
v -0.8002413702129341 -1.1920928910669204e-8 0.5488189761458852
v -0.8626702730475879 -1.1920928910669204e-8 0.5426702802001454
v -0.9250991758822418 -1.1920928910669204e-8 0.5488189761458852
v -0.9851289694129444 -1.1920928910669204e-8 0.5670288209735371
v -1.0404527489959217 -1.1920928910669204e-8 0.5965999965487935
v -1.088944435578487 -1.1920928910669204e-8 0.636396110516689
v -1.1287405495463825 -1.1920928910669204e-8 0.6848877970992543
v -1.1583117251216388 -1.1920928910669204e-8 0.7402115766822316
v -1.1765215699492908 -1.1920928910669204e-8 0.8002413702129342
v -1.1826702658950305 -1.1920928910669204e-8 0.8626702730475879
v -1.1765215699492908 -1.1920928910669204e-8 0.9250991758822419
v -1.1583117251216388 -1.1920928910669204e-8 0.9851289694129445
v -1.1287405495463825 -1.1920928910669204e-8 1.0404527489959219
v -1.088944435578487 -1.1920928910669204e-8 1.0889444355784872
v -1.0404527489959217 -1.1920928910669204e-8 1.1287405495463827
v -0.9851289694129444 -1.1920928910669204e-8 1.158311725121639
v -0.9250991758822418 -1.1920928910669204e-8 1.176521569949291
v -0.862670273047588 -1.1920928910669204e-8 1.1826702658950308
v -0.8626702730475879 -1.899999988079071 1.412670284968517
v -0.7553705950199581 -1.899999988079071 1.402102202635906
v -0.6521943812190509 -1.899999988079071 1.3708040420829275
v -0.5571066443740345 -1.899999988079071 1.3199785654365042
v -0.4737615291892505 -1.899999988079071 1.2515790169059255
v -0.4053619806586719 -1.899999988079071 1.1682339017211416
v -0.35453650401224857 -1.899999988079071 1.0731461648761251
v -0.32323834345927005 -1.899999988079071 0.9699699510752179
v -0.31267026112665897 -1.899999988079071 0.862670273047588
v -0.32323834345927005 -1.899999988079071 0.7553705950199582
v -0.35453650401224857 -1.899999988079071 0.652194381219051
v -0.4053619806586719 -1.899999988079071 0.5571066443740346
v -0.4737615291892505 -1.899999988079071 0.47376152918925063
v -0.5571066443740345 -1.899999988079071 0.405361980658672
v -0.6521943812190509 -1.899999988079071 0.3545365040122487
v -0.7553705950199581 -1.899999988079071 0.32323834345927016
v -0.8626702730475878 -1.899999988079071 0.3126702611266591
v -0.9699699510752178 -1.899999988079071 0.32323834345927016
v -1.073146164876125 -1.899999988079071 0.3545365040122487
v -1.1682339017211414 -1.899999988079071 0.405361980658672
v -1.2515790169059253 -1.899999988079071 0.47376152918925063
v -1.319978565436504 -1.899999988079071 0.5571066443740346
v -1.3708040420829273 -1.899999988079071 0.652194381219051
v -1.4021022026359058 -1.899999988079071 0.7553705950199582
v -1.4126702849685169 -1.899999988079071 0.8626702730475879
v -1.4021022026359058 -1.899999988079071 0.9699699510752179
v -1.3708040420829273 -1.899999988079071 1.0731461648761251
v -1.319978565436504 -1.899999988079071 1.1682339017211416
v -1.2515790169059253 -1.899999988079071 1.2515790169059255
v -1.1682339017211414 -1.899999988079071 1.3199785654365042
v -1.073146164876125 -1.899999988079071 1.3708040420829275
v -0.9699699510752178 -1.899999988079071 1.402102202635906
v -0.862670273047588 -1.899999988079071 1.412670284968517
vt 0 1
vt 0.03125 1
vt 0.0625 1
vt 0.09375 1
vt 0.125 1
vt 0.15625 1
vt 0.1875 1
vt 0.21875 1
vt 0.25 1
vt 0.28125 1
vt 0.3125 1
vt 0.34375 1
vt 0.375 1
vt 0.40625 1
vt 0.4375 1
vt 0.46875 1
vt 0.5 1
vt 0.53125 1
vt 0.5625 1
vt 0.59375 1
vt 0.625 1
vt 0.65625 1
vt 0.6875 1
vt 0.71875 1
vt 0.75 1
vt 0.78125 1
vt 0.8125 1
vt 0.84375 1
vt 0.875 1
vt 0.90625 1
vt 0.9375 1
vt 0.96875 1
vt 1 1
vt 0 0
vt 0.03125 0
vt 0.0625 0
vt 0.09375 0
vt 0.125 0
vt 0.15625 0
vt 0.1875 0
vt 0.21875 0
vt 0.25 0
vt 0.28125 0
vt 0.3125 0
vt 0.34375 0
vt 0.375 0
vt 0.40625 0
vt 0.4375 0
vt 0.46875 0
vt 0.5 0
vt 0.53125 0
vt 0.5625 0
vt 0.59375 0
vt 0.625 0
vt 0.65625 0
vt 0.6875 0
vt 0.71875 0
vt 0.75 0
vt 0.78125 0
vt 0.8125 0
vt 0.84375 0
vt 0.875 0
vt 0.90625 0
vt 0.9375 0
vt 0.96875 0
vt 1 0
vn 0 0.12017532589174768 0.9927526837268245
vn 0.19367644214852053 0.12017532452971244 0.9736772191701257
vn 0.37990999730114133 0.12017532598832087 0.9171838883093442
vn 0.5515438361793547 0.12017532532910785 0.8254436915711477
vn 0.7019821546273324 0.12017532679188415 0.7019821546273324
vn 0.8254436915711477 0.12017532532910785 0.5515438361793547
vn 0.9171838883093442 0.12017532598832087 0.37990999730114133
vn 0.9736772191701257 0.12017532452971244 0.19367644214852053
vn 0.9927526837268245 0.12017532589174768 6.078857092128074e-17
vn 0.9736772191701257 0.12017532452971244 -0.19367644214852053
vn 0.9171838883093442 0.12017532598832087 -0.37990999730114133
vn 0.8254436915711477 0.12017532532910785 -0.5515438361793547
vn 0.7019821546273324 0.12017532679188415 -0.7019821546273324
vn 0.5515438361793547 0.12017532532910785 -0.8254436915711477
vn 0.37990999730114133 0.12017532598832087 -0.9171838883093442
vn 0.19367644214852053 0.12017532452971244 -0.9736772191701257
vn 1.215771418425615e-16 0.12017532589174768 -0.9927526837268245
vn -0.19367644214852053 0.12017532452971244 -0.9736772191701257
vn -0.37990999730114133 0.12017532598832087 -0.9171838883093442
vn -0.5515438361793547 0.12017532532910785 -0.8254436915711477
vn -0.7019821546273324 0.12017532679188415 -0.7019821546273324
vn -0.8254436915711477 0.12017532532910785 -0.5515438361793547
vn -0.9171838883093442 0.12017532598832087 -0.37990999730114133
vn -0.9736772191701257 0.12017532452971244 -0.19367644214852053
vn -0.9927526837268245 0.12017532589174768 -1.8236570614639727e-16
vn -0.9736772191701257 0.12017532452971244 0.19367644214852053
vn -0.9171838883093442 0.12017532598832087 0.37990999730114133
vn -0.8254436915711477 0.12017532532910785 0.5515438361793547
vn -0.7019821546273324 0.12017532679188415 0.7019821546273324
vn -0.5515438361793547 0.12017532532910785 0.8254436915711477
vn -0.37990999730114133 0.12017532598832087 0.9171838883093442
vn -0.19367644214852053 0.12017532452971244 0.9736772191701257
vn -2.43154283685123e-16 0.12017532589174768 0.9927526837268245
vn 0 0.12017532589174768 0.9927526837268245
vn 0.19367644214852053 0.12017532452971244 0.9736772191701257
vn 0.37990999730114133 0.12017532598832087 0.9171838883093442
vn 0.5515438361793547 0.12017532532910785 0.8254436915711477
vn 0.7019821546273324 0.12017532679188415 0.7019821546273324
vn 0.8254436915711477 0.12017532532910785 0.5515438361793547
vn 0.9171838883093442 0.12017532598832087 0.37990999730114133
vn 0.9736772191701257 0.12017532452971244 0.19367644214852053
vn 0.9927526837268245 0.12017532589174768 6.078857092128074e-17
vn 0.9736772191701257 0.12017532452971244 -0.19367644214852053
vn 0.9171838883093442 0.12017532598832087 -0.37990999730114133
vn 0.8254436915711477 0.12017532532910785 -0.5515438361793547
vn 0.7019821546273324 0.12017532679188415 -0.7019821546273324
vn 0.5515438361793547 0.12017532532910785 -0.8254436915711477
vn 0.37990999730114133 0.12017532598832087 -0.9171838883093442
vn 0.19367644214852053 0.12017532452971244 -0.9736772191701257
vn 1.215771418425615e-16 0.12017532589174768 -0.9927526837268245
vn -0.19367644214852053 0.12017532452971244 -0.9736772191701257
vn -0.37990999730114133 0.12017532598832087 -0.9171838883093442
vn -0.5515438361793547 0.12017532532910785 -0.8254436915711477
vn -0.7019821546273324 0.12017532679188415 -0.7019821546273324
vn -0.8254436915711477 0.12017532532910785 -0.5515438361793547
vn -0.9171838883093442 0.12017532598832087 -0.37990999730114133
vn -0.9736772191701257 0.12017532452971244 -0.19367644214852053
vn -0.9927526837268245 0.12017532589174768 -1.8236570614639727e-16
vn -0.9736772191701257 0.12017532452971244 0.19367644214852053
vn -0.9171838883093442 0.12017532598832087 0.37990999730114133
vn -0.8254436915711477 0.12017532532910785 0.5515438361793547
vn -0.7019821546273324 0.12017532679188415 0.7019821546273324
vn -0.5515438361793547 0.12017532532910785 0.8254436915711477
vn -0.37990999730114133 0.12017532598832087 0.9171838883093442
vn -0.19367644214852053 0.12017532452971244 0.9736772191701257
vn -2.43154283685123e-16 0.12017532589174768 0.9927526837268245
f 1441/1441/1441 1474/1474/1474 1442/1442/1442
f 1474/1474/1474 1475/1475/1475 1442/1442/1442
f 1442/1442/1442 1475/1475/1475 1443/1443/1443
f 1475/1475/1475 1476/1476/1476 1443/1443/1443
f 1443/1443/1443 1476/1476/1476 1444/1444/1444
f 1476/1476/1476 1477/1477/1477 1444/1444/1444
f 1444/1444/1444 1477/1477/1477 1445/1445/1445
f 1477/1477/1477 1478/1478/1478 1445/1445/1445
f 1445/1445/1445 1478/1478/1478 1446/1446/1446
f 1478/1478/1478 1479/1479/1479 1446/1446/1446
f 1446/1446/1446 1479/1479/1479 1447/1447/1447
f 1479/1479/1479 1480/1480/1480 1447/1447/1447
f 1447/1447/1447 1480/1480/1480 1448/1448/1448
f 1480/1480/1480 1481/1481/1481 1448/1448/1448
f 1448/1448/1448 1481/1481/1481 1449/1449/1449
f 1481/1481/1481 1482/1482/1482 1449/1449/1449
f 1449/1449/1449 1482/1482/1482 1450/1450/1450
f 1482/1482/1482 1483/1483/1483 1450/1450/1450
f 1450/1450/1450 1483/1483/1483 1451/1451/1451
f 1483/1483/1483 1484/1484/1484 1451/1451/1451
f 1451/1451/1451 1484/1484/1484 1452/1452/1452
f 1484/1484/1484 1485/1485/1485 1452/1452/1452
f 1452/1452/1452 1485/1485/1485 1453/1453/1453
f 1485/1485/1485 1486/1486/1486 1453/1453/1453
f 1453/1453/1453 1486/1486/1486 1454/1454/1454
f 1486/1486/1486 1487/1487/1487 1454/1454/1454
f 1454/1454/1454 1487/1487/1487 1455/1455/1455
f 1487/1487/1487 1488/1488/1488 1455/1455/1455
f 1455/1455/1455 1488/1488/1488 1456/1456/1456
f 1488/1488/1488 1489/1489/1489 1456/1456/1456
f 1456/1456/1456 1489/1489/1489 1457/1457/1457
f 1489/1489/1489 1490/1490/1490 1457/1457/1457
f 1457/1457/1457 1490/1490/1490 1458/1458/1458
f 1490/1490/1490 1491/1491/1491 1458/1458/1458
f 1458/1458/1458 1491/1491/1491 1459/1459/1459
f 1491/1491/1491 1492/1492/1492 1459/1459/1459
f 1459/1459/1459 1492/1492/1492 1460/1460/1460
f 1492/1492/1492 1493/1493/1493 1460/1460/1460
f 1460/1460/1460 1493/1493/1493 1461/1461/1461
f 1493/1493/1493 1494/1494/1494 1461/1461/1461
f 1461/1461/1461 1494/1494/1494 1462/1462/1462
f 1494/1494/1494 1495/1495/1495 1462/1462/1462
f 1462/1462/1462 1495/1495/1495 1463/1463/1463
f 1495/1495/1495 1496/1496/1496 1463/1463/1463
f 1463/1463/1463 1496/1496/1496 1464/1464/1464
f 1496/1496/1496 1497/1497/1497 1464/1464/1464
f 1464/1464/1464 1497/1497/1497 1465/1465/1465
f 1497/1497/1497 1498/1498/1498 1465/1465/1465
f 1465/1465/1465 1498/1498/1498 1466/1466/1466
f 1498/1498/1498 1499/1499/1499 1466/1466/1466
f 1466/1466/1466 1499/1499/1499 1467/1467/1467
f 1499/1499/1499 1500/1500/1500 1467/1467/1467
f 1467/1467/1467 1500/1500/1500 1468/1468/1468
f 1500/1500/1500 1501/1501/1501 1468/1468/1468
f 1468/1468/1468 1501/1501/1501 1469/1469/1469
f 1501/1501/1501 1502/1502/1502 1469/1469/1469
f 1469/1469/1469 1502/1502/1502 1470/1470/1470
f 1502/1502/1502 1503/1503/1503 1470/1470/1470
f 1470/1470/1470 1503/1503/1503 1471/1471/1471
f 1503/1503/1503 1504/1504/1504 1471/1471/1471
f 1471/1471/1471 1504/1504/1504 1472/1472/1472
f 1504/1504/1504 1505/1505/1505 1472/1472/1472
f 1472/1472/1472 1505/1505/1505 1473/1473/1473
f 1505/1505/1505 1506/1506/1506 1473/1473/1473
o merlin_throat_4
usemtl engine_metal
v -0.8626702730475879 0.6999999940395355 1.0626702760278204
v -0.8109064628302074 0.6999999940395355 1.0558554385720709
v -0.7626702715574718 0.6999999940395355 1.035875350695751
v -0.7212489102899051 0.6999999940395355 1.004091635805271
v -0.6894651953994251 0.6999999940395355 0.9626702745377042
v -0.6694851075231052 0.6999999940395355 0.9144340832649686
v -0.6626702700673557 0.6999999940395355 0.862670273047588
v -0.6694851075231052 0.6999999940395355 0.8109064628302075
v -0.6894651953994251 0.6999999940395355 0.7626702715574719
v -0.7212489102899051 0.6999999940395355 0.7212489102899052
v -0.7626702715574718 0.6999999940395355 0.6894651953994252
v -0.8109064628302074 0.6999999940395355 0.6694851075231053
v -0.8626702730475879 0.6999999940395355 0.6626702700673558
v -0.9144340832649684 0.6999999940395355 0.6694851075231053
v -0.962670274537704 0.6999999940395355 0.6894651953994252
v -1.0040916358052707 0.6999999940395355 0.7212489102899052
v -1.0358753506957508 0.6999999940395355 0.7626702715574719
v -1.0558554385720706 0.6999999940395355 0.8109064628302075
v -1.0626702760278202 0.6999999940395355 0.862670273047588
v -1.0558554385720706 0.6999999940395355 0.9144340832649686
v -1.0358753506957508 0.6999999940395355 0.9626702745377042
v -1.0040916358052707 0.6999999940395355 1.004091635805271
v -0.962670274537704 0.6999999940395355 1.035875350695751
v -0.9144340832649684 0.6999999940395355 1.0558554385720709
v -0.8626702730475879 0.6999999940395355 1.0626702760278204
v -0.8626702730475879 5.960464455334602e-9 1.1826702658950308
v -0.7798481811701274 5.960464455334602e-9 1.1717665498076895
v -0.7026702766238666 5.960464455334602e-9 1.1397984032451132
v -0.6363961105166889 5.960464455334602e-9 1.0889444355784872
v -0.5855421428500629 5.960464455334602e-9 1.0226702694713095
v -0.5535739962874866 5.960464455334602e-9 0.9454923649250485
v -0.5426702802001453 5.960464455334602e-9 0.862670273047588
v -0.5535739962874866 5.960464455334602e-9 0.7798481811701276
v -0.5855421428500629 5.960464455334602e-9 0.7026702766238667
v -0.6363961105166889 5.960464455334602e-9 0.636396110516689
v -0.7026702766238666 5.960464455334602e-9 0.585542142850063
v -0.7798481811701274 5.960464455334602e-9 0.5535739962874867
v -0.8626702730475879 5.960464455334602e-9 0.5426702802001454
v -0.9454923649250484 5.960464455334602e-9 0.5535739962874867
v -1.0226702694713092 5.960464455334602e-9 0.585542142850063
v -1.088944435578487 5.960464455334602e-9 0.636396110516689
v -1.139798403245113 5.960464455334602e-9 0.7026702766238667
v -1.1717665498076892 5.960464455334602e-9 0.7798481811701276
v -1.1826702658950305 5.960464455334602e-9 0.8626702730475879
v -1.1717665498076892 5.960464455334602e-9 0.9454923649250485
v -1.139798403245113 5.960464455334602e-9 1.0226702694713095
v -1.088944435578487 5.960464455334602e-9 1.0889444355784872
v -1.0226702694713092 5.960464455334602e-9 1.1397984032451132
v -0.9454923649250484 5.960464455334602e-9 1.1717665498076895
v -0.862670273047588 5.960464455334602e-9 1.1826702658950308
v -0.8626702730475879 0.6999999940395355 0.862670273047588
v -0.8626702730475879 0.6999999940395355 0.862670273047588
v -0.8626702730475879 0.6999999940395355 0.862670273047588
v -0.8626702730475879 0.6999999940395355 0.862670273047588
v -0.8626702730475879 0.6999999940395355 0.862670273047588
v -0.8626702730475879 0.6999999940395355 0.862670273047588
v -0.8626702730475879 0.6999999940395355 0.862670273047588
v -0.8626702730475879 0.6999999940395355 0.862670273047588
v -0.8626702730475879 0.6999999940395355 0.862670273047588
v -0.8626702730475879 0.6999999940395355 0.862670273047588
v -0.8626702730475879 0.6999999940395355 0.862670273047588
v -0.8626702730475879 0.6999999940395355 0.862670273047588
v -0.8626702730475879 0.6999999940395355 0.862670273047588
v -0.8626702730475879 0.6999999940395355 0.862670273047588
v -0.8626702730475879 0.6999999940395355 0.862670273047588
v -0.8626702730475879 0.6999999940395355 0.862670273047588
v -0.8626702730475879 0.6999999940395355 0.862670273047588
v -0.8626702730475879 0.6999999940395355 0.862670273047588
v -0.8626702730475879 0.6999999940395355 0.862670273047588
v -0.8626702730475879 0.6999999940395355 0.862670273047588
v -0.8626702730475879 0.6999999940395355 0.862670273047588
v -0.8626702730475879 0.6999999940395355 0.862670273047588
v -0.8626702730475879 0.6999999940395355 0.862670273047588
v -0.8626702730475879 0.6999999940395355 0.862670273047588
v -0.8626702730475879 0.6999999940395355 1.0626702760278204
v -0.8109064628302074 0.6999999940395355 1.0558554385720709
v -0.7626702715574718 0.6999999940395355 1.035875350695751
v -0.7212489102899051 0.6999999940395355 1.004091635805271
v -0.6894651953994251 0.6999999940395355 0.9626702745377042
v -0.6694851075231052 0.6999999940395355 0.9144340832649686
v -0.6626702700673557 0.6999999940395355 0.862670273047588
v -0.6694851075231052 0.6999999940395355 0.8109064628302075
v -0.6894651953994251 0.6999999940395355 0.7626702715574719
v -0.7212489102899051 0.6999999940395355 0.7212489102899052
v -0.7626702715574718 0.6999999940395355 0.6894651953994252
v -0.8109064628302074 0.6999999940395355 0.6694851075231053
v -0.8626702730475879 0.6999999940395355 0.6626702700673558
v -0.9144340832649684 0.6999999940395355 0.6694851075231053
v -0.962670274537704 0.6999999940395355 0.6894651953994252
v -1.0040916358052707 0.6999999940395355 0.7212489102899052
v -1.0358753506957508 0.6999999940395355 0.7626702715574719
v -1.0558554385720706 0.6999999940395355 0.8109064628302075
v -1.0626702760278202 0.6999999940395355 0.862670273047588
v -1.0558554385720706 0.6999999940395355 0.9144340832649686
v -1.0358753506957508 0.6999999940395355 0.9626702745377042
v -1.0040916358052707 0.6999999940395355 1.004091635805271
v -0.962670274537704 0.6999999940395355 1.035875350695751
v -0.9144340832649684 0.6999999940395355 1.0558554385720709
v -0.8626702730475879 0.6999999940395355 1.0626702760278204
v -0.8626702730475879 5.960464455334602e-9 0.862670273047588
v -0.8626702730475879 5.960464455334602e-9 0.862670273047588
v -0.8626702730475879 5.960464455334602e-9 0.862670273047588
v -0.8626702730475879 5.960464455334602e-9 0.862670273047588
v -0.8626702730475879 5.960464455334602e-9 0.862670273047588
v -0.8626702730475879 5.960464455334602e-9 0.862670273047588
v -0.8626702730475879 5.960464455334602e-9 0.862670273047588
v -0.8626702730475879 5.960464455334602e-9 0.862670273047588
v -0.8626702730475879 5.960464455334602e-9 0.862670273047588
v -0.8626702730475879 5.960464455334602e-9 0.862670273047588
v -0.8626702730475879 5.960464455334602e-9 0.862670273047588
v -0.8626702730475879 5.960464455334602e-9 0.862670273047588
v -0.8626702730475879 5.960464455334602e-9 0.862670273047588
v -0.8626702730475879 5.960464455334602e-9 0.862670273047588
v -0.8626702730475879 5.960464455334602e-9 0.862670273047588
v -0.8626702730475879 5.960464455334602e-9 0.862670273047588
v -0.8626702730475879 5.960464455334602e-9 0.862670273047588
v -0.8626702730475879 5.960464455334602e-9 0.862670273047588
v -0.8626702730475879 5.960464455334602e-9 0.862670273047588
v -0.8626702730475879 5.960464455334602e-9 0.862670273047588
v -0.8626702730475879 5.960464455334602e-9 0.862670273047588
v -0.8626702730475879 5.960464455334602e-9 0.862670273047588
v -0.8626702730475879 5.960464455334602e-9 0.862670273047588
v -0.8626702730475879 5.960464455334602e-9 0.862670273047588
v -0.8626702730475879 5.960464455334602e-9 1.1826702658950308
v -0.7798481811701274 5.960464455334602e-9 1.1717665498076895
v -0.7026702766238666 5.960464455334602e-9 1.1397984032451132
v -0.6363961105166889 5.960464455334602e-9 1.0889444355784872
v -0.5855421428500629 5.960464455334602e-9 1.0226702694713095
v -0.5535739962874866 5.960464455334602e-9 0.9454923649250485
v -0.5426702802001453 5.960464455334602e-9 0.862670273047588
v -0.5535739962874866 5.960464455334602e-9 0.7798481811701276
v -0.5855421428500629 5.960464455334602e-9 0.7026702766238667
v -0.6363961105166889 5.960464455334602e-9 0.636396110516689
v -0.7026702766238666 5.960464455334602e-9 0.585542142850063
v -0.7798481811701274 5.960464455334602e-9 0.5535739962874867
v -0.8626702730475879 5.960464455334602e-9 0.5426702802001454
v -0.9454923649250484 5.960464455334602e-9 0.5535739962874867
v -1.0226702694713092 5.960464455334602e-9 0.585542142850063
v -1.088944435578487 5.960464455334602e-9 0.636396110516689
v -1.139798403245113 5.960464455334602e-9 0.7026702766238667
v -1.1717665498076892 5.960464455334602e-9 0.7798481811701276
v -1.1826702658950305 5.960464455334602e-9 0.8626702730475879
v -1.1717665498076892 5.960464455334602e-9 0.9454923649250485
v -1.139798403245113 5.960464455334602e-9 1.0226702694713095
v -1.088944435578487 5.960464455334602e-9 1.0889444355784872
v -1.0226702694713092 5.960464455334602e-9 1.1397984032451132
v -0.9454923649250484 5.960464455334602e-9 1.1717665498076895
v -0.862670273047588 5.960464455334602e-9 1.1826702658950308
vt 0 1
vt 0.0416666679084301 1
vt 0.0833333358168602 1
vt 0.125 1
vt 0.1666666716337204 1
vt 0.2083333283662796 1
vt 0.25 1
vt 0.2916666567325592 1
vt 0.3333333432674408 1
vt 0.375 1
vt 0.4166666567325592 1
vt 0.4583333432674408 1
vt 0.5 1
vt 0.5416666865348816 1
vt 0.5833333134651184 1
vt 0.625 1
vt 0.6666666865348816 1
vt 0.7083333134651184 1
vt 0.75 1
vt 0.7916666865348816 1
vt 0.8333333134651184 1
vt 0.875 1
vt 0.9166666865348816 1
vt 0.9583333134651184 1
vt 1 1
vt 0 0
vt 0.0416666679084301 0
vt 0.0833333358168602 0
vt 0.125 0
vt 0.1666666716337204 0
vt 0.2083333283662796 0
vt 0.25 0
vt 0.2916666567325592 0
vt 0.3333333432674408 0
vt 0.375 0
vt 0.4166666567325592 0
vt 0.4583333432674408 0
vt 0.5 0
vt 0.5416666865348816 0
vt 0.5833333134651184 0
vt 0.625 0
vt 0.6666666865348816 0
vt 0.7083333134651184 0
vt 0.75 0
vt 0.7916666865348816 0
vt 0.8333333134651184 0
vt 0.875 0
vt 0.9166666865348816 0
vt 0.9583333134651184 0
vt 1 0
vt 0.5 0.5
vt 0.5 0.5
vt 0.5 0.5
vt 0.5 0.5
vt 0.5 0.5
vt 0.5 0.5
vt 0.5 0.5
vt 0.5 0.5
vt 0.5 0.5
vt 0.5 0.5
vt 0.5 0.5
vt 0.5 0.5
vt 0.5 0.5
vt 0.5 0.5
vt 0.5 0.5
vt 0.5 0.5
vt 0.5 0.5
vt 0.5 0.5
vt 0.5 0.5
vt 0.5 0.5
vt 0.5 0.5
vt 0.5 0.5
vt 0.5 0.5
vt 0.5 0.5
vt 1 0.5
vt 0.9829629063606262 0.6294095516204834
vt 0.9330127239227295 0.75
vt 0.8535534143447876 0.8535534143447876
vt 0.75 0.9330127239227295
vt 0.6294095516204834 0.9829629063606262
vt 0.5 1
vt 0.370590478181839 0.9829629063606262
vt 0.25 0.9330127239227295
vt 0.1464466154575348 0.8535534143447876
vt 0.0669872984290123 0.75
vt 0.017037086188793182 0.6294095516204834
vt 0 0.5
vt 0.017037086188793182 0.370590478181839
vt 0.0669872984290123 0.25
vt 0.1464466154575348 0.1464466154575348
vt 0.25 0.0669872984290123
vt 0.370590478181839 0.017037086188793182
vt 0.5 0
vt 0.6294095516204834 0.017037086188793182
vt 0.75 0.0669872984290123
vt 0.8535534143447876 0.1464466154575348
vt 0.9330127239227295 0.25
vt 0.9829629063606262 0.370590478181839
vt 1 0.5
vt 0.5 0.5
vt 0.5 0.5
vt 0.5 0.5
vt 0.5 0.5
vt 0.5 0.5
vt 0.5 0.5
vt 0.5 0.5
vt 0.5 0.5
vt 0.5 0.5
vt 0.5 0.5
vt 0.5 0.5
vt 0.5 0.5
vt 0.5 0.5
vt 0.5 0.5
vt 0.5 0.5
vt 0.5 0.5
vt 0.5 0.5
vt 0.5 0.5
vt 0.5 0.5
vt 0.5 0.5
vt 0.5 0.5
vt 0.5 0.5
vt 0.5 0.5
vt 0.5 0.5
vt 1 0.5
vt 0.9829629063606262 0.370590478181839
vt 0.9330127239227295 0.25
vt 0.8535534143447876 0.1464466154575348
vt 0.75 0.0669872984290123
vt 0.6294095516204834 0.017037086188793182
vt 0.5 0
vt 0.370590478181839 0.017037086188793182
vt 0.25 0.0669872984290123
vt 0.1464466154575348 0.1464466154575348
vt 0.0669872984290123 0.25
vt 0.017037086188793182 0.370590478181839
vt 0 0.5
vt 0.017037086188793182 0.6294095516204834
vt 0.0669872984290123 0.75
vt 0.1464466154575348 0.8535534143447876
vt 0.25 0.9330127239227295
vt 0.370590478181839 0.9829629063606262
vt 0.5 1
vt 0.6294095516204834 0.9829629063606262
vt 0.75 0.9330127239227295
vt 0.8535534143447876 0.8535534143447876
vt 0.9330127239227295 0.75
vt 0.9829629063606262 0.6294095516204834
vt 1 0.5
vn 0 0.16896382420988967 0.9856222532534306
vn 0.25509780673174526 0.1689638199263626 0.9520379911308923
vn 0.49281111356139395 0.16896381973035068 0.8535739182827158
vn 0.6969401796234542 0.16896381876855981 0.6969401796234542
vn 0.8535739182827158 0.16896381973035068 0.49281111356139395
vn 0.9520379911308923 0.1689638199263626 0.25509780673174526
vn 0.9856222532534306 0.16896382420988967 6.035195935551298e-17
vn 0.9520379911308923 0.1689638199263626 -0.25509780673174526
vn 0.8535739182827158 0.16896381973035068 -0.49281111356139395
vn 0.6969401796234542 0.16896381876855981 -0.6969401796234542
vn 0.49281111356139395 0.16896381973035068 -0.8535739182827158
vn 0.25509780673174526 0.1689638199263626 -0.9520379911308923
vn 1.2070391871102596e-16 0.16896382420988967 -0.9856222532534306
vn -0.25509780673174526 0.1689638199263626 -0.9520379911308923
vn -0.49281111356139395 0.16896381973035068 -0.8535739182827158
vn -0.6969401796234542 0.16896381876855981 -0.6969401796234542
vn -0.8535739182827158 0.16896381973035068 -0.49281111356139395
vn -0.9520379911308923 0.1689638199263626 -0.25509780673174526
vn -0.9856222532534306 0.16896382420988967 -1.8105587806653895e-16
vn -0.9520379911308923 0.1689638199263626 0.25509780673174526
vn -0.8535739182827158 0.16896381973035068 0.49281111356139395
vn -0.6969401796234542 0.16896381876855981 0.6969401796234542
vn -0.49281111356139395 0.16896381973035068 0.8535739182827158
vn -0.25509780673174526 0.1689638199263626 0.9520379911308923
vn -2.414078374220519e-16 0.16896382420988967 0.9856222532534306
vn 0 0.16896382420988967 0.9856222532534306
vn 0.25509780673174526 0.1689638199263626 0.9520379911308923
vn 0.49281111356139395 0.16896381973035068 0.8535739182827158
vn 0.6969401796234542 0.16896381876855981 0.6969401796234542
vn 0.8535739182827158 0.16896381973035068 0.49281111356139395
vn 0.9520379911308923 0.1689638199263626 0.25509780673174526
vn 0.9856222532534306 0.16896382420988967 6.035195935551298e-17
vn 0.9520379911308923 0.1689638199263626 -0.25509780673174526
vn 0.8535739182827158 0.16896381973035068 -0.49281111356139395
vn 0.6969401796234542 0.16896381876855981 -0.6969401796234542
vn 0.49281111356139395 0.16896381973035068 -0.8535739182827158
vn 0.25509780673174526 0.1689638199263626 -0.9520379911308923
vn 1.2070391871102596e-16 0.16896382420988967 -0.9856222532534306
vn -0.25509780673174526 0.1689638199263626 -0.9520379911308923
vn -0.49281111356139395 0.16896381973035068 -0.8535739182827158
vn -0.6969401796234542 0.16896381876855981 -0.6969401796234542
vn -0.8535739182827158 0.16896381973035068 -0.49281111356139395
vn -0.9520379911308923 0.1689638199263626 -0.25509780673174526
vn -0.9856222532534306 0.16896382420988967 -1.8105587806653895e-16
vn -0.9520379911308923 0.1689638199263626 0.25509780673174526
vn -0.8535739182827158 0.16896381973035068 0.49281111356139395
vn -0.6969401796234542 0.16896381876855981 0.6969401796234542
vn -0.49281111356139395 0.16896381973035068 0.8535739182827158
vn -0.25509780673174526 0.1689638199263626 0.9520379911308923
vn -2.414078374220519e-16 0.16896382420988967 0.9856222532534306
vn 0 1 0
vn 0 1 0
vn 0 1 0
vn 0 1 0
vn 0 1 0
vn 0 1 0
vn 0 1 0
vn 0 1 0
vn 0 1 0
vn 0 1 0
vn 0 1 0
vn 0 1 0
vn 0 1 0
vn 0 1 0
vn 0 1 0
vn 0 1 0
vn 0 1 0
vn 0 1 0
vn 0 1 0
vn 0 1 0
vn 0 1 0
vn 0 1 0
vn 0 1 0
vn 0 1 0
vn 0 1 0
vn 0 1 0
vn 0 1 0
vn 0 1 0
vn 0 1 0
vn 0 1 0
vn 0 1 0
vn 0 1 0
vn 0 1 0
vn 0 1 0
vn 0 1 0
vn 0 1 0
vn 0 1 0
vn 0 1 0
vn 0 1 0
vn 0 1 0
vn 0 1 0
vn 0 1 0
vn 0 1 0
vn 0 1 0
vn 0 1 0
vn 0 1 0
vn 0 1 0
vn 0 1 0
vn 0 1 0
vn 0 -1 0
vn 0 -1 0
vn 0 -1 0
vn 0 -1 0
vn 0 -1 0
vn 0 -1 0
vn 0 -1 0
vn 0 -1 0
vn 0 -1 0
vn 0 -1 0
vn 0 -1 0
vn 0 -1 0
vn 0 -1 0
vn 0 -1 0
vn 0 -1 0
vn 0 -1 0
vn 0 -1 0
vn 0 -1 0
vn 0 -1 0
vn 0 -1 0
vn 0 -1 0
vn 0 -1 0
vn 0 -1 0
vn 0 -1 0
vn 0 -1 0
vn 0 -1 0
vn 0 -1 0
vn 0 -1 0
vn 0 -1 0
vn 0 -1 0
vn 0 -1 0
vn 0 -1 0
vn 0 -1 0
vn 0 -1 0
vn 0 -1 0
vn 0 -1 0
vn 0 -1 0
vn 0 -1 0
vn 0 -1 0
vn 0 -1 0
vn 0 -1 0
vn 0 -1 0
vn 0 -1 0
vn 0 -1 0
vn 0 -1 0
vn 0 -1 0
vn 0 -1 0
vn 0 -1 0
vn 0 -1 0
f 1507/1507/1507 1532/1532/1532 1508/1508/1508
f 1532/1532/1532 1533/1533/1533 1508/1508/1508
f 1508/1508/1508 1533/1533/1533 1509/1509/1509
f 1533/1533/1533 1534/1534/1534 1509/1509/1509
f 1509/1509/1509 1534/1534/1534 1510/1510/1510
f 1534/1534/1534 1535/1535/1535 1510/1510/1510
f 1510/1510/1510 1535/1535/1535 1511/1511/1511
f 1535/1535/1535 1536/1536/1536 1511/1511/1511
f 1511/1511/1511 1536/1536/1536 1512/1512/1512
f 1536/1536/1536 1537/1537/1537 1512/1512/1512
f 1512/1512/1512 1537/1537/1537 1513/1513/1513
f 1537/1537/1537 1538/1538/1538 1513/1513/1513
f 1513/1513/1513 1538/1538/1538 1514/1514/1514
f 1538/1538/1538 1539/1539/1539 1514/1514/1514
f 1514/1514/1514 1539/1539/1539 1515/1515/1515
f 1539/1539/1539 1540/1540/1540 1515/1515/1515
f 1515/1515/1515 1540/1540/1540 1516/1516/1516
f 1540/1540/1540 1541/1541/1541 1516/1516/1516
f 1516/1516/1516 1541/1541/1541 1517/1517/1517
f 1541/1541/1541 1542/1542/1542 1517/1517/1517
f 1517/1517/1517 1542/1542/1542 1518/1518/1518
f 1542/1542/1542 1543/1543/1543 1518/1518/1518
f 1518/1518/1518 1543/1543/1543 1519/1519/1519
f 1543/1543/1543 1544/1544/1544 1519/1519/1519
f 1519/1519/1519 1544/1544/1544 1520/1520/1520
f 1544/1544/1544 1545/1545/1545 1520/1520/1520
f 1520/1520/1520 1545/1545/1545 1521/1521/1521
f 1545/1545/1545 1546/1546/1546 1521/1521/1521
f 1521/1521/1521 1546/1546/1546 1522/1522/1522
f 1546/1546/1546 1547/1547/1547 1522/1522/1522
f 1522/1522/1522 1547/1547/1547 1523/1523/1523
f 1547/1547/1547 1548/1548/1548 1523/1523/1523
f 1523/1523/1523 1548/1548/1548 1524/1524/1524
f 1548/1548/1548 1549/1549/1549 1524/1524/1524
f 1524/1524/1524 1549/1549/1549 1525/1525/1525
f 1549/1549/1549 1550/1550/1550 1525/1525/1525
f 1525/1525/1525 1550/1550/1550 1526/1526/1526
f 1550/1550/1550 1551/1551/1551 1526/1526/1526
f 1526/1526/1526 1551/1551/1551 1527/1527/1527
f 1551/1551/1551 1552/1552/1552 1527/1527/1527
f 1527/1527/1527 1552/1552/1552 1528/1528/1528
f 1552/1552/1552 1553/1553/1553 1528/1528/1528
f 1528/1528/1528 1553/1553/1553 1529/1529/1529
f 1553/1553/1553 1554/1554/1554 1529/1529/1529
f 1529/1529/1529 1554/1554/1554 1530/1530/1530
f 1554/1554/1554 1555/1555/1555 1530/1530/1530
f 1530/1530/1530 1555/1555/1555 1531/1531/1531
f 1555/1555/1555 1556/1556/1556 1531/1531/1531
f 1581/1581/1581 1582/1582/1582 1557/1557/1557
f 1582/1582/1582 1583/1583/1583 1558/1558/1558
f 1583/1583/1583 1584/1584/1584 1559/1559/1559
f 1584/1584/1584 1585/1585/1585 1560/1560/1560
f 1585/1585/1585 1586/1586/1586 1561/1561/1561
f 1586/1586/1586 1587/1587/1587 1562/1562/1562
f 1587/1587/1587 1588/1588/1588 1563/1563/1563
f 1588/1588/1588 1589/1589/1589 1564/1564/1564
f 1589/1589/1589 1590/1590/1590 1565/1565/1565
f 1590/1590/1590 1591/1591/1591 1566/1566/1566
f 1591/1591/1591 1592/1592/1592 1567/1567/1567
f 1592/1592/1592 1593/1593/1593 1568/1568/1568
f 1593/1593/1593 1594/1594/1594 1569/1569/1569
f 1594/1594/1594 1595/1595/1595 1570/1570/1570
f 1595/1595/1595 1596/1596/1596 1571/1571/1571
f 1596/1596/1596 1597/1597/1597 1572/1572/1572
f 1597/1597/1597 1598/1598/1598 1573/1573/1573
f 1598/1598/1598 1599/1599/1599 1574/1574/1574
f 1599/1599/1599 1600/1600/1600 1575/1575/1575
f 1600/1600/1600 1601/1601/1601 1576/1576/1576
f 1601/1601/1601 1602/1602/1602 1577/1577/1577
f 1602/1602/1602 1603/1603/1603 1578/1578/1578
f 1603/1603/1603 1604/1604/1604 1579/1579/1579
f 1604/1604/1604 1605/1605/1605 1580/1580/1580
f 1631/1631/1631 1630/1630/1630 1606/1606/1606
f 1632/1632/1632 1631/1631/1631 1607/1607/1607
f 1633/1633/1633 1632/1632/1632 1608/1608/1608
f 1634/1634/1634 1633/1633/1633 1609/1609/1609
f 1635/1635/1635 1634/1634/1634 1610/1610/1610
f 1636/1636/1636 1635/1635/1635 1611/1611/1611
f 1637/1637/1637 1636/1636/1636 1612/1612/1612
f 1638/1638/1638 1637/1637/1637 1613/1613/1613
f 1639/1639/1639 1638/1638/1638 1614/1614/1614
f 1640/1640/1640 1639/1639/1639 1615/1615/1615
f 1641/1641/1641 1640/1640/1640 1616/1616/1616
f 1642/1642/1642 1641/1641/1641 1617/1617/1617
f 1643/1643/1643 1642/1642/1642 1618/1618/1618
f 1644/1644/1644 1643/1643/1643 1619/1619/1619
f 1645/1645/1645 1644/1644/1644 1620/1620/1620
f 1646/1646/1646 1645/1645/1645 1621/1621/1621
f 1647/1647/1647 1646/1646/1646 1622/1622/1622
f 1648/1648/1648 1647/1647/1647 1623/1623/1623
f 1649/1649/1649 1648/1648/1648 1624/1624/1624
f 1650/1650/1650 1649/1649/1649 1625/1625/1625
f 1651/1651/1651 1650/1650/1650 1626/1626/1626
f 1652/1652/1652 1651/1651/1651 1627/1627/1627
f 1653/1653/1653 1652/1652/1652 1628/1628/1628
f 1654/1654/1654 1653/1653/1653 1629/1629/1629
o merlin_nozzle_5
usemtl nozzle_soot
v -1.22 -1.1920928910669204e-8 0.3199999928474428
v -1.1575710971653461 -1.1920928910669204e-8 0.31385129690170305
v -1.0975413036346435 -1.1920928910669204e-8 0.29564145207405107
v -1.0422175240516662 -1.1920928910669204e-8 0.2660702764987947
v -0.9937258374691009 -1.1920928910669204e-8 0.2262741625308992
v -0.9539297235012054 -1.1920928910669204e-8 0.17778247594833388
v -0.9243585479259491 -1.1920928910669204e-8 0.1224586963653566
v -0.9061487030982971 -1.1920928910669204e-8 0.06242890283465401
v -0.9000000071525573 -1.1920928910669204e-8 1.6900125814472303e-16
v -0.9061487030982971 -1.1920928910669204e-8 -0.0624289028346537
v -0.9243585479259491 -1.1920928910669204e-8 -0.12245869636535629
v -0.9539297235012054 -1.1920928910669204e-8 -0.1777824759483336
v -0.9937258374691009 -1.1920928910669204e-8 -0.2262741625308989
v -1.0422175240516662 -1.1920928910669204e-8 -0.2660702764987944
v -1.0975413036346435 -1.1920928910669204e-8 -0.29564145207405074
v -1.1575710971653461 -1.1920928910669204e-8 -0.3138512969017027
v -1.22 -1.1920928910669204e-8 -0.31999999284744246
v -1.2824289028346538 -1.1920928910669204e-8 -0.3138512969017027
v -1.3424586963653564 -1.1920928910669204e-8 -0.29564145207405074
v -1.3977824759483337 -1.1920928910669204e-8 -0.2660702764987944
v -1.446274162530899 -1.1920928910669204e-8 -0.2262741625308989
v -1.4860702764987945 -1.1920928910669204e-8 -0.1777824759483336
v -1.5156414520740509 -1.1920928910669204e-8 -0.12245869636535629
v -1.5338512969017029 -1.1920928910669204e-8 -0.0624289028346537
v -1.5399999928474426 -1.1920928910669204e-8 9.0623861895378e-17
v -1.5338512969017029 -1.1920928910669204e-8 0.06242890283465401
v -1.5156414520740509 -1.1920928910669204e-8 0.1224586963653566
v -1.4860702764987945 -1.1920928910669204e-8 0.17778247594833388
v -1.446274162530899 -1.1920928910669204e-8 0.2262741625308992
v -1.3977824759483337 -1.1920928910669204e-8 0.2660702764987947
v -1.3424586963653564 -1.1920928910669204e-8 0.29564145207405107
v -1.2824289028346538 -1.1920928910669204e-8 0.31385129690170305
v -1.22 -1.1920928910669204e-8 0.3199999928474428
v -1.22 -1.899999988079071 0.5500000119209291
v -1.1127003219723701 -1.899999988079071 0.539431929588318
v -1.009524108171463 -1.899999988079071 0.5081337690353395
v -0.9144363713264465 -1.899999988079071 0.4573082923889162
v -0.8310912561416626 -1.899999988079071 0.38890874385833757
v -0.762691707611084 -1.899999988079071 0.30556362867355363
v -0.7118662309646606 -1.899999988079071 0.21047589182853713
v -0.6805680704116821 -1.899999988079071 0.10729967802763
v -0.669999988079071 -1.899999988079071 1.830846979420692e-16
v -0.6805680704116821 -1.899999988079071 -0.1072996780276297
v -0.7118662309646606 -1.899999988079071 -0.21047589182853685
v -0.762691707611084 -1.899999988079071 -0.3055636286735533
v -0.8310912561416626 -1.899999988079071 -0.38890874385833724
v -0.9144363713264465 -1.899999988079071 -0.45730829238891585
v -1.009524108171463 -1.899999988079071 -0.5081337690353392
v -1.1127003219723701 -1.899999988079071 -0.5394319295883178
v -1.22 -1.899999988079071 -0.5500000119209288
v -1.3272996780276298 -1.899999988079071 -0.5394319295883178
v -1.430475891828537 -1.899999988079071 -0.5081337690353392
v -1.5255636286735534 -1.899999988079071 -0.45730829238891585
v -1.6089087438583374 -1.899999988079071 -0.38890874385833724
v -1.677308292388916 -1.899999988079071 -0.3055636286735533
v -1.7281337690353393 -1.899999988079071 -0.21047589182853685
v -1.7594319295883178 -1.899999988079071 -0.1072996780276297
v -1.770000011920929 -1.899999988079071 4.8373547466423183e-17
v -1.7594319295883178 -1.899999988079071 0.10729967802763
v -1.7281337690353393 -1.899999988079071 0.21047589182853713
v -1.677308292388916 -1.899999988079071 0.30556362867355363
v -1.6089087438583374 -1.899999988079071 0.38890874385833757
v -1.5255636286735534 -1.899999988079071 0.4573082923889162
v -1.430475891828537 -1.899999988079071 0.5081337690353395
v -1.3272996780276298 -1.899999988079071 0.539431929588318
v -1.2200000000000002 -1.899999988079071 0.5500000119209291
vt 0 1
vt 0.03125 1
vt 0.0625 1
vt 0.09375 1
vt 0.125 1
vt 0.15625 1
vt 0.1875 1
vt 0.21875 1
vt 0.25 1
vt 0.28125 1
vt 0.3125 1
vt 0.34375 1
vt 0.375 1
vt 0.40625 1
vt 0.4375 1
vt 0.46875 1
vt 0.5 1
vt 0.53125 1
vt 0.5625 1
vt 0.59375 1
vt 0.625 1
vt 0.65625 1
vt 0.6875 1
vt 0.71875 1
vt 0.75 1
vt 0.78125 1
vt 0.8125 1
vt 0.84375 1
vt 0.875 1
vt 0.90625 1
vt 0.9375 1
vt 0.96875 1
vt 1 1
vt 0 0
vt 0.03125 0
vt 0.0625 0
vt 0.09375 0
vt 0.125 0
vt 0.15625 0
vt 0.1875 0
vt 0.21875 0
vt 0.25 0
vt 0.28125 0
vt 0.3125 0
vt 0.34375 0
vt 0.375 0
vt 0.40625 0
vt 0.4375 0
vt 0.46875 0
vt 0.5 0
vt 0.53125 0
vt 0.5625 0
vt 0.59375 0
vt 0.625 0
vt 0.65625 0
vt 0.6875 0
vt 0.71875 0
vt 0.75 0
vt 0.78125 0
vt 0.8125 0
vt 0.84375 0
vt 0.875 0
vt 0.90625 0
vt 0.9375 0
vt 0.96875 0
vt 1 0
vn 0 0.12017532589174768 0.9927526837268245
vn 0.19367644214852053 0.12017532452971244 0.9736772191701257
vn 0.37990999730114133 0.12017532598832087 0.9171838883093442
vn 0.5515438361793547 0.12017532532910785 0.8254436915711477
vn 0.7019821546273324 0.12017532679188415 0.7019821546273324
vn 0.8254436915711477 0.12017532532910785 0.5515438361793547
vn 0.9171838883093442 0.12017532598832087 0.37990999730114133
vn 0.9736772191701257 0.12017532452971244 0.19367644214852053
vn 0.9927526837268245 0.12017532589174768 6.078857092128074e-17
vn 0.9736772191701257 0.12017532452971244 -0.19367644214852053
vn 0.9171838883093442 0.12017532598832087 -0.37990999730114133
vn 0.8254436915711477 0.12017532532910785 -0.5515438361793547
vn 0.7019821546273324 0.12017532679188415 -0.7019821546273324
vn 0.5515438361793547 0.12017532532910785 -0.8254436915711477
vn 0.37990999730114133 0.12017532598832087 -0.9171838883093442
vn 0.19367644214852053 0.12017532452971244 -0.9736772191701257
vn 1.215771418425615e-16 0.12017532589174768 -0.9927526837268245
vn -0.19367644214852053 0.12017532452971244 -0.9736772191701257
vn -0.37990999730114133 0.12017532598832087 -0.9171838883093442
vn -0.5515438361793547 0.12017532532910785 -0.8254436915711477
vn -0.7019821546273324 0.12017532679188415 -0.7019821546273324
vn -0.8254436915711477 0.12017532532910785 -0.5515438361793547
vn -0.9171838883093442 0.12017532598832087 -0.37990999730114133
vn -0.9736772191701257 0.12017532452971244 -0.19367644214852053
vn -0.9927526837268245 0.12017532589174768 -1.8236570614639727e-16
vn -0.9736772191701257 0.12017532452971244 0.19367644214852053
vn -0.9171838883093442 0.12017532598832087 0.37990999730114133
vn -0.8254436915711477 0.12017532532910785 0.5515438361793547
vn -0.7019821546273324 0.12017532679188415 0.7019821546273324
vn -0.5515438361793547 0.12017532532910785 0.8254436915711477
vn -0.37990999730114133 0.12017532598832087 0.9171838883093442
vn -0.19367644214852053 0.12017532452971244 0.9736772191701257
vn -2.43154283685123e-16 0.12017532589174768 0.9927526837268245
vn 0 0.12017532589174768 0.9927526837268245
vn 0.19367644214852053 0.12017532452971244 0.9736772191701257
vn 0.37990999730114133 0.12017532598832087 0.9171838883093442
vn 0.5515438361793547 0.12017532532910785 0.8254436915711477
vn 0.7019821546273324 0.12017532679188415 0.7019821546273324
vn 0.8254436915711477 0.12017532532910785 0.5515438361793547
vn 0.9171838883093442 0.12017532598832087 0.37990999730114133
vn 0.9736772191701257 0.12017532452971244 0.19367644214852053
vn 0.9927526837268245 0.12017532589174768 6.078857092128074e-17
vn 0.9736772191701257 0.12017532452971244 -0.19367644214852053
vn 0.9171838883093442 0.12017532598832087 -0.37990999730114133
vn 0.8254436915711477 0.12017532532910785 -0.5515438361793547
vn 0.7019821546273324 0.12017532679188415 -0.7019821546273324
vn 0.5515438361793547 0.12017532532910785 -0.8254436915711477
vn 0.37990999730114133 0.12017532598832087 -0.9171838883093442
vn 0.19367644214852053 0.12017532452971244 -0.9736772191701257
vn 1.215771418425615e-16 0.12017532589174768 -0.9927526837268245
vn -0.19367644214852053 0.12017532452971244 -0.9736772191701257
vn -0.37990999730114133 0.12017532598832087 -0.9171838883093442
vn -0.5515438361793547 0.12017532532910785 -0.8254436915711477
vn -0.7019821546273324 0.12017532679188415 -0.7019821546273324
vn -0.8254436915711477 0.12017532532910785 -0.5515438361793547
vn -0.9171838883093442 0.12017532598832087 -0.37990999730114133
vn -0.9736772191701257 0.12017532452971244 -0.19367644214852053
vn -0.9927526837268245 0.12017532589174768 -1.8236570614639727e-16
vn -0.9736772191701257 0.12017532452971244 0.19367644214852053
vn -0.9171838883093442 0.12017532598832087 0.37990999730114133
vn -0.8254436915711477 0.12017532532910785 0.5515438361793547
vn -0.7019821546273324 0.12017532679188415 0.7019821546273324
vn -0.5515438361793547 0.12017532532910785 0.8254436915711477
vn -0.37990999730114133 0.12017532598832087 0.9171838883093442
vn -0.19367644214852053 0.12017532452971244 0.9736772191701257
vn -2.43154283685123e-16 0.12017532589174768 0.9927526837268245
f 1655/1655/1655 1688/1688/1688 1656/1656/1656
f 1688/1688/1688 1689/1689/1689 1656/1656/1656
f 1656/1656/1656 1689/1689/1689 1657/1657/1657
f 1689/1689/1689 1690/1690/1690 1657/1657/1657
f 1657/1657/1657 1690/1690/1690 1658/1658/1658
f 1690/1690/1690 1691/1691/1691 1658/1658/1658
f 1658/1658/1658 1691/1691/1691 1659/1659/1659
f 1691/1691/1691 1692/1692/1692 1659/1659/1659
f 1659/1659/1659 1692/1692/1692 1660/1660/1660
f 1692/1692/1692 1693/1693/1693 1660/1660/1660
f 1660/1660/1660 1693/1693/1693 1661/1661/1661
f 1693/1693/1693 1694/1694/1694 1661/1661/1661
f 1661/1661/1661 1694/1694/1694 1662/1662/1662
f 1694/1694/1694 1695/1695/1695 1662/1662/1662
f 1662/1662/1662 1695/1695/1695 1663/1663/1663
f 1695/1695/1695 1696/1696/1696 1663/1663/1663
f 1663/1663/1663 1696/1696/1696 1664/1664/1664
f 1696/1696/1696 1697/1697/1697 1664/1664/1664
f 1664/1664/1664 1697/1697/1697 1665/1665/1665
f 1697/1697/1697 1698/1698/1698 1665/1665/1665
f 1665/1665/1665 1698/1698/1698 1666/1666/1666
f 1698/1698/1698 1699/1699/1699 1666/1666/1666
f 1666/1666/1666 1699/1699/1699 1667/1667/1667
f 1699/1699/1699 1700/1700/1700 1667/1667/1667
f 1667/1667/1667 1700/1700/1700 1668/1668/1668
f 1700/1700/1700 1701/1701/1701 1668/1668/1668
f 1668/1668/1668 1701/1701/1701 1669/1669/1669
f 1701/1701/1701 1702/1702/1702 1669/1669/1669
f 1669/1669/1669 1702/1702/1702 1670/1670/1670
f 1702/1702/1702 1703/1703/1703 1670/1670/1670
f 1670/1670/1670 1703/1703/1703 1671/1671/1671
f 1703/1703/1703 1704/1704/1704 1671/1671/1671
f 1671/1671/1671 1704/1704/1704 1672/1672/1672
f 1704/1704/1704 1705/1705/1705 1672/1672/1672
f 1672/1672/1672 1705/1705/1705 1673/1673/1673
f 1705/1705/1705 1706/1706/1706 1673/1673/1673
f 1673/1673/1673 1706/1706/1706 1674/1674/1674
f 1706/1706/1706 1707/1707/1707 1674/1674/1674
f 1674/1674/1674 1707/1707/1707 1675/1675/1675
f 1707/1707/1707 1708/1708/1708 1675/1675/1675
f 1675/1675/1675 1708/1708/1708 1676/1676/1676
f 1708/1708/1708 1709/1709/1709 1676/1676/1676
f 1676/1676/1676 1709/1709/1709 1677/1677/1677
f 1709/1709/1709 1710/1710/1710 1677/1677/1677
f 1677/1677/1677 1710/1710/1710 1678/1678/1678
f 1710/1710/1710 1711/1711/1711 1678/1678/1678
f 1678/1678/1678 1711/1711/1711 1679/1679/1679
f 1711/1711/1711 1712/1712/1712 1679/1679/1679
f 1679/1679/1679 1712/1712/1712 1680/1680/1680
f 1712/1712/1712 1713/1713/1713 1680/1680/1680
f 1680/1680/1680 1713/1713/1713 1681/1681/1681
f 1713/1713/1713 1714/1714/1714 1681/1681/1681
f 1681/1681/1681 1714/1714/1714 1682/1682/1682
f 1714/1714/1714 1715/1715/1715 1682/1682/1682
f 1682/1682/1682 1715/1715/1715 1683/1683/1683
f 1715/1715/1715 1716/1716/1716 1683/1683/1683
f 1683/1683/1683 1716/1716/1716 1684/1684/1684
f 1716/1716/1716 1717/1717/1717 1684/1684/1684
f 1684/1684/1684 1717/1717/1717 1685/1685/1685
f 1717/1717/1717 1718/1718/1718 1685/1685/1685
f 1685/1685/1685 1718/1718/1718 1686/1686/1686
f 1718/1718/1718 1719/1719/1719 1686/1686/1686
f 1686/1686/1686 1719/1719/1719 1687/1687/1687
f 1719/1719/1719 1720/1720/1720 1687/1687/1687
o merlin_throat_5
usemtl engine_metal
v -1.22 0.6999999940395355 0.20000000298023238
v -1.1682361897826194 0.6999999940395355 0.19318516552448287
v -1.1199999985098839 0.6999999940395355 0.17320507764816298
v -1.0785786372423172 0.6999999940395355 0.14142136275768294
v -1.0467949223518371 0.6999999940395355 0.10000000149011627
v -1.0268148344755172 0.6999999940395355 0.051763810217380676
v -1.0199999970197677 0.6999999940395355 1.6165337719464815e-16
v -1.0268148344755172 0.6999999940395355 -0.05176381021738037
v -1.0467949223518371 0.6999999940395355 -0.10000000149011597
v -1.0785786372423172 0.6999999940395355 -0.14142136275768266
v -1.1199999985098839 0.6999999940395355 -0.1732050776481627
v -1.1682361897826194 0.6999999940395355 -0.1931851655244826
v -1.22 0.6999999940395355 -0.2000000029802321
v -1.2717638102173805 0.6999999940395355 -0.1931851655244826
v -1.320000001490116 0.6999999940395355 -0.1732050776481627
v -1.3614213627576828 0.6999999940395355 -0.14142136275768266
v -1.3932050776481628 0.6999999940395355 -0.10000000149011597
v -1.4131851655244827 0.6999999940395355 -0.05176381021738037
v -1.4200000029802322 0.6999999940395355 1.1266750391842205e-16
v -1.4131851655244827 0.6999999940395355 0.051763810217380676
v -1.3932050776481628 0.6999999940395355 0.10000000149011627
v -1.3614213627576828 0.6999999940395355 0.14142136275768294
v -1.320000001490116 0.6999999940395355 0.17320507764816298
v -1.2717638102173805 0.6999999940395355 0.19318516552448287
v -1.22 0.6999999940395355 0.20000000298023238
v -1.22 5.960464455334602e-9 0.3199999928474428
v -1.1371779081225395 5.960464455334602e-9 0.3090962767601015
v -1.0600000035762787 5.960464455334602e-9 0.2771281301975252
v -0.9937258374691009 5.960464455334602e-9 0.2262741625308992
v -0.942871869802475 5.960464455334602e-9 0.15999999642372145
v -0.9109037232398987 5.960464455334602e-9 0.08282209187746063
v -0.9000000071525573 5.960464455334602e-9 1.6900125814472303e-16
v -0.9109037232398987 5.960464455334602e-9 -0.08282209187746033
v -0.942871869802475 5.960464455334602e-9 -0.15999999642372117
v -0.9937258374691009 5.960464455334602e-9 -0.2262741625308989
v -1.0600000035762787 5.960464455334602e-9 -0.27712813019752486
v -1.1371779081225395 5.960464455334602e-9 -0.30909627676010115
v -1.22 5.960464455334602e-9 -0.31999999284744246
v -1.3028220918774605 5.960464455334602e-9 -0.30909627676010115
v -1.3799999964237213 5.960464455334602e-9 -0.27712813019752486
v -1.446274162530899 5.960464455334602e-9 -0.2262741625308989
v -1.497128130197525 5.960464455334602e-9 -0.15999999642372117
v -1.5290962767601013 5.960464455334602e-9 -0.08282209187746033
v -1.5399999928474426 5.960464455334602e-9 9.0623861895378e-17
v -1.5290962767601013 5.960464455334602e-9 0.08282209187746063
v -1.497128130197525 5.960464455334602e-9 0.15999999642372145
v -1.446274162530899 5.960464455334602e-9 0.2262741625308992
v -1.3799999964237213 5.960464455334602e-9 0.2771281301975252
v -1.3028220918774605 5.960464455334602e-9 0.3090962767601015
v -1.22 5.960464455334602e-9 0.3199999928474428
v -1.22 0.6999999940395355 1.4940690949597708e-16
v -1.22 0.6999999940395355 1.4940690949597708e-16
v -1.22 0.6999999940395355 1.4940690949597708e-16
v -1.22 0.6999999940395355 1.4940690949597708e-16
v -1.22 0.6999999940395355 1.4940690949597708e-16
v -1.22 0.6999999940395355 1.4940690949597708e-16
v -1.22 0.6999999940395355 1.4940690949597708e-16
v -1.22 0.6999999940395355 1.4940690949597708e-16
v -1.22 0.6999999940395355 1.4940690949597708e-16
v -1.22 0.6999999940395355 1.4940690949597708e-16
v -1.22 0.6999999940395355 1.4940690949597708e-16
v -1.22 0.6999999940395355 1.4940690949597708e-16
v -1.22 0.6999999940395355 1.4940690949597708e-16
v -1.22 0.6999999940395355 1.4940690949597708e-16
v -1.22 0.6999999940395355 1.4940690949597708e-16
v -1.22 0.6999999940395355 1.4940690949597708e-16
v -1.22 0.6999999940395355 1.4940690949597708e-16
v -1.22 0.6999999940395355 1.4940690949597708e-16
v -1.22 0.6999999940395355 1.4940690949597708e-16
v -1.22 0.6999999940395355 1.4940690949597708e-16
v -1.22 0.6999999940395355 1.4940690949597708e-16
v -1.22 0.6999999940395355 1.4940690949597708e-16
v -1.22 0.6999999940395355 1.4940690949597708e-16
v -1.22 0.6999999940395355 1.4940690949597708e-16
v -1.22 0.6999999940395355 0.20000000298023238
v -1.1682361897826194 0.6999999940395355 0.19318516552448287
v -1.1199999985098839 0.6999999940395355 0.17320507764816298
v -1.0785786372423172 0.6999999940395355 0.14142136275768294
v -1.0467949223518371 0.6999999940395355 0.10000000149011627
v -1.0268148344755172 0.6999999940395355 0.051763810217380676
v -1.0199999970197677 0.6999999940395355 1.6165337719464815e-16
v -1.0268148344755172 0.6999999940395355 -0.05176381021738037
v -1.0467949223518371 0.6999999940395355 -0.10000000149011597
v -1.0785786372423172 0.6999999940395355 -0.14142136275768266
v -1.1199999985098839 0.6999999940395355 -0.1732050776481627
v -1.1682361897826194 0.6999999940395355 -0.1931851655244826
v -1.22 0.6999999940395355 -0.2000000029802321
v -1.2717638102173805 0.6999999940395355 -0.1931851655244826
v -1.320000001490116 0.6999999940395355 -0.1732050776481627
v -1.3614213627576828 0.6999999940395355 -0.14142136275768266
v -1.3932050776481628 0.6999999940395355 -0.10000000149011597
v -1.4131851655244827 0.6999999940395355 -0.05176381021738037
v -1.4200000029802322 0.6999999940395355 1.1266750391842205e-16
v -1.4131851655244827 0.6999999940395355 0.051763810217380676
v -1.3932050776481628 0.6999999940395355 0.10000000149011627
v -1.3614213627576828 0.6999999940395355 0.14142136275768294
v -1.320000001490116 0.6999999940395355 0.17320507764816298
v -1.2717638102173805 0.6999999940395355 0.19318516552448287
v -1.22 0.6999999940395355 0.20000000298023238
v -1.22 5.960464455334602e-9 1.4940690949597708e-16
v -1.22 5.960464455334602e-9 1.4940690949597708e-16
v -1.22 5.960464455334602e-9 1.4940690949597708e-16
v -1.22 5.960464455334602e-9 1.4940690949597708e-16
v -1.22 5.960464455334602e-9 1.4940690949597708e-16
v -1.22 5.960464455334602e-9 1.4940690949597708e-16
v -1.22 5.960464455334602e-9 1.4940690949597708e-16
v -1.22 5.960464455334602e-9 1.4940690949597708e-16
v -1.22 5.960464455334602e-9 1.4940690949597708e-16
v -1.22 5.960464455334602e-9 1.4940690949597708e-16
v -1.22 5.960464455334602e-9 1.4940690949597708e-16
v -1.22 5.960464455334602e-9 1.4940690949597708e-16
v -1.22 5.960464455334602e-9 1.4940690949597708e-16
v -1.22 5.960464455334602e-9 1.4940690949597708e-16
v -1.22 5.960464455334602e-9 1.4940690949597708e-16
v -1.22 5.960464455334602e-9 1.4940690949597708e-16
v -1.22 5.960464455334602e-9 1.4940690949597708e-16
v -1.22 5.960464455334602e-9 1.4940690949597708e-16
v -1.22 5.960464455334602e-9 1.4940690949597708e-16
v -1.22 5.960464455334602e-9 1.4940690949597708e-16
v -1.22 5.960464455334602e-9 1.4940690949597708e-16
v -1.22 5.960464455334602e-9 1.4940690949597708e-16
v -1.22 5.960464455334602e-9 1.4940690949597708e-16
v -1.22 5.960464455334602e-9 1.4940690949597708e-16
v -1.22 5.960464455334602e-9 0.3199999928474428
v -1.1371779081225395 5.960464455334602e-9 0.3090962767601015
v -1.0600000035762787 5.960464455334602e-9 0.2771281301975252
v -0.9937258374691009 5.960464455334602e-9 0.2262741625308992
v -0.942871869802475 5.960464455334602e-9 0.15999999642372145
v -0.9109037232398987 5.960464455334602e-9 0.08282209187746063
v -0.9000000071525573 5.960464455334602e-9 1.6900125814472303e-16
v -0.9109037232398987 5.960464455334602e-9 -0.08282209187746033
v -0.942871869802475 5.960464455334602e-9 -0.15999999642372117
v -0.9937258374691009 5.960464455334602e-9 -0.2262741625308989
v -1.0600000035762787 5.960464455334602e-9 -0.27712813019752486
v -1.1371779081225395 5.960464455334602e-9 -0.30909627676010115
v -1.22 5.960464455334602e-9 -0.31999999284744246
v -1.3028220918774605 5.960464455334602e-9 -0.30909627676010115
v -1.3799999964237213 5.960464455334602e-9 -0.27712813019752486
v -1.446274162530899 5.960464455334602e-9 -0.2262741625308989
v -1.497128130197525 5.960464455334602e-9 -0.15999999642372117
v -1.5290962767601013 5.960464455334602e-9 -0.08282209187746033
v -1.5399999928474426 5.960464455334602e-9 9.0623861895378e-17
v -1.5290962767601013 5.960464455334602e-9 0.08282209187746063
v -1.497128130197525 5.960464455334602e-9 0.15999999642372145
v -1.446274162530899 5.960464455334602e-9 0.2262741625308992
v -1.3799999964237213 5.960464455334602e-9 0.2771281301975252
v -1.3028220918774605 5.960464455334602e-9 0.3090962767601015
v -1.22 5.960464455334602e-9 0.3199999928474428
vt 0 1
vt 0.0416666679084301 1
vt 0.0833333358168602 1
vt 0.125 1
vt 0.1666666716337204 1
vt 0.2083333283662796 1
vt 0.25 1
vt 0.2916666567325592 1
vt 0.3333333432674408 1
vt 0.375 1
vt 0.4166666567325592 1
vt 0.4583333432674408 1
vt 0.5 1
vt 0.5416666865348816 1
vt 0.5833333134651184 1
vt 0.625 1
vt 0.6666666865348816 1
vt 0.7083333134651184 1
vt 0.75 1
vt 0.7916666865348816 1
vt 0.8333333134651184 1
vt 0.875 1
vt 0.9166666865348816 1
vt 0.9583333134651184 1
vt 1 1
vt 0 0
vt 0.0416666679084301 0
vt 0.0833333358168602 0
vt 0.125 0
vt 0.1666666716337204 0
vt 0.2083333283662796 0
vt 0.25 0
vt 0.2916666567325592 0
vt 0.3333333432674408 0
vt 0.375 0
vt 0.4166666567325592 0
vt 0.4583333432674408 0
vt 0.5 0
vt 0.5416666865348816 0
vt 0.5833333134651184 0
vt 0.625 0
vt 0.6666666865348816 0
vt 0.7083333134651184 0
vt 0.75 0
vt 0.7916666865348816 0
vt 0.8333333134651184 0
vt 0.875 0
vt 0.9166666865348816 0
vt 0.9583333134651184 0
vt 1 0
vt 0.5 0.5
vt 0.5 0.5
vt 0.5 0.5
vt 0.5 0.5
vt 0.5 0.5
vt 0.5 0.5
vt 0.5 0.5
vt 0.5 0.5
vt 0.5 0.5
vt 0.5 0.5
vt 0.5 0.5
vt 0.5 0.5
vt 0.5 0.5
vt 0.5 0.5
vt 0.5 0.5
vt 0.5 0.5
vt 0.5 0.5
vt 0.5 0.5
vt 0.5 0.5
vt 0.5 0.5
vt 0.5 0.5
vt 0.5 0.5
vt 0.5 0.5
vt 0.5 0.5
vt 1 0.5
vt 0.9829629063606262 0.6294095516204834
vt 0.9330127239227295 0.75
vt 0.8535534143447876 0.8535534143447876
vt 0.75 0.9330127239227295
vt 0.6294095516204834 0.9829629063606262
vt 0.5 1
vt 0.370590478181839 0.9829629063606262
vt 0.25 0.9330127239227295
vt 0.1464466154575348 0.8535534143447876
vt 0.0669872984290123 0.75
vt 0.017037086188793182 0.6294095516204834
vt 0 0.5
vt 0.017037086188793182 0.370590478181839
vt 0.0669872984290123 0.25
vt 0.1464466154575348 0.1464466154575348
vt 0.25 0.0669872984290123
vt 0.370590478181839 0.017037086188793182
vt 0.5 0
vt 0.6294095516204834 0.017037086188793182
vt 0.75 0.0669872984290123
vt 0.8535534143447876 0.1464466154575348
vt 0.9330127239227295 0.25
vt 0.9829629063606262 0.370590478181839
vt 1 0.5
vt 0.5 0.5
vt 0.5 0.5
vt 0.5 0.5
vt 0.5 0.5
vt 0.5 0.5
vt 0.5 0.5
vt 0.5 0.5
vt 0.5 0.5
vt 0.5 0.5
vt 0.5 0.5
vt 0.5 0.5
vt 0.5 0.5
vt 0.5 0.5
vt 0.5 0.5
vt 0.5 0.5
vt 0.5 0.5
vt 0.5 0.5
vt 0.5 0.5
vt 0.5 0.5
vt 0.5 0.5
vt 0.5 0.5
vt 0.5 0.5
vt 0.5 0.5
vt 0.5 0.5
vt 1 0.5
vt 0.9829629063606262 0.370590478181839
vt 0.9330127239227295 0.25
vt 0.8535534143447876 0.1464466154575348
vt 0.75 0.0669872984290123
vt 0.6294095516204834 0.017037086188793182
vt 0.5 0
vt 0.370590478181839 0.017037086188793182
vt 0.25 0.0669872984290123
vt 0.1464466154575348 0.1464466154575348
vt 0.0669872984290123 0.25
vt 0.017037086188793182 0.370590478181839
vt 0 0.5
vt 0.017037086188793182 0.6294095516204834
vt 0.0669872984290123 0.75
vt 0.1464466154575348 0.8535534143447876
vt 0.25 0.9330127239227295
vt 0.370590478181839 0.9829629063606262
vt 0.5 1
vt 0.6294095516204834 0.9829629063606262
vt 0.75 0.9330127239227295
vt 0.8535534143447876 0.8535534143447876
vt 0.9330127239227295 0.75
vt 0.9829629063606262 0.6294095516204834
vt 1 0.5
vn 0 0.16896382420988967 0.9856222532534306
vn 0.25509780673174526 0.1689638199263626 0.9520379911308923
vn 0.49281111356139395 0.16896381973035068 0.8535739182827158
vn 0.6969401796234542 0.16896381876855981 0.6969401796234542
vn 0.8535739182827158 0.16896381973035068 0.49281111356139395
vn 0.9520379911308923 0.1689638199263626 0.25509780673174526
vn 0.9856222532534306 0.16896382420988967 6.035195935551298e-17
vn 0.9520379911308923 0.1689638199263626 -0.25509780673174526
vn 0.8535739182827158 0.16896381973035068 -0.49281111356139395
vn 0.6969401796234542 0.16896381876855981 -0.6969401796234542
vn 0.49281111356139395 0.16896381973035068 -0.8535739182827158
vn 0.25509780673174526 0.1689638199263626 -0.9520379911308923
vn 1.2070391871102596e-16 0.16896382420988967 -0.9856222532534306
vn -0.25509780673174526 0.1689638199263626 -0.9520379911308923
vn -0.49281111356139395 0.16896381973035068 -0.8535739182827158
vn -0.6969401796234542 0.16896381876855981 -0.6969401796234542
vn -0.8535739182827158 0.16896381973035068 -0.49281111356139395
vn -0.9520379911308923 0.1689638199263626 -0.25509780673174526
vn -0.9856222532534306 0.16896382420988967 -1.8105587806653895e-16
vn -0.9520379911308923 0.1689638199263626 0.25509780673174526
vn -0.8535739182827158 0.16896381973035068 0.49281111356139395
vn -0.6969401796234542 0.16896381876855981 0.6969401796234542
vn -0.49281111356139395 0.16896381973035068 0.8535739182827158
vn -0.25509780673174526 0.1689638199263626 0.9520379911308923
vn -2.414078374220519e-16 0.16896382420988967 0.9856222532534306
vn 0 0.16896382420988967 0.9856222532534306
vn 0.25509780673174526 0.1689638199263626 0.9520379911308923
vn 0.49281111356139395 0.16896381973035068 0.8535739182827158
vn 0.6969401796234542 0.16896381876855981 0.6969401796234542
vn 0.8535739182827158 0.16896381973035068 0.49281111356139395
vn 0.9520379911308923 0.1689638199263626 0.25509780673174526
vn 0.9856222532534306 0.16896382420988967 6.035195935551298e-17
vn 0.9520379911308923 0.1689638199263626 -0.25509780673174526
vn 0.8535739182827158 0.16896381973035068 -0.49281111356139395
vn 0.6969401796234542 0.16896381876855981 -0.6969401796234542
vn 0.49281111356139395 0.16896381973035068 -0.8535739182827158
vn 0.25509780673174526 0.1689638199263626 -0.9520379911308923
vn 1.2070391871102596e-16 0.16896382420988967 -0.9856222532534306
vn -0.25509780673174526 0.1689638199263626 -0.9520379911308923
vn -0.49281111356139395 0.16896381973035068 -0.8535739182827158
vn -0.6969401796234542 0.16896381876855981 -0.6969401796234542
vn -0.8535739182827158 0.16896381973035068 -0.49281111356139395
vn -0.9520379911308923 0.1689638199263626 -0.25509780673174526
vn -0.9856222532534306 0.16896382420988967 -1.8105587806653895e-16
vn -0.9520379911308923 0.1689638199263626 0.25509780673174526
vn -0.8535739182827158 0.16896381973035068 0.49281111356139395
vn -0.6969401796234542 0.16896381876855981 0.6969401796234542
vn -0.49281111356139395 0.16896381973035068 0.8535739182827158
vn -0.25509780673174526 0.1689638199263626 0.9520379911308923
vn -2.414078374220519e-16 0.16896382420988967 0.9856222532534306
vn 0 1 0
vn 0 1 0
vn 0 1 0
vn 0 1 0
vn 0 1 0
vn 0 1 0
vn 0 1 0
vn 0 1 0
vn 0 1 0
vn 0 1 0
vn 0 1 0
vn 0 1 0
vn 0 1 0
vn 0 1 0
vn 0 1 0
vn 0 1 0
vn 0 1 0
vn 0 1 0
vn 0 1 0
vn 0 1 0
vn 0 1 0
vn 0 1 0
vn 0 1 0
vn 0 1 0
vn 0 1 0
vn 0 1 0
vn 0 1 0
vn 0 1 0
vn 0 1 0
vn 0 1 0
vn 0 1 0
vn 0 1 0
vn 0 1 0
vn 0 1 0
vn 0 1 0
vn 0 1 0
vn 0 1 0
vn 0 1 0
vn 0 1 0
vn 0 1 0
vn 0 1 0
vn 0 1 0
vn 0 1 0
vn 0 1 0
vn 0 1 0
vn 0 1 0
vn 0 1 0
vn 0 1 0
vn 0 1 0
vn 0 -1 0
vn 0 -1 0
vn 0 -1 0
vn 0 -1 0
vn 0 -1 0
vn 0 -1 0
vn 0 -1 0
vn 0 -1 0
vn 0 -1 0
vn 0 -1 0
vn 0 -1 0
vn 0 -1 0
vn 0 -1 0
vn 0 -1 0
vn 0 -1 0
vn 0 -1 0
vn 0 -1 0
vn 0 -1 0
vn 0 -1 0
vn 0 -1 0
vn 0 -1 0
vn 0 -1 0
vn 0 -1 0
vn 0 -1 0
vn 0 -1 0
vn 0 -1 0
vn 0 -1 0
vn 0 -1 0
vn 0 -1 0
vn 0 -1 0
vn 0 -1 0
vn 0 -1 0
vn 0 -1 0
vn 0 -1 0
vn 0 -1 0
vn 0 -1 0
vn 0 -1 0
vn 0 -1 0
vn 0 -1 0
vn 0 -1 0
vn 0 -1 0
vn 0 -1 0
vn 0 -1 0
vn 0 -1 0
vn 0 -1 0
vn 0 -1 0
vn 0 -1 0
vn 0 -1 0
vn 0 -1 0
f 1721/1721/1721 1746/1746/1746 1722/1722/1722
f 1746/1746/1746 1747/1747/1747 1722/1722/1722
f 1722/1722/1722 1747/1747/1747 1723/1723/1723
f 1747/1747/1747 1748/1748/1748 1723/1723/1723
f 1723/1723/1723 1748/1748/1748 1724/1724/1724
f 1748/1748/1748 1749/1749/1749 1724/1724/1724
f 1724/1724/1724 1749/1749/1749 1725/1725/1725
f 1749/1749/1749 1750/1750/1750 1725/1725/1725
f 1725/1725/1725 1750/1750/1750 1726/1726/1726
f 1750/1750/1750 1751/1751/1751 1726/1726/1726
f 1726/1726/1726 1751/1751/1751 1727/1727/1727
f 1751/1751/1751 1752/1752/1752 1727/1727/1727
f 1727/1727/1727 1752/1752/1752 1728/1728/1728
f 1752/1752/1752 1753/1753/1753 1728/1728/1728
f 1728/1728/1728 1753/1753/1753 1729/1729/1729
f 1753/1753/1753 1754/1754/1754 1729/1729/1729
f 1729/1729/1729 1754/1754/1754 1730/1730/1730
f 1754/1754/1754 1755/1755/1755 1730/1730/1730
f 1730/1730/1730 1755/1755/1755 1731/1731/1731
f 1755/1755/1755 1756/1756/1756 1731/1731/1731
f 1731/1731/1731 1756/1756/1756 1732/1732/1732
f 1756/1756/1756 1757/1757/1757 1732/1732/1732
f 1732/1732/1732 1757/1757/1757 1733/1733/1733
f 1757/1757/1757 1758/1758/1758 1733/1733/1733
f 1733/1733/1733 1758/1758/1758 1734/1734/1734
f 1758/1758/1758 1759/1759/1759 1734/1734/1734
f 1734/1734/1734 1759/1759/1759 1735/1735/1735
f 1759/1759/1759 1760/1760/1760 1735/1735/1735
f 1735/1735/1735 1760/1760/1760 1736/1736/1736
f 1760/1760/1760 1761/1761/1761 1736/1736/1736
f 1736/1736/1736 1761/1761/1761 1737/1737/1737
f 1761/1761/1761 1762/1762/1762 1737/1737/1737
f 1737/1737/1737 1762/1762/1762 1738/1738/1738
f 1762/1762/1762 1763/1763/1763 1738/1738/1738
f 1738/1738/1738 1763/1763/1763 1739/1739/1739
f 1763/1763/1763 1764/1764/1764 1739/1739/1739
f 1739/1739/1739 1764/1764/1764 1740/1740/1740
f 1764/1764/1764 1765/1765/1765 1740/1740/1740
f 1740/1740/1740 1765/1765/1765 1741/1741/1741
f 1765/1765/1765 1766/1766/1766 1741/1741/1741
f 1741/1741/1741 1766/1766/1766 1742/1742/1742
f 1766/1766/1766 1767/1767/1767 1742/1742/1742
f 1742/1742/1742 1767/1767/1767 1743/1743/1743
f 1767/1767/1767 1768/1768/1768 1743/1743/1743
f 1743/1743/1743 1768/1768/1768 1744/1744/1744
f 1768/1768/1768 1769/1769/1769 1744/1744/1744
f 1744/1744/1744 1769/1769/1769 1745/1745/1745
f 1769/1769/1769 1770/1770/1770 1745/1745/1745
f 1795/1795/1795 1796/1796/1796 1771/1771/1771
f 1796/1796/1796 1797/1797/1797 1772/1772/1772
f 1797/1797/1797 1798/1798/1798 1773/1773/1773
f 1798/1798/1798 1799/1799/1799 1774/1774/1774
f 1799/1799/1799 1800/1800/1800 1775/1775/1775
f 1800/1800/1800 1801/1801/1801 1776/1776/1776
f 1801/1801/1801 1802/1802/1802 1777/1777/1777
f 1802/1802/1802 1803/1803/1803 1778/1778/1778
f 1803/1803/1803 1804/1804/1804 1779/1779/1779
f 1804/1804/1804 1805/1805/1805 1780/1780/1780
f 1805/1805/1805 1806/1806/1806 1781/1781/1781
f 1806/1806/1806 1807/1807/1807 1782/1782/1782
f 1807/1807/1807 1808/1808/1808 1783/1783/1783
f 1808/1808/1808 1809/1809/1809 1784/1784/1784
f 1809/1809/1809 1810/1810/1810 1785/1785/1785
f 1810/1810/1810 1811/1811/1811 1786/1786/1786
f 1811/1811/1811 1812/1812/1812 1787/1787/1787
f 1812/1812/1812 1813/1813/1813 1788/1788/1788
f 1813/1813/1813 1814/1814/1814 1789/1789/1789
f 1814/1814/1814 1815/1815/1815 1790/1790/1790
f 1815/1815/1815 1816/1816/1816 1791/1791/1791
f 1816/1816/1816 1817/1817/1817 1792/1792/1792
f 1817/1817/1817 1818/1818/1818 1793/1793/1793
f 1818/1818/1818 1819/1819/1819 1794/1794/1794
f 1845/1845/1845 1844/1844/1844 1820/1820/1820
f 1846/1846/1846 1845/1845/1845 1821/1821/1821
f 1847/1847/1847 1846/1846/1846 1822/1822/1822
f 1848/1848/1848 1847/1847/1847 1823/1823/1823
f 1849/1849/1849 1848/1848/1848 1824/1824/1824
f 1850/1850/1850 1849/1849/1849 1825/1825/1825
f 1851/1851/1851 1850/1850/1850 1826/1826/1826
f 1852/1852/1852 1851/1851/1851 1827/1827/1827
f 1853/1853/1853 1852/1852/1852 1828/1828/1828
f 1854/1854/1854 1853/1853/1853 1829/1829/1829
f 1855/1855/1855 1854/1854/1854 1830/1830/1830
f 1856/1856/1856 1855/1855/1855 1831/1831/1831
f 1857/1857/1857 1856/1856/1856 1832/1832/1832
f 1858/1858/1858 1857/1857/1857 1833/1833/1833
f 1859/1859/1859 1858/1858/1858 1834/1834/1834
f 1860/1860/1860 1859/1859/1859 1835/1835/1835
f 1861/1861/1861 1860/1860/1860 1836/1836/1836
f 1862/1862/1862 1861/1861/1861 1837/1837/1837
f 1863/1863/1863 1862/1862/1862 1838/1838/1838
f 1864/1864/1864 1863/1863/1863 1839/1839/1839
f 1865/1865/1865 1864/1864/1864 1840/1840/1840
f 1866/1866/1866 1865/1865/1865 1841/1841/1841
f 1867/1867/1867 1866/1866/1866 1842/1842/1842
f 1868/1868/1868 1867/1867/1867 1843/1843/1843
o merlin_nozzle_6
usemtl nozzle_soot
v -0.8626702730475881 -1.1920928910669204e-8 -0.5426702802001453
v -0.8002413702129343 -1.1920928910669204e-8 -0.548818976145885
v -0.7402115766822317 -1.1920928910669204e-8 -0.567028820973537
v -0.6848877970992544 -1.1920928910669204e-8 -0.5965999965487934
v -0.6363961105166891 -1.1920928910669204e-8 -0.6363961105166889
v -0.5965999965487936 -1.1920928910669204e-8 -0.6848877970992542
v -0.5670288209735372 -1.1920928910669204e-8 -0.7402115766822315
v -0.5488189761458853 -1.1920928910669204e-8 -0.8002413702129341
v -0.5426702802001455 -1.1920928910669204e-8 -0.8626702730475879
v -0.5488189761458853 -1.1920928910669204e-8 -0.9250991758822418
v -0.5670288209735372 -1.1920928910669204e-8 -0.9851289694129444
v -0.5965999965487936 -1.1920928910669204e-8 -1.0404527489959217
v -0.6363961105166891 -1.1920928910669204e-8 -1.088944435578487
v -0.6848877970992544 -1.1920928910669204e-8 -1.1287405495463825
v -0.7402115766822317 -1.1920928910669204e-8 -1.1583117251216388
v -0.8002413702129343 -1.1920928910669204e-8 -1.1765215699492908
v -0.8626702730475881 -1.1920928910669204e-8 -1.1826702658950305
v -0.925099175882242 -1.1920928910669204e-8 -1.1765215699492908
v -0.9851289694129446 -1.1920928910669204e-8 -1.1583117251216388
v -1.0404527489959219 -1.1920928910669204e-8 -1.1287405495463825
v -1.0889444355784872 -1.1920928910669204e-8 -1.088944435578487
v -1.1287405495463827 -1.1920928910669204e-8 -1.0404527489959217
v -1.158311725121639 -1.1920928910669204e-8 -0.9851289694129444
v -1.176521569949291 -1.1920928910669204e-8 -0.9250991758822418
v -1.1826702658950308 -1.1920928910669204e-8 -0.862670273047588
v -1.176521569949291 -1.1920928910669204e-8 -0.8002413702129341
v -1.158311725121639 -1.1920928910669204e-8 -0.7402115766822315
v -1.1287405495463827 -1.1920928910669204e-8 -0.6848877970992542
v -1.0889444355784872 -1.1920928910669204e-8 -0.6363961105166889
v -1.0404527489959219 -1.1920928910669204e-8 -0.5965999965487934
v -0.9851289694129446 -1.1920928910669204e-8 -0.567028820973537
v -0.925099175882242 -1.1920928910669204e-8 -0.548818976145885
v -0.8626702730475883 -1.1920928910669204e-8 -0.5426702802001453
v -0.8626702730475881 -1.899999988079071 -0.31267026112665897
v -0.7553705950199583 -1.899999988079071 -0.32323834345927005
v -0.6521943812190512 -1.899999988079071 -0.35453650401224857
v -0.5571066443740347 -1.899999988079071 -0.4053619806586719
v -0.47376152918925074 -1.899999988079071 -0.4737615291892505
v -0.4053619806586721 -1.899999988079071 -0.5571066443740345
v -0.3545365040122488 -1.899999988079071 -0.6521943812190509
v -0.32323834345927027 -1.899999988079071 -0.7553705950199581
v -0.3126702611266592 -1.899999988079071 -0.8626702730475879
v -0.32323834345927027 -1.899999988079071 -0.9699699510752178
v -0.3545365040122488 -1.899999988079071 -1.073146164876125
v -0.4053619806586721 -1.899999988079071 -1.1682339017211414
v -0.47376152918925074 -1.899999988079071 -1.2515790169059253
v -0.5571066443740347 -1.899999988079071 -1.319978565436504
v -0.6521943812190512 -1.899999988079071 -1.3708040420829273
v -0.7553705950199583 -1.899999988079071 -1.4021022026359058
v -0.862670273047588 -1.899999988079071 -1.4126702849685169
v -0.969969951075218 -1.899999988079071 -1.4021022026359058
v -1.0731461648761251 -1.899999988079071 -1.3708040420829273
v -1.1682339017211416 -1.899999988079071 -1.319978565436504
v -1.2515790169059255 -1.899999988079071 -1.2515790169059253
v -1.3199785654365042 -1.899999988079071 -1.1682339017211414
v -1.3708040420829275 -1.899999988079071 -1.073146164876125
v -1.402102202635906 -1.899999988079071 -0.9699699510752178
v -1.412670284968517 -1.899999988079071 -0.862670273047588
v -1.402102202635906 -1.899999988079071 -0.7553705950199581
v -1.3708040420829275 -1.899999988079071 -0.6521943812190509
v -1.3199785654365042 -1.899999988079071 -0.5571066443740345
v -1.2515790169059255 -1.899999988079071 -0.4737615291892505
v -1.1682339017211416 -1.899999988079071 -0.4053619806586719
v -1.0731461648761251 -1.899999988079071 -0.35453650401224857
v -0.969969951075218 -1.899999988079071 -0.32323834345927005
v -0.8626702730475883 -1.899999988079071 -0.31267026112665897
vt 0 1
vt 0.03125 1
vt 0.0625 1
vt 0.09375 1
vt 0.125 1
vt 0.15625 1
vt 0.1875 1
vt 0.21875 1
vt 0.25 1
vt 0.28125 1
vt 0.3125 1
vt 0.34375 1
vt 0.375 1
vt 0.40625 1
vt 0.4375 1
vt 0.46875 1
vt 0.5 1
vt 0.53125 1
vt 0.5625 1
vt 0.59375 1
vt 0.625 1
vt 0.65625 1
vt 0.6875 1
vt 0.71875 1
vt 0.75 1
vt 0.78125 1
vt 0.8125 1
vt 0.84375 1
vt 0.875 1
vt 0.90625 1
vt 0.9375 1
vt 0.96875 1
vt 1 1
vt 0 0
vt 0.03125 0
vt 0.0625 0
vt 0.09375 0
vt 0.125 0
vt 0.15625 0
vt 0.1875 0
vt 0.21875 0
vt 0.25 0
vt 0.28125 0
vt 0.3125 0
vt 0.34375 0
vt 0.375 0
vt 0.40625 0
vt 0.4375 0
vt 0.46875 0
vt 0.5 0
vt 0.53125 0
vt 0.5625 0
vt 0.59375 0
vt 0.625 0
vt 0.65625 0
vt 0.6875 0
vt 0.71875 0
vt 0.75 0
vt 0.78125 0
vt 0.8125 0
vt 0.84375 0
vt 0.875 0
vt 0.90625 0
vt 0.9375 0
vt 0.96875 0
vt 1 0
vn 0 0.12017532589174768 0.9927526837268245
vn 0.19367644214852053 0.12017532452971244 0.9736772191701257
vn 0.37990999730114133 0.12017532598832087 0.9171838883093442
vn 0.5515438361793547 0.12017532532910785 0.8254436915711477
vn 0.7019821546273324 0.12017532679188415 0.7019821546273324
vn 0.8254436915711477 0.12017532532910785 0.5515438361793547
vn 0.9171838883093442 0.12017532598832087 0.37990999730114133
vn 0.9736772191701257 0.12017532452971244 0.19367644214852053
vn 0.9927526837268245 0.12017532589174768 6.078857092128074e-17
vn 0.9736772191701257 0.12017532452971244 -0.19367644214852053
vn 0.9171838883093442 0.12017532598832087 -0.37990999730114133
vn 0.8254436915711477 0.12017532532910785 -0.5515438361793547
vn 0.7019821546273324 0.12017532679188415 -0.7019821546273324
vn 0.5515438361793547 0.12017532532910785 -0.8254436915711477
vn 0.37990999730114133 0.12017532598832087 -0.9171838883093442
vn 0.19367644214852053 0.12017532452971244 -0.9736772191701257
vn 1.215771418425615e-16 0.12017532589174768 -0.9927526837268245
vn -0.19367644214852053 0.12017532452971244 -0.9736772191701257
vn -0.37990999730114133 0.12017532598832087 -0.9171838883093442
vn -0.5515438361793547 0.12017532532910785 -0.8254436915711477
vn -0.7019821546273324 0.12017532679188415 -0.7019821546273324
vn -0.8254436915711477 0.12017532532910785 -0.5515438361793547
vn -0.9171838883093442 0.12017532598832087 -0.37990999730114133
vn -0.9736772191701257 0.12017532452971244 -0.19367644214852053
vn -0.9927526837268245 0.12017532589174768 -1.8236570614639727e-16
vn -0.9736772191701257 0.12017532452971244 0.19367644214852053
vn -0.9171838883093442 0.12017532598832087 0.37990999730114133
vn -0.8254436915711477 0.12017532532910785 0.5515438361793547
vn -0.7019821546273324 0.12017532679188415 0.7019821546273324
vn -0.5515438361793547 0.12017532532910785 0.8254436915711477
vn -0.37990999730114133 0.12017532598832087 0.9171838883093442
vn -0.19367644214852053 0.12017532452971244 0.9736772191701257
vn -2.43154283685123e-16 0.12017532589174768 0.9927526837268245
vn 0 0.12017532589174768 0.9927526837268245
vn 0.19367644214852053 0.12017532452971244 0.9736772191701257
vn 0.37990999730114133 0.12017532598832087 0.9171838883093442
vn 0.5515438361793547 0.12017532532910785 0.8254436915711477
vn 0.7019821546273324 0.12017532679188415 0.7019821546273324
vn 0.8254436915711477 0.12017532532910785 0.5515438361793547
vn 0.9171838883093442 0.12017532598832087 0.37990999730114133
vn 0.9736772191701257 0.12017532452971244 0.19367644214852053
vn 0.9927526837268245 0.12017532589174768 6.078857092128074e-17
vn 0.9736772191701257 0.12017532452971244 -0.19367644214852053
vn 0.9171838883093442 0.12017532598832087 -0.37990999730114133
vn 0.8254436915711477 0.12017532532910785 -0.5515438361793547
vn 0.7019821546273324 0.12017532679188415 -0.7019821546273324
vn 0.5515438361793547 0.12017532532910785 -0.8254436915711477
vn 0.37990999730114133 0.12017532598832087 -0.9171838883093442
vn 0.19367644214852053 0.12017532452971244 -0.9736772191701257
vn 1.215771418425615e-16 0.12017532589174768 -0.9927526837268245
vn -0.19367644214852053 0.12017532452971244 -0.9736772191701257
vn -0.37990999730114133 0.12017532598832087 -0.9171838883093442
vn -0.5515438361793547 0.12017532532910785 -0.8254436915711477
vn -0.7019821546273324 0.12017532679188415 -0.7019821546273324
vn -0.8254436915711477 0.12017532532910785 -0.5515438361793547
vn -0.9171838883093442 0.12017532598832087 -0.37990999730114133
vn -0.9736772191701257 0.12017532452971244 -0.19367644214852053
vn -0.9927526837268245 0.12017532589174768 -1.8236570614639727e-16
vn -0.9736772191701257 0.12017532452971244 0.19367644214852053
vn -0.9171838883093442 0.12017532598832087 0.37990999730114133
vn -0.8254436915711477 0.12017532532910785 0.5515438361793547
vn -0.7019821546273324 0.12017532679188415 0.7019821546273324
vn -0.5515438361793547 0.12017532532910785 0.8254436915711477
vn -0.37990999730114133 0.12017532598832087 0.9171838883093442
vn -0.19367644214852053 0.12017532452971244 0.9736772191701257
vn -2.43154283685123e-16 0.12017532589174768 0.9927526837268245
f 1869/1869/1869 1902/1902/1902 1870/1870/1870
f 1902/1902/1902 1903/1903/1903 1870/1870/1870
f 1870/1870/1870 1903/1903/1903 1871/1871/1871
f 1903/1903/1903 1904/1904/1904 1871/1871/1871
f 1871/1871/1871 1904/1904/1904 1872/1872/1872
f 1904/1904/1904 1905/1905/1905 1872/1872/1872
f 1872/1872/1872 1905/1905/1905 1873/1873/1873
f 1905/1905/1905 1906/1906/1906 1873/1873/1873
f 1873/1873/1873 1906/1906/1906 1874/1874/1874
f 1906/1906/1906 1907/1907/1907 1874/1874/1874
f 1874/1874/1874 1907/1907/1907 1875/1875/1875
f 1907/1907/1907 1908/1908/1908 1875/1875/1875
f 1875/1875/1875 1908/1908/1908 1876/1876/1876
f 1908/1908/1908 1909/1909/1909 1876/1876/1876
f 1876/1876/1876 1909/1909/1909 1877/1877/1877
f 1909/1909/1909 1910/1910/1910 1877/1877/1877
f 1877/1877/1877 1910/1910/1910 1878/1878/1878
f 1910/1910/1910 1911/1911/1911 1878/1878/1878
f 1878/1878/1878 1911/1911/1911 1879/1879/1879
f 1911/1911/1911 1912/1912/1912 1879/1879/1879
f 1879/1879/1879 1912/1912/1912 1880/1880/1880
f 1912/1912/1912 1913/1913/1913 1880/1880/1880
f 1880/1880/1880 1913/1913/1913 1881/1881/1881
f 1913/1913/1913 1914/1914/1914 1881/1881/1881
f 1881/1881/1881 1914/1914/1914 1882/1882/1882
f 1914/1914/1914 1915/1915/1915 1882/1882/1882
f 1882/1882/1882 1915/1915/1915 1883/1883/1883
f 1915/1915/1915 1916/1916/1916 1883/1883/1883
f 1883/1883/1883 1916/1916/1916 1884/1884/1884
f 1916/1916/1916 1917/1917/1917 1884/1884/1884
f 1884/1884/1884 1917/1917/1917 1885/1885/1885
f 1917/1917/1917 1918/1918/1918 1885/1885/1885
f 1885/1885/1885 1918/1918/1918 1886/1886/1886
f 1918/1918/1918 1919/1919/1919 1886/1886/1886
f 1886/1886/1886 1919/1919/1919 1887/1887/1887
f 1919/1919/1919 1920/1920/1920 1887/1887/1887
f 1887/1887/1887 1920/1920/1920 1888/1888/1888
f 1920/1920/1920 1921/1921/1921 1888/1888/1888
f 1888/1888/1888 1921/1921/1921 1889/1889/1889
f 1921/1921/1921 1922/1922/1922 1889/1889/1889
f 1889/1889/1889 1922/1922/1922 1890/1890/1890
f 1922/1922/1922 1923/1923/1923 1890/1890/1890
f 1890/1890/1890 1923/1923/1923 1891/1891/1891
f 1923/1923/1923 1924/1924/1924 1891/1891/1891
f 1891/1891/1891 1924/1924/1924 1892/1892/1892
f 1924/1924/1924 1925/1925/1925 1892/1892/1892
f 1892/1892/1892 1925/1925/1925 1893/1893/1893
f 1925/1925/1925 1926/1926/1926 1893/1893/1893
f 1893/1893/1893 1926/1926/1926 1894/1894/1894
f 1926/1926/1926 1927/1927/1927 1894/1894/1894
f 1894/1894/1894 1927/1927/1927 1895/1895/1895
f 1927/1927/1927 1928/1928/1928 1895/1895/1895
f 1895/1895/1895 1928/1928/1928 1896/1896/1896
f 1928/1928/1928 1929/1929/1929 1896/1896/1896
f 1896/1896/1896 1929/1929/1929 1897/1897/1897
f 1929/1929/1929 1930/1930/1930 1897/1897/1897
f 1897/1897/1897 1930/1930/1930 1898/1898/1898
f 1930/1930/1930 1931/1931/1931 1898/1898/1898
f 1898/1898/1898 1931/1931/1931 1899/1899/1899
f 1931/1931/1931 1932/1932/1932 1899/1899/1899
f 1899/1899/1899 1932/1932/1932 1900/1900/1900
f 1932/1932/1932 1933/1933/1933 1900/1900/1900
f 1900/1900/1900 1933/1933/1933 1901/1901/1901
f 1933/1933/1933 1934/1934/1934 1901/1901/1901
o merlin_throat_6
usemtl engine_metal
v -0.8626702730475881 0.6999999940395355 -0.6626702700673557
v -0.8109064628302076 0.6999999940395355 -0.6694851075231052
v -0.762670271557472 0.6999999940395355 -0.6894651953994251
v -0.7212489102899053 0.6999999940395355 -0.7212489102899051
v -0.6894651953994253 0.6999999940395355 -0.7626702715574718
v -0.6694851075231054 0.6999999940395355 -0.8109064628302074
v -0.6626702700673559 0.6999999940395355 -0.8626702730475879
v -0.6694851075231054 0.6999999940395355 -0.9144340832649684
v -0.6894651953994253 0.6999999940395355 -0.962670274537704
v -0.7212489102899053 0.6999999940395355 -1.0040916358052707
v -0.762670271557472 0.6999999940395355 -1.0358753506957508
v -0.8109064628302076 0.6999999940395355 -1.0558554385720706
v -0.8626702730475881 0.6999999940395355 -1.0626702760278202
v -0.9144340832649687 0.6999999940395355 -1.0558554385720706
v -0.9626702745377043 0.6999999940395355 -1.0358753506957508
v -1.004091635805271 0.6999999940395355 -1.0040916358052707
v -1.035875350695751 0.6999999940395355 -0.962670274537704
v -1.0558554385720709 0.6999999940395355 -0.9144340832649684
v -1.0626702760278204 0.6999999940395355 -0.8626702730475879
v -1.0558554385720709 0.6999999940395355 -0.8109064628302074
v -1.035875350695751 0.6999999940395355 -0.7626702715574718
v -1.004091635805271 0.6999999940395355 -0.7212489102899051
v -0.9626702745377043 0.6999999940395355 -0.6894651953994251
v -0.9144340832649687 0.6999999940395355 -0.6694851075231052
v -0.8626702730475881 0.6999999940395355 -0.6626702700673557
v -0.8626702730475881 5.960464455334602e-9 -0.5426702802001453
v -0.7798481811701277 5.960464455334602e-9 -0.5535739962874866
v -0.7026702766238668 5.960464455334602e-9 -0.5855421428500629
v -0.6363961105166891 5.960464455334602e-9 -0.6363961105166889
v -0.5855421428500631 5.960464455334602e-9 -0.7026702766238666
v -0.5535739962874868 5.960464455334602e-9 -0.7798481811701274
v -0.5426702802001455 5.960464455334602e-9 -0.8626702730475879
v -0.5535739962874868 5.960464455334602e-9 -0.9454923649250484
v -0.5855421428500631 5.960464455334602e-9 -1.0226702694713092
v -0.6363961105166891 5.960464455334602e-9 -1.088944435578487
v -0.7026702766238668 5.960464455334602e-9 -1.139798403245113
v -0.7798481811701277 5.960464455334602e-9 -1.1717665498076892
v -0.8626702730475881 5.960464455334602e-9 -1.1826702658950305
v -0.9454923649250486 5.960464455334602e-9 -1.1717665498076892
v -1.0226702694713095 5.960464455334602e-9 -1.139798403245113
v -1.0889444355784872 5.960464455334602e-9 -1.088944435578487
v -1.1397984032451132 5.960464455334602e-9 -1.0226702694713092
v -1.1717665498076895 5.960464455334602e-9 -0.9454923649250484
v -1.1826702658950308 5.960464455334602e-9 -0.862670273047588
v -1.1717665498076895 5.960464455334602e-9 -0.7798481811701274
v -1.1397984032451132 5.960464455334602e-9 -0.7026702766238666
v -1.0889444355784872 5.960464455334602e-9 -0.6363961105166889
v -1.0226702694713095 5.960464455334602e-9 -0.5855421428500629
v -0.9454923649250486 5.960464455334602e-9 -0.5535739962874866
v -0.8626702730475883 5.960464455334602e-9 -0.5426702802001453
v -0.8626702730475881 0.6999999940395355 -0.8626702730475879
v -0.8626702730475881 0.6999999940395355 -0.8626702730475879
v -0.8626702730475881 0.6999999940395355 -0.8626702730475879
v -0.8626702730475881 0.6999999940395355 -0.8626702730475879
v -0.8626702730475881 0.6999999940395355 -0.8626702730475879
v -0.8626702730475881 0.6999999940395355 -0.8626702730475879
v -0.8626702730475881 0.6999999940395355 -0.8626702730475879
v -0.8626702730475881 0.6999999940395355 -0.8626702730475879
v -0.8626702730475881 0.6999999940395355 -0.8626702730475879
v -0.8626702730475881 0.6999999940395355 -0.8626702730475879
v -0.8626702730475881 0.6999999940395355 -0.8626702730475879
v -0.8626702730475881 0.6999999940395355 -0.8626702730475879
v -0.8626702730475881 0.6999999940395355 -0.8626702730475879
v -0.8626702730475881 0.6999999940395355 -0.8626702730475879
v -0.8626702730475881 0.6999999940395355 -0.8626702730475879
v -0.8626702730475881 0.6999999940395355 -0.8626702730475879
v -0.8626702730475881 0.6999999940395355 -0.8626702730475879
v -0.8626702730475881 0.6999999940395355 -0.8626702730475879
v -0.8626702730475881 0.6999999940395355 -0.8626702730475879
v -0.8626702730475881 0.6999999940395355 -0.8626702730475879
v -0.8626702730475881 0.6999999940395355 -0.8626702730475879
v -0.8626702730475881 0.6999999940395355 -0.8626702730475879
v -0.8626702730475881 0.6999999940395355 -0.8626702730475879
v -0.8626702730475881 0.6999999940395355 -0.8626702730475879
v -0.8626702730475881 0.6999999940395355 -0.6626702700673557
v -0.8109064628302076 0.6999999940395355 -0.6694851075231052
v -0.762670271557472 0.6999999940395355 -0.6894651953994251
v -0.7212489102899053 0.6999999940395355 -0.7212489102899051
v -0.6894651953994253 0.6999999940395355 -0.7626702715574718
v -0.6694851075231054 0.6999999940395355 -0.8109064628302074
v -0.6626702700673559 0.6999999940395355 -0.8626702730475879
v -0.6694851075231054 0.6999999940395355 -0.9144340832649684
v -0.6894651953994253 0.6999999940395355 -0.962670274537704
v -0.7212489102899053 0.6999999940395355 -1.0040916358052707
v -0.762670271557472 0.6999999940395355 -1.0358753506957508
v -0.8109064628302076 0.6999999940395355 -1.0558554385720706
v -0.8626702730475881 0.6999999940395355 -1.0626702760278202
v -0.9144340832649687 0.6999999940395355 -1.0558554385720706
v -0.9626702745377043 0.6999999940395355 -1.0358753506957508
v -1.004091635805271 0.6999999940395355 -1.0040916358052707
v -1.035875350695751 0.6999999940395355 -0.962670274537704
v -1.0558554385720709 0.6999999940395355 -0.9144340832649684
v -1.0626702760278204 0.6999999940395355 -0.8626702730475879
v -1.0558554385720709 0.6999999940395355 -0.8109064628302074
v -1.035875350695751 0.6999999940395355 -0.7626702715574718
v -1.004091635805271 0.6999999940395355 -0.7212489102899051
v -0.9626702745377043 0.6999999940395355 -0.6894651953994251
v -0.9144340832649687 0.6999999940395355 -0.6694851075231052
v -0.8626702730475881 0.6999999940395355 -0.6626702700673557
v -0.8626702730475881 5.960464455334602e-9 -0.8626702730475879
v -0.8626702730475881 5.960464455334602e-9 -0.8626702730475879
v -0.8626702730475881 5.960464455334602e-9 -0.8626702730475879
v -0.8626702730475881 5.960464455334602e-9 -0.8626702730475879
v -0.8626702730475881 5.960464455334602e-9 -0.8626702730475879
v -0.8626702730475881 5.960464455334602e-9 -0.8626702730475879
v -0.8626702730475881 5.960464455334602e-9 -0.8626702730475879
v -0.8626702730475881 5.960464455334602e-9 -0.8626702730475879
v -0.8626702730475881 5.960464455334602e-9 -0.8626702730475879
v -0.8626702730475881 5.960464455334602e-9 -0.8626702730475879
v -0.8626702730475881 5.960464455334602e-9 -0.8626702730475879
v -0.8626702730475881 5.960464455334602e-9 -0.8626702730475879
v -0.8626702730475881 5.960464455334602e-9 -0.8626702730475879
v -0.8626702730475881 5.960464455334602e-9 -0.8626702730475879
v -0.8626702730475881 5.960464455334602e-9 -0.8626702730475879
v -0.8626702730475881 5.960464455334602e-9 -0.8626702730475879
v -0.8626702730475881 5.960464455334602e-9 -0.8626702730475879
v -0.8626702730475881 5.960464455334602e-9 -0.8626702730475879
v -0.8626702730475881 5.960464455334602e-9 -0.8626702730475879
v -0.8626702730475881 5.960464455334602e-9 -0.8626702730475879
v -0.8626702730475881 5.960464455334602e-9 -0.8626702730475879
v -0.8626702730475881 5.960464455334602e-9 -0.8626702730475879
v -0.8626702730475881 5.960464455334602e-9 -0.8626702730475879
v -0.8626702730475881 5.960464455334602e-9 -0.8626702730475879
v -0.8626702730475881 5.960464455334602e-9 -0.5426702802001453
v -0.7798481811701277 5.960464455334602e-9 -0.5535739962874866
v -0.7026702766238668 5.960464455334602e-9 -0.5855421428500629
v -0.6363961105166891 5.960464455334602e-9 -0.6363961105166889
v -0.5855421428500631 5.960464455334602e-9 -0.7026702766238666
v -0.5535739962874868 5.960464455334602e-9 -0.7798481811701274
v -0.5426702802001455 5.960464455334602e-9 -0.8626702730475879
v -0.5535739962874868 5.960464455334602e-9 -0.9454923649250484
v -0.5855421428500631 5.960464455334602e-9 -1.0226702694713092
v -0.6363961105166891 5.960464455334602e-9 -1.088944435578487
v -0.7026702766238668 5.960464455334602e-9 -1.139798403245113
v -0.7798481811701277 5.960464455334602e-9 -1.1717665498076892
v -0.8626702730475881 5.960464455334602e-9 -1.1826702658950305
v -0.9454923649250486 5.960464455334602e-9 -1.1717665498076892
v -1.0226702694713095 5.960464455334602e-9 -1.139798403245113
v -1.0889444355784872 5.960464455334602e-9 -1.088944435578487
v -1.1397984032451132 5.960464455334602e-9 -1.0226702694713092
v -1.1717665498076895 5.960464455334602e-9 -0.9454923649250484
v -1.1826702658950308 5.960464455334602e-9 -0.862670273047588
v -1.1717665498076895 5.960464455334602e-9 -0.7798481811701274
v -1.1397984032451132 5.960464455334602e-9 -0.7026702766238666
v -1.0889444355784872 5.960464455334602e-9 -0.6363961105166889
v -1.0226702694713095 5.960464455334602e-9 -0.5855421428500629
v -0.9454923649250486 5.960464455334602e-9 -0.5535739962874866
v -0.8626702730475883 5.960464455334602e-9 -0.5426702802001453
vt 0 1
vt 0.0416666679084301 1
vt 0.0833333358168602 1
vt 0.125 1
vt 0.1666666716337204 1
vt 0.2083333283662796 1
vt 0.25 1
vt 0.2916666567325592 1
vt 0.3333333432674408 1
vt 0.375 1
vt 0.4166666567325592 1
vt 0.4583333432674408 1
vt 0.5 1
vt 0.5416666865348816 1
vt 0.5833333134651184 1
vt 0.625 1
vt 0.6666666865348816 1
vt 0.7083333134651184 1
vt 0.75 1
vt 0.7916666865348816 1
vt 0.8333333134651184 1
vt 0.875 1
vt 0.9166666865348816 1
vt 0.9583333134651184 1
vt 1 1
vt 0 0
vt 0.0416666679084301 0
vt 0.0833333358168602 0
vt 0.125 0
vt 0.1666666716337204 0
vt 0.2083333283662796 0
vt 0.25 0
vt 0.2916666567325592 0
vt 0.3333333432674408 0
vt 0.375 0
vt 0.4166666567325592 0
vt 0.4583333432674408 0
vt 0.5 0
vt 0.5416666865348816 0
vt 0.5833333134651184 0
vt 0.625 0
vt 0.6666666865348816 0
vt 0.7083333134651184 0
vt 0.75 0
vt 0.7916666865348816 0
vt 0.8333333134651184 0
vt 0.875 0
vt 0.9166666865348816 0
vt 0.9583333134651184 0
vt 1 0
vt 0.5 0.5
vt 0.5 0.5
vt 0.5 0.5
vt 0.5 0.5
vt 0.5 0.5
vt 0.5 0.5
vt 0.5 0.5
vt 0.5 0.5
vt 0.5 0.5
vt 0.5 0.5
vt 0.5 0.5
vt 0.5 0.5
vt 0.5 0.5
vt 0.5 0.5
vt 0.5 0.5
vt 0.5 0.5
vt 0.5 0.5
vt 0.5 0.5
vt 0.5 0.5
vt 0.5 0.5
vt 0.5 0.5
vt 0.5 0.5
vt 0.5 0.5
vt 0.5 0.5
vt 1 0.5
vt 0.9829629063606262 0.6294095516204834
vt 0.9330127239227295 0.75
vt 0.8535534143447876 0.8535534143447876
vt 0.75 0.9330127239227295
vt 0.6294095516204834 0.9829629063606262
vt 0.5 1
vt 0.370590478181839 0.9829629063606262
vt 0.25 0.9330127239227295
vt 0.1464466154575348 0.8535534143447876
vt 0.0669872984290123 0.75
vt 0.017037086188793182 0.6294095516204834
vt 0 0.5
vt 0.017037086188793182 0.370590478181839
vt 0.0669872984290123 0.25
vt 0.1464466154575348 0.1464466154575348
vt 0.25 0.0669872984290123
vt 0.370590478181839 0.017037086188793182
vt 0.5 0
vt 0.6294095516204834 0.017037086188793182
vt 0.75 0.0669872984290123
vt 0.8535534143447876 0.1464466154575348
vt 0.9330127239227295 0.25
vt 0.9829629063606262 0.370590478181839
vt 1 0.5
vt 0.5 0.5
vt 0.5 0.5
vt 0.5 0.5
vt 0.5 0.5
vt 0.5 0.5
vt 0.5 0.5
vt 0.5 0.5
vt 0.5 0.5
vt 0.5 0.5
vt 0.5 0.5
vt 0.5 0.5
vt 0.5 0.5
vt 0.5 0.5
vt 0.5 0.5
vt 0.5 0.5
vt 0.5 0.5
vt 0.5 0.5
vt 0.5 0.5
vt 0.5 0.5
vt 0.5 0.5
vt 0.5 0.5
vt 0.5 0.5
vt 0.5 0.5
vt 0.5 0.5
vt 1 0.5
vt 0.9829629063606262 0.370590478181839
vt 0.9330127239227295 0.25
vt 0.8535534143447876 0.1464466154575348
vt 0.75 0.0669872984290123
vt 0.6294095516204834 0.017037086188793182
vt 0.5 0
vt 0.370590478181839 0.017037086188793182
vt 0.25 0.0669872984290123
vt 0.1464466154575348 0.1464466154575348
vt 0.0669872984290123 0.25
vt 0.017037086188793182 0.370590478181839
vt 0 0.5
vt 0.017037086188793182 0.6294095516204834
vt 0.0669872984290123 0.75
vt 0.1464466154575348 0.8535534143447876
vt 0.25 0.9330127239227295
vt 0.370590478181839 0.9829629063606262
vt 0.5 1
vt 0.6294095516204834 0.9829629063606262
vt 0.75 0.9330127239227295
vt 0.8535534143447876 0.8535534143447876
vt 0.9330127239227295 0.75
vt 0.9829629063606262 0.6294095516204834
vt 1 0.5
vn 0 0.16896382420988967 0.9856222532534306
vn 0.25509780673174526 0.1689638199263626 0.9520379911308923
vn 0.49281111356139395 0.16896381973035068 0.8535739182827158
vn 0.6969401796234542 0.16896381876855981 0.6969401796234542
vn 0.8535739182827158 0.16896381973035068 0.49281111356139395
vn 0.9520379911308923 0.1689638199263626 0.25509780673174526
vn 0.9856222532534306 0.16896382420988967 6.035195935551298e-17
vn 0.9520379911308923 0.1689638199263626 -0.25509780673174526
vn 0.8535739182827158 0.16896381973035068 -0.49281111356139395
vn 0.6969401796234542 0.16896381876855981 -0.6969401796234542
vn 0.49281111356139395 0.16896381973035068 -0.8535739182827158
vn 0.25509780673174526 0.1689638199263626 -0.9520379911308923
vn 1.2070391871102596e-16 0.16896382420988967 -0.9856222532534306
vn -0.25509780673174526 0.1689638199263626 -0.9520379911308923
vn -0.49281111356139395 0.16896381973035068 -0.8535739182827158
vn -0.6969401796234542 0.16896381876855981 -0.6969401796234542
vn -0.8535739182827158 0.16896381973035068 -0.49281111356139395
vn -0.9520379911308923 0.1689638199263626 -0.25509780673174526
vn -0.9856222532534306 0.16896382420988967 -1.8105587806653895e-16
vn -0.9520379911308923 0.1689638199263626 0.25509780673174526
vn -0.8535739182827158 0.16896381973035068 0.49281111356139395
vn -0.6969401796234542 0.16896381876855981 0.6969401796234542
vn -0.49281111356139395 0.16896381973035068 0.8535739182827158
vn -0.25509780673174526 0.1689638199263626 0.9520379911308923
vn -2.414078374220519e-16 0.16896382420988967 0.9856222532534306
vn 0 0.16896382420988967 0.9856222532534306
vn 0.25509780673174526 0.1689638199263626 0.9520379911308923
vn 0.49281111356139395 0.16896381973035068 0.8535739182827158
vn 0.6969401796234542 0.16896381876855981 0.6969401796234542
vn 0.8535739182827158 0.16896381973035068 0.49281111356139395
vn 0.9520379911308923 0.1689638199263626 0.25509780673174526
vn 0.9856222532534306 0.16896382420988967 6.035195935551298e-17
vn 0.9520379911308923 0.1689638199263626 -0.25509780673174526
vn 0.8535739182827158 0.16896381973035068 -0.49281111356139395
vn 0.6969401796234542 0.16896381876855981 -0.6969401796234542
vn 0.49281111356139395 0.16896381973035068 -0.8535739182827158
vn 0.25509780673174526 0.1689638199263626 -0.9520379911308923
vn 1.2070391871102596e-16 0.16896382420988967 -0.9856222532534306
vn -0.25509780673174526 0.1689638199263626 -0.9520379911308923
vn -0.49281111356139395 0.16896381973035068 -0.8535739182827158
vn -0.6969401796234542 0.16896381876855981 -0.6969401796234542
vn -0.8535739182827158 0.16896381973035068 -0.49281111356139395
vn -0.9520379911308923 0.1689638199263626 -0.25509780673174526
vn -0.9856222532534306 0.16896382420988967 -1.8105587806653895e-16
vn -0.9520379911308923 0.1689638199263626 0.25509780673174526
vn -0.8535739182827158 0.16896381973035068 0.49281111356139395
vn -0.6969401796234542 0.16896381876855981 0.6969401796234542
vn -0.49281111356139395 0.16896381973035068 0.8535739182827158
vn -0.25509780673174526 0.1689638199263626 0.9520379911308923
vn -2.414078374220519e-16 0.16896382420988967 0.9856222532534306
vn 0 1 0
vn 0 1 0
vn 0 1 0
vn 0 1 0
vn 0 1 0
vn 0 1 0
vn 0 1 0
vn 0 1 0
vn 0 1 0
vn 0 1 0
vn 0 1 0
vn 0 1 0
vn 0 1 0
vn 0 1 0
vn 0 1 0
vn 0 1 0
vn 0 1 0
vn 0 1 0
vn 0 1 0
vn 0 1 0
vn 0 1 0
vn 0 1 0
vn 0 1 0
vn 0 1 0
vn 0 1 0
vn 0 1 0
vn 0 1 0
vn 0 1 0
vn 0 1 0
vn 0 1 0
vn 0 1 0
vn 0 1 0
vn 0 1 0
vn 0 1 0
vn 0 1 0
vn 0 1 0
vn 0 1 0
vn 0 1 0
vn 0 1 0
vn 0 1 0
vn 0 1 0
vn 0 1 0
vn 0 1 0
vn 0 1 0
vn 0 1 0
vn 0 1 0
vn 0 1 0
vn 0 1 0
vn 0 1 0
vn 0 -1 0
vn 0 -1 0
vn 0 -1 0
vn 0 -1 0
vn 0 -1 0
vn 0 -1 0
vn 0 -1 0
vn 0 -1 0
vn 0 -1 0
vn 0 -1 0
vn 0 -1 0
vn 0 -1 0
vn 0 -1 0
vn 0 -1 0
vn 0 -1 0
vn 0 -1 0
vn 0 -1 0
vn 0 -1 0
vn 0 -1 0
vn 0 -1 0
vn 0 -1 0
vn 0 -1 0
vn 0 -1 0
vn 0 -1 0
vn 0 -1 0
vn 0 -1 0
vn 0 -1 0
vn 0 -1 0
vn 0 -1 0
vn 0 -1 0
vn 0 -1 0
vn 0 -1 0
vn 0 -1 0
vn 0 -1 0
vn 0 -1 0
vn 0 -1 0
vn 0 -1 0
vn 0 -1 0
vn 0 -1 0
vn 0 -1 0
vn 0 -1 0
vn 0 -1 0
vn 0 -1 0
vn 0 -1 0
vn 0 -1 0
vn 0 -1 0
vn 0 -1 0
vn 0 -1 0
vn 0 -1 0
f 1935/1935/1935 1960/1960/1960 1936/1936/1936
f 1960/1960/1960 1961/1961/1961 1936/1936/1936
f 1936/1936/1936 1961/1961/1961 1937/1937/1937
f 1961/1961/1961 1962/1962/1962 1937/1937/1937
f 1937/1937/1937 1962/1962/1962 1938/1938/1938
f 1962/1962/1962 1963/1963/1963 1938/1938/1938
f 1938/1938/1938 1963/1963/1963 1939/1939/1939
f 1963/1963/1963 1964/1964/1964 1939/1939/1939
f 1939/1939/1939 1964/1964/1964 1940/1940/1940
f 1964/1964/1964 1965/1965/1965 1940/1940/1940
f 1940/1940/1940 1965/1965/1965 1941/1941/1941
f 1965/1965/1965 1966/1966/1966 1941/1941/1941
f 1941/1941/1941 1966/1966/1966 1942/1942/1942
f 1966/1966/1966 1967/1967/1967 1942/1942/1942
f 1942/1942/1942 1967/1967/1967 1943/1943/1943
f 1967/1967/1967 1968/1968/1968 1943/1943/1943
f 1943/1943/1943 1968/1968/1968 1944/1944/1944
f 1968/1968/1968 1969/1969/1969 1944/1944/1944
f 1944/1944/1944 1969/1969/1969 1945/1945/1945
f 1969/1969/1969 1970/1970/1970 1945/1945/1945
f 1945/1945/1945 1970/1970/1970 1946/1946/1946
f 1970/1970/1970 1971/1971/1971 1946/1946/1946
f 1946/1946/1946 1971/1971/1971 1947/1947/1947
f 1971/1971/1971 1972/1972/1972 1947/1947/1947
f 1947/1947/1947 1972/1972/1972 1948/1948/1948
f 1972/1972/1972 1973/1973/1973 1948/1948/1948
f 1948/1948/1948 1973/1973/1973 1949/1949/1949
f 1973/1973/1973 1974/1974/1974 1949/1949/1949
f 1949/1949/1949 1974/1974/1974 1950/1950/1950
f 1974/1974/1974 1975/1975/1975 1950/1950/1950
f 1950/1950/1950 1975/1975/1975 1951/1951/1951
f 1975/1975/1975 1976/1976/1976 1951/1951/1951
f 1951/1951/1951 1976/1976/1976 1952/1952/1952
f 1976/1976/1976 1977/1977/1977 1952/1952/1952
f 1952/1952/1952 1977/1977/1977 1953/1953/1953
f 1977/1977/1977 1978/1978/1978 1953/1953/1953
f 1953/1953/1953 1978/1978/1978 1954/1954/1954
f 1978/1978/1978 1979/1979/1979 1954/1954/1954
f 1954/1954/1954 1979/1979/1979 1955/1955/1955
f 1979/1979/1979 1980/1980/1980 1955/1955/1955
f 1955/1955/1955 1980/1980/1980 1956/1956/1956
f 1980/1980/1980 1981/1981/1981 1956/1956/1956
f 1956/1956/1956 1981/1981/1981 1957/1957/1957
f 1981/1981/1981 1982/1982/1982 1957/1957/1957
f 1957/1957/1957 1982/1982/1982 1958/1958/1958
f 1982/1982/1982 1983/1983/1983 1958/1958/1958
f 1958/1958/1958 1983/1983/1983 1959/1959/1959
f 1983/1983/1983 1984/1984/1984 1959/1959/1959
f 2009/2009/2009 2010/2010/2010 1985/1985/1985
f 2010/2010/2010 2011/2011/2011 1986/1986/1986
f 2011/2011/2011 2012/2012/2012 1987/1987/1987
f 2012/2012/2012 2013/2013/2013 1988/1988/1988
f 2013/2013/2013 2014/2014/2014 1989/1989/1989
f 2014/2014/2014 2015/2015/2015 1990/1990/1990
f 2015/2015/2015 2016/2016/2016 1991/1991/1991
f 2016/2016/2016 2017/2017/2017 1992/1992/1992
f 2017/2017/2017 2018/2018/2018 1993/1993/1993
f 2018/2018/2018 2019/2019/2019 1994/1994/1994
f 2019/2019/2019 2020/2020/2020 1995/1995/1995
f 2020/2020/2020 2021/2021/2021 1996/1996/1996
f 2021/2021/2021 2022/2022/2022 1997/1997/1997
f 2022/2022/2022 2023/2023/2023 1998/1998/1998
f 2023/2023/2023 2024/2024/2024 1999/1999/1999
f 2024/2024/2024 2025/2025/2025 2000/2000/2000
f 2025/2025/2025 2026/2026/2026 2001/2001/2001
f 2026/2026/2026 2027/2027/2027 2002/2002/2002
f 2027/2027/2027 2028/2028/2028 2003/2003/2003
f 2028/2028/2028 2029/2029/2029 2004/2004/2004
f 2029/2029/2029 2030/2030/2030 2005/2005/2005
f 2030/2030/2030 2031/2031/2031 2006/2006/2006
f 2031/2031/2031 2032/2032/2032 2007/2007/2007
f 2032/2032/2032 2033/2033/2033 2008/2008/2008
f 2059/2059/2059 2058/2058/2058 2034/2034/2034
f 2060/2060/2060 2059/2059/2059 2035/2035/2035
f 2061/2061/2061 2060/2060/2060 2036/2036/2036
f 2062/2062/2062 2061/2061/2061 2037/2037/2037
f 2063/2063/2063 2062/2062/2062 2038/2038/2038
f 2064/2064/2064 2063/2063/2063 2039/2039/2039
f 2065/2065/2065 2064/2064/2064 2040/2040/2040
f 2066/2066/2066 2065/2065/2065 2041/2041/2041
f 2067/2067/2067 2066/2066/2066 2042/2042/2042
f 2068/2068/2068 2067/2067/2067 2043/2043/2043
f 2069/2069/2069 2068/2068/2068 2044/2044/2044
f 2070/2070/2070 2069/2069/2069 2045/2045/2045
f 2071/2071/2071 2070/2070/2070 2046/2046/2046
f 2072/2072/2072 2071/2071/2071 2047/2047/2047
f 2073/2073/2073 2072/2072/2072 2048/2048/2048
f 2074/2074/2074 2073/2073/2073 2049/2049/2049
f 2075/2075/2075 2074/2074/2074 2050/2050/2050
f 2076/2076/2076 2075/2075/2075 2051/2051/2051
f 2077/2077/2077 2076/2076/2076 2052/2052/2052
f 2078/2078/2078 2077/2077/2077 2053/2053/2053
f 2079/2079/2079 2078/2078/2078 2054/2054/2054
f 2080/2080/2080 2079/2079/2079 2055/2055/2055
f 2081/2081/2081 2080/2080/2080 2056/2056/2056
f 2082/2082/2082 2081/2081/2081 2057/2057/2057
o merlin_nozzle_7
usemtl nozzle_soot
v -2.241103642439656e-16 -1.1920928910669204e-8 -0.9000000071525573
v 0.06242890283465363 -1.1920928910669204e-8 -0.9061487030982971
v 0.12245869636535622 -1.1920928910669204e-8 -0.9243585479259491
v 0.17778247594833352 -1.1920928910669204e-8 -0.9539297235012054
v 0.22627416253089883 -1.1920928910669204e-8 -0.9937258374691009
v 0.26607027649879433 -1.1920928910669204e-8 -1.0422175240516662
v 0.2956414520740507 -1.1920928910669204e-8 -1.0975413036346435
v 0.31385129690170266 -1.1920928910669204e-8 -1.1575710971653461
v 0.3199999928474424 -1.1920928910669204e-8 -1.22
v 0.31385129690170266 -1.1920928910669204e-8 -1.2824289028346538
v 0.2956414520740507 -1.1920928910669204e-8 -1.3424586963653564
v 0.26607027649879433 -1.1920928910669204e-8 -1.3977824759483337
v 0.22627416253089883 -1.1920928910669204e-8 -1.446274162530899
v 0.17778247594833352 -1.1920928910669204e-8 -1.4860702764987945
v 0.12245869636535622 -1.1920928910669204e-8 -1.5156414520740509
v 0.06242890283465363 -1.1920928910669204e-8 -1.5338512969017029
v -1.849216669464737e-16 -1.1920928910669204e-8 -1.5399999928474426
v -0.062428902834654076 -1.1920928910669204e-8 -1.5338512969017029
v -0.12245869636535667 -1.1920928910669204e-8 -1.5156414520740509
v -0.17778247594833396 -1.1920928910669204e-8 -1.4860702764987945
v -0.22627416253089927 -1.1920928910669204e-8 -1.446274162530899
v -0.2660702764987948 -1.1920928910669204e-8 -1.3977824759483337
v -0.2956414520740511 -1.1920928910669204e-8 -1.3424586963653564
v -0.3138512969017031 -1.1920928910669204e-8 -1.2824289028346538
v -0.31999999284744285 -1.1920928910669204e-8 -1.22
v -0.3138512969017031 -1.1920928910669204e-8 -1.1575710971653461
v -0.2956414520740511 -1.1920928910669204e-8 -1.0975413036346435
v -0.2660702764987948 -1.1920928910669204e-8 -1.0422175240516662
v -0.22627416253089927 -1.1920928910669204e-8 -0.9937258374691009
v -0.17778247594833396 -1.1920928910669204e-8 -0.9539297235012054
v -0.12245869636535667 -1.1920928910669204e-8 -0.9243585479259491
v -0.062428902834654076 -1.1920928910669204e-8 -0.9061487030982971
v -3.024877588389494e-16 -1.1920928910669204e-8 -0.9000000071525573
v -2.241103642439656e-16 -1.899999988079071 -0.669999988079071
v 0.10729967802762963 -1.899999988079071 -0.6805680704116821
v 0.21047589182853677 -1.899999988079071 -0.7118662309646606
v 0.30556362867355324 -1.899999988079071 -0.762691707611084
v 0.3889087438583372 -1.899999988079071 -0.8310912561416626
v 0.4573082923889158 -1.899999988079071 -0.9144363713264465
v 0.5081337690353391 -1.899999988079071 -1.009524108171463
v 0.5394319295883176 -1.899999988079071 -1.1127003219723701
v 0.5500000119209287 -1.899999988079071 -1.22
v 0.5394319295883176 -1.899999988079071 -1.3272996780276298
v 0.5081337690353391 -1.899999988079071 -1.430475891828537
v 0.4573082923889158 -1.899999988079071 -1.5255636286735534
v 0.3889087438583372 -1.899999988079071 -1.6089087438583374
v 0.30556362867355324 -1.899999988079071 -1.677308292388916
v 0.21047589182853677 -1.899999988079071 -1.7281337690353393
v 0.10729967802762963 -1.899999988079071 -1.7594319295883178
v -1.5675478735178138e-16 -1.899999988079071 -1.770000011920929
v -0.10729967802763007 -1.899999988079071 -1.7594319295883178
v -0.2104758918285372 -1.899999988079071 -1.7281337690353393
v -0.3055636286735537 -1.899999988079071 -1.677308292388916
v -0.3889087438583376 -1.899999988079071 -1.6089087438583374
v -0.45730829238891624 -1.899999988079071 -1.5255636286735534
v -0.5081337690353396 -1.899999988079071 -1.430475891828537
v -0.5394319295883181 -1.899999988079071 -1.3272996780276298
v -0.5500000119209292 -1.899999988079071 -1.22
v -0.5394319295883181 -1.899999988079071 -1.1127003219723701
v -0.5081337690353396 -1.899999988079071 -1.009524108171463
v -0.45730829238891624 -1.899999988079071 -0.9144363713264465
v -0.3889087438583376 -1.899999988079071 -0.8310912561416626
v -0.3055636286735537 -1.899999988079071 -0.762691707611084
v -0.2104758918285372 -1.899999988079071 -0.7118662309646606
v -0.10729967802763007 -1.899999988079071 -0.6805680704116821
v -3.5882151802833407e-16 -1.899999988079071 -0.669999988079071
vt 0 1
vt 0.03125 1
vt 0.0625 1
vt 0.09375 1
vt 0.125 1
vt 0.15625 1
vt 0.1875 1
vt 0.21875 1
vt 0.25 1
vt 0.28125 1
vt 0.3125 1
vt 0.34375 1
vt 0.375 1
vt 0.40625 1
vt 0.4375 1
vt 0.46875 1
vt 0.5 1
vt 0.53125 1
vt 0.5625 1
vt 0.59375 1
vt 0.625 1
vt 0.65625 1
vt 0.6875 1
vt 0.71875 1
vt 0.75 1
vt 0.78125 1
vt 0.8125 1
vt 0.84375 1
vt 0.875 1
vt 0.90625 1
vt 0.9375 1
vt 0.96875 1
vt 1 1
vt 0 0
vt 0.03125 0
vt 0.0625 0
vt 0.09375 0
vt 0.125 0
vt 0.15625 0
vt 0.1875 0
vt 0.21875 0
vt 0.25 0
vt 0.28125 0
vt 0.3125 0
vt 0.34375 0
vt 0.375 0
vt 0.40625 0
vt 0.4375 0
vt 0.46875 0
vt 0.5 0
vt 0.53125 0
vt 0.5625 0
vt 0.59375 0
vt 0.625 0
vt 0.65625 0
vt 0.6875 0
vt 0.71875 0
vt 0.75 0
vt 0.78125 0
vt 0.8125 0
vt 0.84375 0
vt 0.875 0
vt 0.90625 0
vt 0.9375 0
vt 0.96875 0
vt 1 0
vn 0 0.12017532589174768 0.9927526837268245
vn 0.19367644214852053 0.12017532452971244 0.9736772191701257
vn 0.37990999730114133 0.12017532598832087 0.9171838883093442
vn 0.5515438361793547 0.12017532532910785 0.8254436915711477
vn 0.7019821546273324 0.12017532679188415 0.7019821546273324
vn 0.8254436915711477 0.12017532532910785 0.5515438361793547
vn 0.9171838883093442 0.12017532598832087 0.37990999730114133
vn 0.9736772191701257 0.12017532452971244 0.19367644214852053
vn 0.9927526837268245 0.12017532589174768 6.078857092128074e-17
vn 0.9736772191701257 0.12017532452971244 -0.19367644214852053
vn 0.9171838883093442 0.12017532598832087 -0.37990999730114133
vn 0.8254436915711477 0.12017532532910785 -0.5515438361793547
vn 0.7019821546273324 0.12017532679188415 -0.7019821546273324
vn 0.5515438361793547 0.12017532532910785 -0.8254436915711477
vn 0.37990999730114133 0.12017532598832087 -0.9171838883093442
vn 0.19367644214852053 0.12017532452971244 -0.9736772191701257
vn 1.215771418425615e-16 0.12017532589174768 -0.9927526837268245
vn -0.19367644214852053 0.12017532452971244 -0.9736772191701257
vn -0.37990999730114133 0.12017532598832087 -0.9171838883093442
vn -0.5515438361793547 0.12017532532910785 -0.8254436915711477
vn -0.7019821546273324 0.12017532679188415 -0.7019821546273324
vn -0.8254436915711477 0.12017532532910785 -0.5515438361793547
vn -0.9171838883093442 0.12017532598832087 -0.37990999730114133
vn -0.9736772191701257 0.12017532452971244 -0.19367644214852053
vn -0.9927526837268245 0.12017532589174768 -1.8236570614639727e-16
vn -0.9736772191701257 0.12017532452971244 0.19367644214852053
vn -0.9171838883093442 0.12017532598832087 0.37990999730114133
vn -0.8254436915711477 0.12017532532910785 0.5515438361793547
vn -0.7019821546273324 0.12017532679188415 0.7019821546273324
vn -0.5515438361793547 0.12017532532910785 0.8254436915711477
vn -0.37990999730114133 0.12017532598832087 0.9171838883093442
vn -0.19367644214852053 0.12017532452971244 0.9736772191701257
vn -2.43154283685123e-16 0.12017532589174768 0.9927526837268245
vn 0 0.12017532589174768 0.9927526837268245
vn 0.19367644214852053 0.12017532452971244 0.9736772191701257
vn 0.37990999730114133 0.12017532598832087 0.9171838883093442
vn 0.5515438361793547 0.12017532532910785 0.8254436915711477
vn 0.7019821546273324 0.12017532679188415 0.7019821546273324
vn 0.8254436915711477 0.12017532532910785 0.5515438361793547
vn 0.9171838883093442 0.12017532598832087 0.37990999730114133
vn 0.9736772191701257 0.12017532452971244 0.19367644214852053
vn 0.9927526837268245 0.12017532589174768 6.078857092128074e-17
vn 0.9736772191701257 0.12017532452971244 -0.19367644214852053
vn 0.9171838883093442 0.12017532598832087 -0.37990999730114133
vn 0.8254436915711477 0.12017532532910785 -0.5515438361793547
vn 0.7019821546273324 0.12017532679188415 -0.7019821546273324
vn 0.5515438361793547 0.12017532532910785 -0.8254436915711477
vn 0.37990999730114133 0.12017532598832087 -0.9171838883093442
vn 0.19367644214852053 0.12017532452971244 -0.9736772191701257
vn 1.215771418425615e-16 0.12017532589174768 -0.9927526837268245
vn -0.19367644214852053 0.12017532452971244 -0.9736772191701257
vn -0.37990999730114133 0.12017532598832087 -0.9171838883093442
vn -0.5515438361793547 0.12017532532910785 -0.8254436915711477
vn -0.7019821546273324 0.12017532679188415 -0.7019821546273324
vn -0.8254436915711477 0.12017532532910785 -0.5515438361793547
vn -0.9171838883093442 0.12017532598832087 -0.37990999730114133
vn -0.9736772191701257 0.12017532452971244 -0.19367644214852053
vn -0.9927526837268245 0.12017532589174768 -1.8236570614639727e-16
vn -0.9736772191701257 0.12017532452971244 0.19367644214852053
vn -0.9171838883093442 0.12017532598832087 0.37990999730114133
vn -0.8254436915711477 0.12017532532910785 0.5515438361793547
vn -0.7019821546273324 0.12017532679188415 0.7019821546273324
vn -0.5515438361793547 0.12017532532910785 0.8254436915711477
vn -0.37990999730114133 0.12017532598832087 0.9171838883093442
vn -0.19367644214852053 0.12017532452971244 0.9736772191701257
vn -2.43154283685123e-16 0.12017532589174768 0.9927526837268245
f 2083/2083/2083 2116/2116/2116 2084/2084/2084
f 2116/2116/2116 2117/2117/2117 2084/2084/2084
f 2084/2084/2084 2117/2117/2117 2085/2085/2085
f 2117/2117/2117 2118/2118/2118 2085/2085/2085
f 2085/2085/2085 2118/2118/2118 2086/2086/2086
f 2118/2118/2118 2119/2119/2119 2086/2086/2086
f 2086/2086/2086 2119/2119/2119 2087/2087/2087
f 2119/2119/2119 2120/2120/2120 2087/2087/2087
f 2087/2087/2087 2120/2120/2120 2088/2088/2088
f 2120/2120/2120 2121/2121/2121 2088/2088/2088
f 2088/2088/2088 2121/2121/2121 2089/2089/2089
f 2121/2121/2121 2122/2122/2122 2089/2089/2089
f 2089/2089/2089 2122/2122/2122 2090/2090/2090
f 2122/2122/2122 2123/2123/2123 2090/2090/2090
f 2090/2090/2090 2123/2123/2123 2091/2091/2091
f 2123/2123/2123 2124/2124/2124 2091/2091/2091
f 2091/2091/2091 2124/2124/2124 2092/2092/2092
f 2124/2124/2124 2125/2125/2125 2092/2092/2092
f 2092/2092/2092 2125/2125/2125 2093/2093/2093
f 2125/2125/2125 2126/2126/2126 2093/2093/2093
f 2093/2093/2093 2126/2126/2126 2094/2094/2094
f 2126/2126/2126 2127/2127/2127 2094/2094/2094
f 2094/2094/2094 2127/2127/2127 2095/2095/2095
f 2127/2127/2127 2128/2128/2128 2095/2095/2095
f 2095/2095/2095 2128/2128/2128 2096/2096/2096
f 2128/2128/2128 2129/2129/2129 2096/2096/2096
f 2096/2096/2096 2129/2129/2129 2097/2097/2097
f 2129/2129/2129 2130/2130/2130 2097/2097/2097
f 2097/2097/2097 2130/2130/2130 2098/2098/2098
f 2130/2130/2130 2131/2131/2131 2098/2098/2098
f 2098/2098/2098 2131/2131/2131 2099/2099/2099
f 2131/2131/2131 2132/2132/2132 2099/2099/2099
f 2099/2099/2099 2132/2132/2132 2100/2100/2100
f 2132/2132/2132 2133/2133/2133 2100/2100/2100
f 2100/2100/2100 2133/2133/2133 2101/2101/2101
f 2133/2133/2133 2134/2134/2134 2101/2101/2101
f 2101/2101/2101 2134/2134/2134 2102/2102/2102
f 2134/2134/2134 2135/2135/2135 2102/2102/2102
f 2102/2102/2102 2135/2135/2135 2103/2103/2103
f 2135/2135/2135 2136/2136/2136 2103/2103/2103
f 2103/2103/2103 2136/2136/2136 2104/2104/2104
f 2136/2136/2136 2137/2137/2137 2104/2104/2104
f 2104/2104/2104 2137/2137/2137 2105/2105/2105
f 2137/2137/2137 2138/2138/2138 2105/2105/2105
f 2105/2105/2105 2138/2138/2138 2106/2106/2106
f 2138/2138/2138 2139/2139/2139 2106/2106/2106
f 2106/2106/2106 2139/2139/2139 2107/2107/2107
f 2139/2139/2139 2140/2140/2140 2107/2107/2107
f 2107/2107/2107 2140/2140/2140 2108/2108/2108
f 2140/2140/2140 2141/2141/2141 2108/2108/2108
f 2108/2108/2108 2141/2141/2141 2109/2109/2109
f 2141/2141/2141 2142/2142/2142 2109/2109/2109
f 2109/2109/2109 2142/2142/2142 2110/2110/2110
f 2142/2142/2142 2143/2143/2143 2110/2110/2110
f 2110/2110/2110 2143/2143/2143 2111/2111/2111
f 2143/2143/2143 2144/2144/2144 2111/2111/2111
f 2111/2111/2111 2144/2144/2144 2112/2112/2112
f 2144/2144/2144 2145/2145/2145 2112/2112/2112
f 2112/2112/2112 2145/2145/2145 2113/2113/2113
f 2145/2145/2145 2146/2146/2146 2113/2113/2113
f 2113/2113/2113 2146/2146/2146 2114/2114/2114
f 2146/2146/2146 2147/2147/2147 2114/2114/2114
f 2114/2114/2114 2147/2147/2147 2115/2115/2115
f 2147/2147/2147 2148/2148/2148 2115/2115/2115
o merlin_throat_7
usemtl engine_metal
v -2.241103642439656e-16 0.6999999940395355 -1.0199999970197677
v 0.0517638102173803 0.6999999940395355 -1.0268148344755172
v 0.1000000014901159 0.6999999940395355 -1.0467949223518371
v 0.14142136275768258 0.6999999940395355 -1.0785786372423172
v 0.17320507764816262 0.6999999940395355 -1.1199999985098839
v 0.1931851655244825 0.6999999940395355 -1.1682361897826194
v 0.20000000298023202 0.6999999940395355 -1.22
v 0.1931851655244825 0.6999999940395355 -1.2717638102173805
v 0.17320507764816262 0.6999999940395355 -1.320000001490116
v 0.14142136275768258 0.6999999940395355 -1.3614213627576828
v 0.1000000014901159 0.6999999940395355 -1.3932050776481628
v 0.0517638102173803 0.6999999940395355 -1.4131851655244827
v -1.9961742884662348e-16 0.6999999940395355 -1.4200000029802322
v -0.051763810217380746 0.6999999940395355 -1.4131851655244827
v -0.10000000149011634 0.6999999940395355 -1.3932050776481628
v -0.14142136275768302 0.6999999940395355 -1.3614213627576828
v -0.17320507764816306 0.6999999940395355 -1.320000001490116
v -0.19318516552448295 0.6999999940395355 -1.2717638102173805
v -0.20000000298023246 0.6999999940395355 -1.22
v -0.19318516552448295 0.6999999940395355 -1.1682361897826194
v -0.17320507764816306 0.6999999940395355 -1.1199999985098839
v -0.14142136275768302 0.6999999940395355 -1.0785786372423172
v -0.10000000149011634 0.6999999940395355 -1.0467949223518371
v -0.051763810217380746 0.6999999940395355 -1.0268148344755172
v -2.7309623503864987e-16 0.6999999940395355 -1.0199999970197677
v -2.241103642439656e-16 5.960464455334602e-9 -0.9000000071525573
v 0.08282209187746026 5.960464455334602e-9 -0.9109037232398987
v 0.1599999964237211 5.960464455334602e-9 -0.942871869802475
v 0.22627416253089883 5.960464455334602e-9 -0.9937258374691009
v 0.2771281301975248 5.960464455334602e-9 -1.0600000035762787
v 0.3090962767601011 5.960464455334602e-9 -1.1371779081225395
v 0.3199999928474424 5.960464455334602e-9 -1.22
v 0.3090962767601011 5.960464455334602e-9 -1.3028220918774605
v 0.2771281301975248 5.960464455334602e-9 -1.3799999964237213
v 0.22627416253089883 5.960464455334602e-9 -1.446274162530899
v 0.1599999964237211 5.960464455334602e-9 -1.497128130197525
v 0.08282209187746026 5.960464455334602e-9 -1.5290962767601013
v -1.849216669464737e-16 5.960464455334602e-9 -1.5399999928474426
v -0.0828220918774607 5.960464455334602e-9 -1.5290962767601013
v -0.15999999642372154 5.960464455334602e-9 -1.497128130197525
v -0.22627416253089927 5.960464455334602e-9 -1.446274162530899
v -0.27712813019752525 5.960464455334602e-9 -1.3799999964237213
v -0.30909627676010154 5.960464455334602e-9 -1.3028220918774605
v -0.31999999284744285 5.960464455334602e-9 -1.22
v -0.30909627676010154 5.960464455334602e-9 -1.1371779081225395
v -0.27712813019752525 5.960464455334602e-9 -1.0600000035762787
v -0.22627416253089927 5.960464455334602e-9 -0.9937258374691009
v -0.15999999642372154 5.960464455334602e-9 -0.942871869802475
v -0.0828220918774607 5.960464455334602e-9 -0.9109037232398987
v -3.024877588389494e-16 5.960464455334602e-9 -0.9000000071525573
v -2.241103642439656e-16 0.6999999940395355 -1.22
v -2.241103642439656e-16 0.6999999940395355 -1.22
v -2.241103642439656e-16 0.6999999940395355 -1.22
v -2.241103642439656e-16 0.6999999940395355 -1.22
v -2.241103642439656e-16 0.6999999940395355 -1.22
v -2.241103642439656e-16 0.6999999940395355 -1.22
v -2.241103642439656e-16 0.6999999940395355 -1.22
v -2.241103642439656e-16 0.6999999940395355 -1.22
v -2.241103642439656e-16 0.6999999940395355 -1.22
v -2.241103642439656e-16 0.6999999940395355 -1.22
v -2.241103642439656e-16 0.6999999940395355 -1.22
v -2.241103642439656e-16 0.6999999940395355 -1.22
v -2.241103642439656e-16 0.6999999940395355 -1.22
v -2.241103642439656e-16 0.6999999940395355 -1.22
v -2.241103642439656e-16 0.6999999940395355 -1.22
v -2.241103642439656e-16 0.6999999940395355 -1.22
v -2.241103642439656e-16 0.6999999940395355 -1.22
v -2.241103642439656e-16 0.6999999940395355 -1.22
v -2.241103642439656e-16 0.6999999940395355 -1.22
v -2.241103642439656e-16 0.6999999940395355 -1.22
v -2.241103642439656e-16 0.6999999940395355 -1.22
v -2.241103642439656e-16 0.6999999940395355 -1.22
v -2.241103642439656e-16 0.6999999940395355 -1.22
v -2.241103642439656e-16 0.6999999940395355 -1.22
v -2.241103642439656e-16 0.6999999940395355 -1.0199999970197677
v 0.0517638102173803 0.6999999940395355 -1.0268148344755172
v 0.1000000014901159 0.6999999940395355 -1.0467949223518371
v 0.14142136275768258 0.6999999940395355 -1.0785786372423172
v 0.17320507764816262 0.6999999940395355 -1.1199999985098839
v 0.1931851655244825 0.6999999940395355 -1.1682361897826194
v 0.20000000298023202 0.6999999940395355 -1.22
v 0.1931851655244825 0.6999999940395355 -1.2717638102173805
v 0.17320507764816262 0.6999999940395355 -1.320000001490116
v 0.14142136275768258 0.6999999940395355 -1.3614213627576828
v 0.1000000014901159 0.6999999940395355 -1.3932050776481628
v 0.0517638102173803 0.6999999940395355 -1.4131851655244827
v -1.9961742884662348e-16 0.6999999940395355 -1.4200000029802322
v -0.051763810217380746 0.6999999940395355 -1.4131851655244827
v -0.10000000149011634 0.6999999940395355 -1.3932050776481628
v -0.14142136275768302 0.6999999940395355 -1.3614213627576828
v -0.17320507764816306 0.6999999940395355 -1.320000001490116
v -0.19318516552448295 0.6999999940395355 -1.2717638102173805
v -0.20000000298023246 0.6999999940395355 -1.22
v -0.19318516552448295 0.6999999940395355 -1.1682361897826194
v -0.17320507764816306 0.6999999940395355 -1.1199999985098839
v -0.14142136275768302 0.6999999940395355 -1.0785786372423172
v -0.10000000149011634 0.6999999940395355 -1.0467949223518371
v -0.051763810217380746 0.6999999940395355 -1.0268148344755172
v -2.7309623503864987e-16 0.6999999940395355 -1.0199999970197677
v -2.241103642439656e-16 5.960464455334602e-9 -1.22
v -2.241103642439656e-16 5.960464455334602e-9 -1.22
v -2.241103642439656e-16 5.960464455334602e-9 -1.22
v -2.241103642439656e-16 5.960464455334602e-9 -1.22
v -2.241103642439656e-16 5.960464455334602e-9 -1.22
v -2.241103642439656e-16 5.960464455334602e-9 -1.22
v -2.241103642439656e-16 5.960464455334602e-9 -1.22
v -2.241103642439656e-16 5.960464455334602e-9 -1.22
v -2.241103642439656e-16 5.960464455334602e-9 -1.22
v -2.241103642439656e-16 5.960464455334602e-9 -1.22
v -2.241103642439656e-16 5.960464455334602e-9 -1.22
v -2.241103642439656e-16 5.960464455334602e-9 -1.22
v -2.241103642439656e-16 5.960464455334602e-9 -1.22
v -2.241103642439656e-16 5.960464455334602e-9 -1.22
v -2.241103642439656e-16 5.960464455334602e-9 -1.22
v -2.241103642439656e-16 5.960464455334602e-9 -1.22
v -2.241103642439656e-16 5.960464455334602e-9 -1.22
v -2.241103642439656e-16 5.960464455334602e-9 -1.22
v -2.241103642439656e-16 5.960464455334602e-9 -1.22
v -2.241103642439656e-16 5.960464455334602e-9 -1.22
v -2.241103642439656e-16 5.960464455334602e-9 -1.22
v -2.241103642439656e-16 5.960464455334602e-9 -1.22
v -2.241103642439656e-16 5.960464455334602e-9 -1.22
v -2.241103642439656e-16 5.960464455334602e-9 -1.22
v -2.241103642439656e-16 5.960464455334602e-9 -0.9000000071525573
v 0.08282209187746026 5.960464455334602e-9 -0.9109037232398987
v 0.1599999964237211 5.960464455334602e-9 -0.942871869802475
v 0.22627416253089883 5.960464455334602e-9 -0.9937258374691009
v 0.2771281301975248 5.960464455334602e-9 -1.0600000035762787
v 0.3090962767601011 5.960464455334602e-9 -1.1371779081225395
v 0.3199999928474424 5.960464455334602e-9 -1.22
v 0.3090962767601011 5.960464455334602e-9 -1.3028220918774605
v 0.2771281301975248 5.960464455334602e-9 -1.3799999964237213
v 0.22627416253089883 5.960464455334602e-9 -1.446274162530899
v 0.1599999964237211 5.960464455334602e-9 -1.497128130197525
v 0.08282209187746026 5.960464455334602e-9 -1.5290962767601013
v -1.849216669464737e-16 5.960464455334602e-9 -1.5399999928474426
v -0.0828220918774607 5.960464455334602e-9 -1.5290962767601013
v -0.15999999642372154 5.960464455334602e-9 -1.497128130197525
v -0.22627416253089927 5.960464455334602e-9 -1.446274162530899
v -0.27712813019752525 5.960464455334602e-9 -1.3799999964237213
v -0.30909627676010154 5.960464455334602e-9 -1.3028220918774605
v -0.31999999284744285 5.960464455334602e-9 -1.22
v -0.30909627676010154 5.960464455334602e-9 -1.1371779081225395
v -0.27712813019752525 5.960464455334602e-9 -1.0600000035762787
v -0.22627416253089927 5.960464455334602e-9 -0.9937258374691009
v -0.15999999642372154 5.960464455334602e-9 -0.942871869802475
v -0.0828220918774607 5.960464455334602e-9 -0.9109037232398987
v -3.024877588389494e-16 5.960464455334602e-9 -0.9000000071525573
vt 0 1
vt 0.0416666679084301 1
vt 0.0833333358168602 1
vt 0.125 1
vt 0.1666666716337204 1
vt 0.2083333283662796 1
vt 0.25 1
vt 0.2916666567325592 1
vt 0.3333333432674408 1
vt 0.375 1
vt 0.4166666567325592 1
vt 0.4583333432674408 1
vt 0.5 1
vt 0.5416666865348816 1
vt 0.5833333134651184 1
vt 0.625 1
vt 0.6666666865348816 1
vt 0.7083333134651184 1
vt 0.75 1
vt 0.7916666865348816 1
vt 0.8333333134651184 1
vt 0.875 1
vt 0.9166666865348816 1
vt 0.9583333134651184 1
vt 1 1
vt 0 0
vt 0.0416666679084301 0
vt 0.0833333358168602 0
vt 0.125 0
vt 0.1666666716337204 0
vt 0.2083333283662796 0
vt 0.25 0
vt 0.2916666567325592 0
vt 0.3333333432674408 0
vt 0.375 0
vt 0.4166666567325592 0
vt 0.4583333432674408 0
vt 0.5 0
vt 0.5416666865348816 0
vt 0.5833333134651184 0
vt 0.625 0
vt 0.6666666865348816 0
vt 0.7083333134651184 0
vt 0.75 0
vt 0.7916666865348816 0
vt 0.8333333134651184 0
vt 0.875 0
vt 0.9166666865348816 0
vt 0.9583333134651184 0
vt 1 0
vt 0.5 0.5
vt 0.5 0.5
vt 0.5 0.5
vt 0.5 0.5
vt 0.5 0.5
vt 0.5 0.5
vt 0.5 0.5
vt 0.5 0.5
vt 0.5 0.5
vt 0.5 0.5
vt 0.5 0.5
vt 0.5 0.5
vt 0.5 0.5
vt 0.5 0.5
vt 0.5 0.5
vt 0.5 0.5
vt 0.5 0.5
vt 0.5 0.5
vt 0.5 0.5
vt 0.5 0.5
vt 0.5 0.5
vt 0.5 0.5
vt 0.5 0.5
vt 0.5 0.5
vt 1 0.5
vt 0.9829629063606262 0.6294095516204834
vt 0.9330127239227295 0.75
vt 0.8535534143447876 0.8535534143447876
vt 0.75 0.9330127239227295
vt 0.6294095516204834 0.9829629063606262
vt 0.5 1
vt 0.370590478181839 0.9829629063606262
vt 0.25 0.9330127239227295
vt 0.1464466154575348 0.8535534143447876
vt 0.0669872984290123 0.75
vt 0.017037086188793182 0.6294095516204834
vt 0 0.5
vt 0.017037086188793182 0.370590478181839
vt 0.0669872984290123 0.25
vt 0.1464466154575348 0.1464466154575348
vt 0.25 0.0669872984290123
vt 0.370590478181839 0.017037086188793182
vt 0.5 0
vt 0.6294095516204834 0.017037086188793182
vt 0.75 0.0669872984290123
vt 0.8535534143447876 0.1464466154575348
vt 0.9330127239227295 0.25
vt 0.9829629063606262 0.370590478181839
vt 1 0.5
vt 0.5 0.5
vt 0.5 0.5
vt 0.5 0.5
vt 0.5 0.5
vt 0.5 0.5
vt 0.5 0.5
vt 0.5 0.5
vt 0.5 0.5
vt 0.5 0.5
vt 0.5 0.5
vt 0.5 0.5
vt 0.5 0.5
vt 0.5 0.5
vt 0.5 0.5
vt 0.5 0.5
vt 0.5 0.5
vt 0.5 0.5
vt 0.5 0.5
vt 0.5 0.5
vt 0.5 0.5
vt 0.5 0.5
vt 0.5 0.5
vt 0.5 0.5
vt 0.5 0.5
vt 1 0.5
vt 0.9829629063606262 0.370590478181839
vt 0.9330127239227295 0.25
vt 0.8535534143447876 0.1464466154575348
vt 0.75 0.0669872984290123
vt 0.6294095516204834 0.017037086188793182
vt 0.5 0
vt 0.370590478181839 0.017037086188793182
vt 0.25 0.0669872984290123
vt 0.1464466154575348 0.1464466154575348
vt 0.0669872984290123 0.25
vt 0.017037086188793182 0.370590478181839
vt 0 0.5
vt 0.017037086188793182 0.6294095516204834
vt 0.0669872984290123 0.75
vt 0.1464466154575348 0.8535534143447876
vt 0.25 0.9330127239227295
vt 0.370590478181839 0.9829629063606262
vt 0.5 1
vt 0.6294095516204834 0.9829629063606262
vt 0.75 0.9330127239227295
vt 0.8535534143447876 0.8535534143447876
vt 0.9330127239227295 0.75
vt 0.9829629063606262 0.6294095516204834
vt 1 0.5
vn 0 0.16896382420988967 0.9856222532534306
vn 0.25509780673174526 0.1689638199263626 0.9520379911308923
vn 0.49281111356139395 0.16896381973035068 0.8535739182827158
vn 0.6969401796234542 0.16896381876855981 0.6969401796234542
vn 0.8535739182827158 0.16896381973035068 0.49281111356139395
vn 0.9520379911308923 0.1689638199263626 0.25509780673174526
vn 0.9856222532534306 0.16896382420988967 6.035195935551298e-17
vn 0.9520379911308923 0.1689638199263626 -0.25509780673174526
vn 0.8535739182827158 0.16896381973035068 -0.49281111356139395
vn 0.6969401796234542 0.16896381876855981 -0.6969401796234542
vn 0.49281111356139395 0.16896381973035068 -0.8535739182827158
vn 0.25509780673174526 0.1689638199263626 -0.9520379911308923
vn 1.2070391871102596e-16 0.16896382420988967 -0.9856222532534306
vn -0.25509780673174526 0.1689638199263626 -0.9520379911308923
vn -0.49281111356139395 0.16896381973035068 -0.8535739182827158
vn -0.6969401796234542 0.16896381876855981 -0.6969401796234542
vn -0.8535739182827158 0.16896381973035068 -0.49281111356139395
vn -0.9520379911308923 0.1689638199263626 -0.25509780673174526
vn -0.9856222532534306 0.16896382420988967 -1.8105587806653895e-16
vn -0.9520379911308923 0.1689638199263626 0.25509780673174526
vn -0.8535739182827158 0.16896381973035068 0.49281111356139395
vn -0.6969401796234542 0.16896381876855981 0.6969401796234542
vn -0.49281111356139395 0.16896381973035068 0.8535739182827158
vn -0.25509780673174526 0.1689638199263626 0.9520379911308923
vn -2.414078374220519e-16 0.16896382420988967 0.9856222532534306
vn 0 0.16896382420988967 0.9856222532534306
vn 0.25509780673174526 0.1689638199263626 0.9520379911308923
vn 0.49281111356139395 0.16896381973035068 0.8535739182827158
vn 0.6969401796234542 0.16896381876855981 0.6969401796234542
vn 0.8535739182827158 0.16896381973035068 0.49281111356139395
vn 0.9520379911308923 0.1689638199263626 0.25509780673174526
vn 0.9856222532534306 0.16896382420988967 6.035195935551298e-17
vn 0.9520379911308923 0.1689638199263626 -0.25509780673174526
vn 0.8535739182827158 0.16896381973035068 -0.49281111356139395
vn 0.6969401796234542 0.16896381876855981 -0.6969401796234542
vn 0.49281111356139395 0.16896381973035068 -0.8535739182827158
vn 0.25509780673174526 0.1689638199263626 -0.9520379911308923
vn 1.2070391871102596e-16 0.16896382420988967 -0.9856222532534306
vn -0.25509780673174526 0.1689638199263626 -0.9520379911308923
vn -0.49281111356139395 0.16896381973035068 -0.8535739182827158
vn -0.6969401796234542 0.16896381876855981 -0.6969401796234542
vn -0.8535739182827158 0.16896381973035068 -0.49281111356139395
vn -0.9520379911308923 0.1689638199263626 -0.25509780673174526
vn -0.9856222532534306 0.16896382420988967 -1.8105587806653895e-16
vn -0.9520379911308923 0.1689638199263626 0.25509780673174526
vn -0.8535739182827158 0.16896381973035068 0.49281111356139395
vn -0.6969401796234542 0.16896381876855981 0.6969401796234542
vn -0.49281111356139395 0.16896381973035068 0.8535739182827158
vn -0.25509780673174526 0.1689638199263626 0.9520379911308923
vn -2.414078374220519e-16 0.16896382420988967 0.9856222532534306
vn 0 1 0
vn 0 1 0
vn 0 1 0
vn 0 1 0
vn 0 1 0
vn 0 1 0
vn 0 1 0
vn 0 1 0
vn 0 1 0
vn 0 1 0
vn 0 1 0
vn 0 1 0
vn 0 1 0
vn 0 1 0
vn 0 1 0
vn 0 1 0
vn 0 1 0
vn 0 1 0
vn 0 1 0
vn 0 1 0
vn 0 1 0
vn 0 1 0
vn 0 1 0
vn 0 1 0
vn 0 1 0
vn 0 1 0
vn 0 1 0
vn 0 1 0
vn 0 1 0
vn 0 1 0
vn 0 1 0
vn 0 1 0
vn 0 1 0
vn 0 1 0
vn 0 1 0
vn 0 1 0
vn 0 1 0
vn 0 1 0
vn 0 1 0
vn 0 1 0
vn 0 1 0
vn 0 1 0
vn 0 1 0
vn 0 1 0
vn 0 1 0
vn 0 1 0
vn 0 1 0
vn 0 1 0
vn 0 1 0
vn 0 -1 0
vn 0 -1 0
vn 0 -1 0
vn 0 -1 0
vn 0 -1 0
vn 0 -1 0
vn 0 -1 0
vn 0 -1 0
vn 0 -1 0
vn 0 -1 0
vn 0 -1 0
vn 0 -1 0
vn 0 -1 0
vn 0 -1 0
vn 0 -1 0
vn 0 -1 0
vn 0 -1 0
vn 0 -1 0
vn 0 -1 0
vn 0 -1 0
vn 0 -1 0
vn 0 -1 0
vn 0 -1 0
vn 0 -1 0
vn 0 -1 0
vn 0 -1 0
vn 0 -1 0
vn 0 -1 0
vn 0 -1 0
vn 0 -1 0
vn 0 -1 0
vn 0 -1 0
vn 0 -1 0
vn 0 -1 0
vn 0 -1 0
vn 0 -1 0
vn 0 -1 0
vn 0 -1 0
vn 0 -1 0
vn 0 -1 0
vn 0 -1 0
vn 0 -1 0
vn 0 -1 0
vn 0 -1 0
vn 0 -1 0
vn 0 -1 0
vn 0 -1 0
vn 0 -1 0
vn 0 -1 0
f 2149/2149/2149 2174/2174/2174 2150/2150/2150
f 2174/2174/2174 2175/2175/2175 2150/2150/2150
f 2150/2150/2150 2175/2175/2175 2151/2151/2151
f 2175/2175/2175 2176/2176/2176 2151/2151/2151
f 2151/2151/2151 2176/2176/2176 2152/2152/2152
f 2176/2176/2176 2177/2177/2177 2152/2152/2152
f 2152/2152/2152 2177/2177/2177 2153/2153/2153
f 2177/2177/2177 2178/2178/2178 2153/2153/2153
f 2153/2153/2153 2178/2178/2178 2154/2154/2154
f 2178/2178/2178 2179/2179/2179 2154/2154/2154
f 2154/2154/2154 2179/2179/2179 2155/2155/2155
f 2179/2179/2179 2180/2180/2180 2155/2155/2155
f 2155/2155/2155 2180/2180/2180 2156/2156/2156
f 2180/2180/2180 2181/2181/2181 2156/2156/2156
f 2156/2156/2156 2181/2181/2181 2157/2157/2157
f 2181/2181/2181 2182/2182/2182 2157/2157/2157
f 2157/2157/2157 2182/2182/2182 2158/2158/2158
f 2182/2182/2182 2183/2183/2183 2158/2158/2158
f 2158/2158/2158 2183/2183/2183 2159/2159/2159
f 2183/2183/2183 2184/2184/2184 2159/2159/2159
f 2159/2159/2159 2184/2184/2184 2160/2160/2160
f 2184/2184/2184 2185/2185/2185 2160/2160/2160
f 2160/2160/2160 2185/2185/2185 2161/2161/2161
f 2185/2185/2185 2186/2186/2186 2161/2161/2161
f 2161/2161/2161 2186/2186/2186 2162/2162/2162
f 2186/2186/2186 2187/2187/2187 2162/2162/2162
f 2162/2162/2162 2187/2187/2187 2163/2163/2163
f 2187/2187/2187 2188/2188/2188 2163/2163/2163
f 2163/2163/2163 2188/2188/2188 2164/2164/2164
f 2188/2188/2188 2189/2189/2189 2164/2164/2164
f 2164/2164/2164 2189/2189/2189 2165/2165/2165
f 2189/2189/2189 2190/2190/2190 2165/2165/2165
f 2165/2165/2165 2190/2190/2190 2166/2166/2166
f 2190/2190/2190 2191/2191/2191 2166/2166/2166
f 2166/2166/2166 2191/2191/2191 2167/2167/2167
f 2191/2191/2191 2192/2192/2192 2167/2167/2167
f 2167/2167/2167 2192/2192/2192 2168/2168/2168
f 2192/2192/2192 2193/2193/2193 2168/2168/2168
f 2168/2168/2168 2193/2193/2193 2169/2169/2169
f 2193/2193/2193 2194/2194/2194 2169/2169/2169
f 2169/2169/2169 2194/2194/2194 2170/2170/2170
f 2194/2194/2194 2195/2195/2195 2170/2170/2170
f 2170/2170/2170 2195/2195/2195 2171/2171/2171
f 2195/2195/2195 2196/2196/2196 2171/2171/2171
f 2171/2171/2171 2196/2196/2196 2172/2172/2172
f 2196/2196/2196 2197/2197/2197 2172/2172/2172
f 2172/2172/2172 2197/2197/2197 2173/2173/2173
f 2197/2197/2197 2198/2198/2198 2173/2173/2173
f 2223/2223/2223 2224/2224/2224 2199/2199/2199
f 2224/2224/2224 2225/2225/2225 2200/2200/2200
f 2225/2225/2225 2226/2226/2226 2201/2201/2201
f 2226/2226/2226 2227/2227/2227 2202/2202/2202
f 2227/2227/2227 2228/2228/2228 2203/2203/2203
f 2228/2228/2228 2229/2229/2229 2204/2204/2204
f 2229/2229/2229 2230/2230/2230 2205/2205/2205
f 2230/2230/2230 2231/2231/2231 2206/2206/2206
f 2231/2231/2231 2232/2232/2232 2207/2207/2207
f 2232/2232/2232 2233/2233/2233 2208/2208/2208
f 2233/2233/2233 2234/2234/2234 2209/2209/2209
f 2234/2234/2234 2235/2235/2235 2210/2210/2210
f 2235/2235/2235 2236/2236/2236 2211/2211/2211
f 2236/2236/2236 2237/2237/2237 2212/2212/2212
f 2237/2237/2237 2238/2238/2238 2213/2213/2213
f 2238/2238/2238 2239/2239/2239 2214/2214/2214
f 2239/2239/2239 2240/2240/2240 2215/2215/2215
f 2240/2240/2240 2241/2241/2241 2216/2216/2216
f 2241/2241/2241 2242/2242/2242 2217/2217/2217
f 2242/2242/2242 2243/2243/2243 2218/2218/2218
f 2243/2243/2243 2244/2244/2244 2219/2219/2219
f 2244/2244/2244 2245/2245/2245 2220/2220/2220
f 2245/2245/2245 2246/2246/2246 2221/2221/2221
f 2246/2246/2246 2247/2247/2247 2222/2222/2222
f 2273/2273/2273 2272/2272/2272 2248/2248/2248
f 2274/2274/2274 2273/2273/2273 2249/2249/2249
f 2275/2275/2275 2274/2274/2274 2250/2250/2250
f 2276/2276/2276 2275/2275/2275 2251/2251/2251
f 2277/2277/2277 2276/2276/2276 2252/2252/2252
f 2278/2278/2278 2277/2277/2277 2253/2253/2253
f 2279/2279/2279 2278/2278/2278 2254/2254/2254
f 2280/2280/2280 2279/2279/2279 2255/2255/2255
f 2281/2281/2281 2280/2280/2280 2256/2256/2256
f 2282/2282/2282 2281/2281/2281 2257/2257/2257
f 2283/2283/2283 2282/2282/2282 2258/2258/2258
f 2284/2284/2284 2283/2283/2283 2259/2259/2259
f 2285/2285/2285 2284/2284/2284 2260/2260/2260
f 2286/2286/2286 2285/2285/2285 2261/2261/2261
f 2287/2287/2287 2286/2286/2286 2262/2262/2262
f 2288/2288/2288 2287/2287/2287 2263/2263/2263
f 2289/2289/2289 2288/2288/2288 2264/2264/2264
f 2290/2290/2290 2289/2289/2289 2265/2265/2265
f 2291/2291/2291 2290/2290/2290 2266/2266/2266
f 2292/2292/2292 2291/2291/2291 2267/2267/2267
f 2293/2293/2293 2292/2292/2292 2268/2268/2268
f 2294/2294/2294 2293/2293/2293 2269/2269/2269
f 2295/2295/2295 2294/2294/2294 2270/2270/2270
f 2296/2296/2296 2295/2295/2295 2271/2271/2271
o merlin_nozzle_8
usemtl nozzle_soot
v 0.8626702730475877 -1.1920928910669204e-8 -0.5426702802001455
v 0.9250991758822416 -1.1920928910669204e-8 -0.5488189761458853
v 0.9851289694129441 -1.1920928910669204e-8 -0.5670288209735372
v 1.0404527489959214 -1.1920928910669204e-8 -0.5965999965487936
v 1.0889444355784867 -1.1920928910669204e-8 -0.6363961105166891
v 1.1287405495463823 -1.1920928910669204e-8 -0.6848877970992544
v 1.1583117251216386 -1.1920928910669204e-8 -0.7402115766822317
v 1.1765215699492906 -1.1920928910669204e-8 -0.8002413702129343
v 1.1826702658950303 -1.1920928910669204e-8 -0.8626702730475881
v 1.1765215699492906 -1.1920928910669204e-8 -0.925099175882242
v 1.1583117251216386 -1.1920928910669204e-8 -0.9851289694129446
v 1.1287405495463823 -1.1920928910669204e-8 -1.0404527489959219
v 1.0889444355784867 -1.1920928910669204e-8 -1.0889444355784872
v 1.0404527489959214 -1.1920928910669204e-8 -1.1287405495463827
v 0.9851289694129441 -1.1920928910669204e-8 -1.158311725121639
v 0.9250991758822416 -1.1920928910669204e-8 -1.176521569949291
v 0.8626702730475877 -1.1920928910669204e-8 -1.1826702658950308
v 0.8002413702129338 -1.1920928910669204e-8 -1.176521569949291
v 0.7402115766822313 -1.1920928910669204e-8 -1.158311725121639
v 0.684887797099254 -1.1920928910669204e-8 -1.1287405495463827
v 0.6363961105166887 -1.1920928910669204e-8 -1.0889444355784872
v 0.5965999965487931 -1.1920928910669204e-8 -1.0404527489959219
v 0.5670288209735368 -1.1920928910669204e-8 -0.9851289694129446
v 0.5488189761458848 -1.1920928910669204e-8 -0.925099175882242
v 0.5426702802001451 -1.1920928910669204e-8 -0.8626702730475883
v 0.5488189761458848 -1.1920928910669204e-8 -0.8002413702129343
v 0.5670288209735368 -1.1920928910669204e-8 -0.7402115766822317
v 0.5965999965487931 -1.1920928910669204e-8 -0.6848877970992544
v 0.6363961105166887 -1.1920928910669204e-8 -0.6363961105166891
v 0.684887797099254 -1.1920928910669204e-8 -0.5965999965487936
v 0.7402115766822313 -1.1920928910669204e-8 -0.5670288209735372
v 0.8002413702129338 -1.1920928910669204e-8 -0.5488189761458853
v 0.8626702730475876 -1.1920928910669204e-8 -0.5426702802001455
v 0.8626702730475877 -1.899999988079071 -0.3126702611266592
v 0.9699699510752176 -1.899999988079071 -0.32323834345927027
v 1.0731461648761247 -1.899999988079071 -0.3545365040122488
v 1.1682339017211412 -1.899999988079071 -0.4053619806586721
v 1.251579016905925 -1.899999988079071 -0.47376152918925074
v 1.3199785654365037 -1.899999988079071 -0.5571066443740347
v 1.370804042082927 -1.899999988079071 -0.6521943812190512
v 1.4021022026359056 -1.899999988079071 -0.7553705950199583
v 1.4126702849685167 -1.899999988079071 -0.8626702730475881
v 1.4021022026359056 -1.899999988079071 -0.969969951075218
v 1.370804042082927 -1.899999988079071 -1.0731461648761251
v 1.3199785654365037 -1.899999988079071 -1.1682339017211416
v 1.251579016905925 -1.899999988079071 -1.2515790169059255
v 1.1682339017211412 -1.899999988079071 -1.3199785654365042
v 1.0731461648761247 -1.899999988079071 -1.3708040420829275
v 0.9699699510752176 -1.899999988079071 -1.402102202635906
v 0.8626702730475878 -1.899999988079071 -1.412670284968517
v 0.7553705950199578 -1.899999988079071 -1.402102202635906
v 0.6521943812190507 -1.899999988079071 -1.3708040420829275
v 0.5571066443740342 -1.899999988079071 -1.3199785654365042
v 0.4737615291892503 -1.899999988079071 -1.2515790169059255
v 0.4053619806586717 -1.899999988079071 -1.1682339017211416
v 0.35453650401224834 -1.899999988079071 -1.0731461648761251
v 0.32323834345926983 -1.899999988079071 -0.969969951075218
v 0.31267026112665874 -1.899999988079071 -0.8626702730475883
v 0.32323834345926983 -1.899999988079071 -0.7553705950199583
v 0.35453650401224834 -1.899999988079071 -0.6521943812190512
v 0.4053619806586717 -1.899999988079071 -0.5571066443740347
v 0.4737615291892503 -1.899999988079071 -0.47376152918925074
v 0.5571066443740342 -1.899999988079071 -0.4053619806586721
v 0.6521943812190507 -1.899999988079071 -0.3545365040122488
v 0.7553705950199578 -1.899999988079071 -0.32323834345927027
v 0.8626702730475876 -1.899999988079071 -0.3126702611266592
vt 0 1
vt 0.03125 1
vt 0.0625 1
vt 0.09375 1
vt 0.125 1
vt 0.15625 1
vt 0.1875 1
vt 0.21875 1
vt 0.25 1
vt 0.28125 1
vt 0.3125 1
vt 0.34375 1
vt 0.375 1
vt 0.40625 1
vt 0.4375 1
vt 0.46875 1
vt 0.5 1
vt 0.53125 1
vt 0.5625 1
vt 0.59375 1
vt 0.625 1
vt 0.65625 1
vt 0.6875 1
vt 0.71875 1
vt 0.75 1
vt 0.78125 1
vt 0.8125 1
vt 0.84375 1
vt 0.875 1
vt 0.90625 1
vt 0.9375 1
vt 0.96875 1
vt 1 1
vt 0 0
vt 0.03125 0
vt 0.0625 0
vt 0.09375 0
vt 0.125 0
vt 0.15625 0
vt 0.1875 0
vt 0.21875 0
vt 0.25 0
vt 0.28125 0
vt 0.3125 0
vt 0.34375 0
vt 0.375 0
vt 0.40625 0
vt 0.4375 0
vt 0.46875 0
vt 0.5 0
vt 0.53125 0
vt 0.5625 0
vt 0.59375 0
vt 0.625 0
vt 0.65625 0
vt 0.6875 0
vt 0.71875 0
vt 0.75 0
vt 0.78125 0
vt 0.8125 0
vt 0.84375 0
vt 0.875 0
vt 0.90625 0
vt 0.9375 0
vt 0.96875 0
vt 1 0
vn 0 0.12017532589174768 0.9927526837268245
vn 0.19367644214852053 0.12017532452971244 0.9736772191701257
vn 0.37990999730114133 0.12017532598832087 0.9171838883093442
vn 0.5515438361793547 0.12017532532910785 0.8254436915711477
vn 0.7019821546273324 0.12017532679188415 0.7019821546273324
vn 0.8254436915711477 0.12017532532910785 0.5515438361793547
vn 0.9171838883093442 0.12017532598832087 0.37990999730114133
vn 0.9736772191701257 0.12017532452971244 0.19367644214852053
vn 0.9927526837268245 0.12017532589174768 6.078857092128074e-17
vn 0.9736772191701257 0.12017532452971244 -0.19367644214852053
vn 0.9171838883093442 0.12017532598832087 -0.37990999730114133
vn 0.8254436915711477 0.12017532532910785 -0.5515438361793547
vn 0.7019821546273324 0.12017532679188415 -0.7019821546273324
vn 0.5515438361793547 0.12017532532910785 -0.8254436915711477
vn 0.37990999730114133 0.12017532598832087 -0.9171838883093442
vn 0.19367644214852053 0.12017532452971244 -0.9736772191701257
vn 1.215771418425615e-16 0.12017532589174768 -0.9927526837268245
vn -0.19367644214852053 0.12017532452971244 -0.9736772191701257
vn -0.37990999730114133 0.12017532598832087 -0.9171838883093442
vn -0.5515438361793547 0.12017532532910785 -0.8254436915711477
vn -0.7019821546273324 0.12017532679188415 -0.7019821546273324
vn -0.8254436915711477 0.12017532532910785 -0.5515438361793547
vn -0.9171838883093442 0.12017532598832087 -0.37990999730114133
vn -0.9736772191701257 0.12017532452971244 -0.19367644214852053
vn -0.9927526837268245 0.12017532589174768 -1.8236570614639727e-16
vn -0.9736772191701257 0.12017532452971244 0.19367644214852053
vn -0.9171838883093442 0.12017532598832087 0.37990999730114133
vn -0.8254436915711477 0.12017532532910785 0.5515438361793547
vn -0.7019821546273324 0.12017532679188415 0.7019821546273324
vn -0.5515438361793547 0.12017532532910785 0.8254436915711477
vn -0.37990999730114133 0.12017532598832087 0.9171838883093442
vn -0.19367644214852053 0.12017532452971244 0.9736772191701257
vn -2.43154283685123e-16 0.12017532589174768 0.9927526837268245
vn 0 0.12017532589174768 0.9927526837268245
vn 0.19367644214852053 0.12017532452971244 0.9736772191701257
vn 0.37990999730114133 0.12017532598832087 0.9171838883093442
vn 0.5515438361793547 0.12017532532910785 0.8254436915711477
vn 0.7019821546273324 0.12017532679188415 0.7019821546273324
vn 0.8254436915711477 0.12017532532910785 0.5515438361793547
vn 0.9171838883093442 0.12017532598832087 0.37990999730114133
vn 0.9736772191701257 0.12017532452971244 0.19367644214852053
vn 0.9927526837268245 0.12017532589174768 6.078857092128074e-17
vn 0.9736772191701257 0.12017532452971244 -0.19367644214852053
vn 0.9171838883093442 0.12017532598832087 -0.37990999730114133
vn 0.8254436915711477 0.12017532532910785 -0.5515438361793547
vn 0.7019821546273324 0.12017532679188415 -0.7019821546273324
vn 0.5515438361793547 0.12017532532910785 -0.8254436915711477
vn 0.37990999730114133 0.12017532598832087 -0.9171838883093442
vn 0.19367644214852053 0.12017532452971244 -0.9736772191701257
vn 1.215771418425615e-16 0.12017532589174768 -0.9927526837268245
vn -0.19367644214852053 0.12017532452971244 -0.9736772191701257
vn -0.37990999730114133 0.12017532598832087 -0.9171838883093442
vn -0.5515438361793547 0.12017532532910785 -0.8254436915711477
vn -0.7019821546273324 0.12017532679188415 -0.7019821546273324
vn -0.8254436915711477 0.12017532532910785 -0.5515438361793547
vn -0.9171838883093442 0.12017532598832087 -0.37990999730114133
vn -0.9736772191701257 0.12017532452971244 -0.19367644214852053
vn -0.9927526837268245 0.12017532589174768 -1.8236570614639727e-16
vn -0.9736772191701257 0.12017532452971244 0.19367644214852053
vn -0.9171838883093442 0.12017532598832087 0.37990999730114133
vn -0.8254436915711477 0.12017532532910785 0.5515438361793547
vn -0.7019821546273324 0.12017532679188415 0.7019821546273324
vn -0.5515438361793547 0.12017532532910785 0.8254436915711477
vn -0.37990999730114133 0.12017532598832087 0.9171838883093442
vn -0.19367644214852053 0.12017532452971244 0.9736772191701257
vn -2.43154283685123e-16 0.12017532589174768 0.9927526837268245
f 2297/2297/2297 2330/2330/2330 2298/2298/2298
f 2330/2330/2330 2331/2331/2331 2298/2298/2298
f 2298/2298/2298 2331/2331/2331 2299/2299/2299
f 2331/2331/2331 2332/2332/2332 2299/2299/2299
f 2299/2299/2299 2332/2332/2332 2300/2300/2300
f 2332/2332/2332 2333/2333/2333 2300/2300/2300
f 2300/2300/2300 2333/2333/2333 2301/2301/2301
f 2333/2333/2333 2334/2334/2334 2301/2301/2301
f 2301/2301/2301 2334/2334/2334 2302/2302/2302
f 2334/2334/2334 2335/2335/2335 2302/2302/2302
f 2302/2302/2302 2335/2335/2335 2303/2303/2303
f 2335/2335/2335 2336/2336/2336 2303/2303/2303
f 2303/2303/2303 2336/2336/2336 2304/2304/2304
f 2336/2336/2336 2337/2337/2337 2304/2304/2304
f 2304/2304/2304 2337/2337/2337 2305/2305/2305
f 2337/2337/2337 2338/2338/2338 2305/2305/2305
f 2305/2305/2305 2338/2338/2338 2306/2306/2306
f 2338/2338/2338 2339/2339/2339 2306/2306/2306
f 2306/2306/2306 2339/2339/2339 2307/2307/2307
f 2339/2339/2339 2340/2340/2340 2307/2307/2307
f 2307/2307/2307 2340/2340/2340 2308/2308/2308
f 2340/2340/2340 2341/2341/2341 2308/2308/2308
f 2308/2308/2308 2341/2341/2341 2309/2309/2309
f 2341/2341/2341 2342/2342/2342 2309/2309/2309
f 2309/2309/2309 2342/2342/2342 2310/2310/2310
f 2342/2342/2342 2343/2343/2343 2310/2310/2310
f 2310/2310/2310 2343/2343/2343 2311/2311/2311
f 2343/2343/2343 2344/2344/2344 2311/2311/2311
f 2311/2311/2311 2344/2344/2344 2312/2312/2312
f 2344/2344/2344 2345/2345/2345 2312/2312/2312
f 2312/2312/2312 2345/2345/2345 2313/2313/2313
f 2345/2345/2345 2346/2346/2346 2313/2313/2313
f 2313/2313/2313 2346/2346/2346 2314/2314/2314
f 2346/2346/2346 2347/2347/2347 2314/2314/2314
f 2314/2314/2314 2347/2347/2347 2315/2315/2315
f 2347/2347/2347 2348/2348/2348 2315/2315/2315
f 2315/2315/2315 2348/2348/2348 2316/2316/2316
f 2348/2348/2348 2349/2349/2349 2316/2316/2316
f 2316/2316/2316 2349/2349/2349 2317/2317/2317
f 2349/2349/2349 2350/2350/2350 2317/2317/2317
f 2317/2317/2317 2350/2350/2350 2318/2318/2318
f 2350/2350/2350 2351/2351/2351 2318/2318/2318
f 2318/2318/2318 2351/2351/2351 2319/2319/2319
f 2351/2351/2351 2352/2352/2352 2319/2319/2319
f 2319/2319/2319 2352/2352/2352 2320/2320/2320
f 2352/2352/2352 2353/2353/2353 2320/2320/2320
f 2320/2320/2320 2353/2353/2353 2321/2321/2321
f 2353/2353/2353 2354/2354/2354 2321/2321/2321
f 2321/2321/2321 2354/2354/2354 2322/2322/2322
f 2354/2354/2354 2355/2355/2355 2322/2322/2322
f 2322/2322/2322 2355/2355/2355 2323/2323/2323
f 2355/2355/2355 2356/2356/2356 2323/2323/2323
f 2323/2323/2323 2356/2356/2356 2324/2324/2324
f 2356/2356/2356 2357/2357/2357 2324/2324/2324
f 2324/2324/2324 2357/2357/2357 2325/2325/2325
f 2357/2357/2357 2358/2358/2358 2325/2325/2325
f 2325/2325/2325 2358/2358/2358 2326/2326/2326
f 2358/2358/2358 2359/2359/2359 2326/2326/2326
f 2326/2326/2326 2359/2359/2359 2327/2327/2327
f 2359/2359/2359 2360/2360/2360 2327/2327/2327
f 2327/2327/2327 2360/2360/2360 2328/2328/2328
f 2360/2360/2360 2361/2361/2361 2328/2328/2328
f 2328/2328/2328 2361/2361/2361 2329/2329/2329
f 2361/2361/2361 2362/2362/2362 2329/2329/2329
o merlin_throat_8
usemtl engine_metal
v 0.8626702730475877 0.6999999940395355 -0.6626702700673559
v 0.9144340832649682 0.6999999940395355 -0.6694851075231054
v 0.9626702745377038 0.6999999940395355 -0.6894651953994253
v 1.0040916358052705 0.6999999940395355 -0.7212489102899053
v 1.0358753506957505 0.6999999940395355 -0.762670271557472
v 1.0558554385720704 0.6999999940395355 -0.8109064628302076
v 1.06267027602782 0.6999999940395355 -0.8626702730475881
v 1.0558554385720704 0.6999999940395355 -0.9144340832649687
v 1.0358753506957505 0.6999999940395355 -0.9626702745377043
v 1.0040916358052705 0.6999999940395355 -1.004091635805271
v 0.9626702745377038 0.6999999940395355 -1.035875350695751
v 0.9144340832649682 0.6999999940395355 -1.0558554385720709
v 0.8626702730475877 0.6999999940395355 -1.0626702760278204
v 0.8109064628302072 0.6999999940395355 -1.0558554385720709
v 0.7626702715574716 0.6999999940395355 -1.035875350695751
v 0.7212489102899049 0.6999999940395355 -1.004091635805271
v 0.6894651953994249 0.6999999940395355 -0.9626702745377043
v 0.669485107523105 0.6999999940395355 -0.9144340832649687
v 0.6626702700673555 0.6999999940395355 -0.8626702730475881
v 0.669485107523105 0.6999999940395355 -0.8109064628302076
v 0.6894651953994249 0.6999999940395355 -0.762670271557472
v 0.7212489102899049 0.6999999940395355 -0.7212489102899053
v 0.7626702715574716 0.6999999940395355 -0.6894651953994253
v 0.8109064628302072 0.6999999940395355 -0.6694851075231054
v 0.8626702730475877 0.6999999940395355 -0.6626702700673559
v 0.8626702730475877 5.960464455334602e-9 -0.5426702802001455
v 0.9454923649250482 5.960464455334602e-9 -0.5535739962874868
v 1.022670269471309 5.960464455334602e-9 -0.5855421428500631
v 1.0889444355784867 5.960464455334602e-9 -0.6363961105166891
v 1.1397984032451127 5.960464455334602e-9 -0.7026702766238668
v 1.171766549807689 5.960464455334602e-9 -0.7798481811701277
v 1.1826702658950303 5.960464455334602e-9 -0.8626702730475881
v 1.171766549807689 5.960464455334602e-9 -0.9454923649250486
v 1.1397984032451127 5.960464455334602e-9 -1.0226702694713095
v 1.0889444355784867 5.960464455334602e-9 -1.0889444355784872
v 1.022670269471309 5.960464455334602e-9 -1.1397984032451132
v 0.9454923649250482 5.960464455334602e-9 -1.1717665498076895
v 0.8626702730475877 5.960464455334602e-9 -1.1826702658950308
v 0.7798481811701272 5.960464455334602e-9 -1.1717665498076895
v 0.7026702766238664 5.960464455334602e-9 -1.1397984032451132
v 0.6363961105166887 5.960464455334602e-9 -1.0889444355784872
v 0.5855421428500627 5.960464455334602e-9 -1.0226702694713095
v 0.5535739962874864 5.960464455334602e-9 -0.9454923649250486
v 0.5426702802001451 5.960464455334602e-9 -0.8626702730475883
v 0.5535739962874864 5.960464455334602e-9 -0.7798481811701277
v 0.5855421428500627 5.960464455334602e-9 -0.7026702766238668
v 0.6363961105166887 5.960464455334602e-9 -0.6363961105166891
v 0.7026702766238664 5.960464455334602e-9 -0.5855421428500631
v 0.7798481811701272 5.960464455334602e-9 -0.5535739962874868
v 0.8626702730475876 5.960464455334602e-9 -0.5426702802001455
v 0.8626702730475877 0.6999999940395355 -0.8626702730475881
v 0.8626702730475877 0.6999999940395355 -0.8626702730475881
v 0.8626702730475877 0.6999999940395355 -0.8626702730475881
v 0.8626702730475877 0.6999999940395355 -0.8626702730475881
v 0.8626702730475877 0.6999999940395355 -0.8626702730475881
v 0.8626702730475877 0.6999999940395355 -0.8626702730475881
v 0.8626702730475877 0.6999999940395355 -0.8626702730475881
v 0.8626702730475877 0.6999999940395355 -0.8626702730475881
v 0.8626702730475877 0.6999999940395355 -0.8626702730475881
v 0.8626702730475877 0.6999999940395355 -0.8626702730475881
v 0.8626702730475877 0.6999999940395355 -0.8626702730475881
v 0.8626702730475877 0.6999999940395355 -0.8626702730475881
v 0.8626702730475877 0.6999999940395355 -0.8626702730475881
v 0.8626702730475877 0.6999999940395355 -0.8626702730475881
v 0.8626702730475877 0.6999999940395355 -0.8626702730475881
v 0.8626702730475877 0.6999999940395355 -0.8626702730475881
v 0.8626702730475877 0.6999999940395355 -0.8626702730475881
v 0.8626702730475877 0.6999999940395355 -0.8626702730475881
v 0.8626702730475877 0.6999999940395355 -0.8626702730475881
v 0.8626702730475877 0.6999999940395355 -0.8626702730475881
v 0.8626702730475877 0.6999999940395355 -0.8626702730475881
v 0.8626702730475877 0.6999999940395355 -0.8626702730475881
v 0.8626702730475877 0.6999999940395355 -0.8626702730475881
v 0.8626702730475877 0.6999999940395355 -0.8626702730475881
v 0.8626702730475877 0.6999999940395355 -0.6626702700673559
v 0.9144340832649682 0.6999999940395355 -0.6694851075231054
v 0.9626702745377038 0.6999999940395355 -0.6894651953994253
v 1.0040916358052705 0.6999999940395355 -0.7212489102899053
v 1.0358753506957505 0.6999999940395355 -0.762670271557472
v 1.0558554385720704 0.6999999940395355 -0.8109064628302076
v 1.06267027602782 0.6999999940395355 -0.8626702730475881
v 1.0558554385720704 0.6999999940395355 -0.9144340832649687
v 1.0358753506957505 0.6999999940395355 -0.9626702745377043
v 1.0040916358052705 0.6999999940395355 -1.004091635805271
v 0.9626702745377038 0.6999999940395355 -1.035875350695751
v 0.9144340832649682 0.6999999940395355 -1.0558554385720709
v 0.8626702730475877 0.6999999940395355 -1.0626702760278204
v 0.8109064628302072 0.6999999940395355 -1.0558554385720709
v 0.7626702715574716 0.6999999940395355 -1.035875350695751
v 0.7212489102899049 0.6999999940395355 -1.004091635805271
v 0.6894651953994249 0.6999999940395355 -0.9626702745377043
v 0.669485107523105 0.6999999940395355 -0.9144340832649687
v 0.6626702700673555 0.6999999940395355 -0.8626702730475881
v 0.669485107523105 0.6999999940395355 -0.8109064628302076
v 0.6894651953994249 0.6999999940395355 -0.762670271557472
v 0.7212489102899049 0.6999999940395355 -0.7212489102899053
v 0.7626702715574716 0.6999999940395355 -0.6894651953994253
v 0.8109064628302072 0.6999999940395355 -0.6694851075231054
v 0.8626702730475877 0.6999999940395355 -0.6626702700673559
v 0.8626702730475877 5.960464455334602e-9 -0.8626702730475881
v 0.8626702730475877 5.960464455334602e-9 -0.8626702730475881
v 0.8626702730475877 5.960464455334602e-9 -0.8626702730475881
v 0.8626702730475877 5.960464455334602e-9 -0.8626702730475881
v 0.8626702730475877 5.960464455334602e-9 -0.8626702730475881
v 0.8626702730475877 5.960464455334602e-9 -0.8626702730475881
v 0.8626702730475877 5.960464455334602e-9 -0.8626702730475881
v 0.8626702730475877 5.960464455334602e-9 -0.8626702730475881
v 0.8626702730475877 5.960464455334602e-9 -0.8626702730475881
v 0.8626702730475877 5.960464455334602e-9 -0.8626702730475881
v 0.8626702730475877 5.960464455334602e-9 -0.8626702730475881
v 0.8626702730475877 5.960464455334602e-9 -0.8626702730475881
v 0.8626702730475877 5.960464455334602e-9 -0.8626702730475881
v 0.8626702730475877 5.960464455334602e-9 -0.8626702730475881
v 0.8626702730475877 5.960464455334602e-9 -0.8626702730475881
v 0.8626702730475877 5.960464455334602e-9 -0.8626702730475881
v 0.8626702730475877 5.960464455334602e-9 -0.8626702730475881
v 0.8626702730475877 5.960464455334602e-9 -0.8626702730475881
v 0.8626702730475877 5.960464455334602e-9 -0.8626702730475881
v 0.8626702730475877 5.960464455334602e-9 -0.8626702730475881
v 0.8626702730475877 5.960464455334602e-9 -0.8626702730475881
v 0.8626702730475877 5.960464455334602e-9 -0.8626702730475881
v 0.8626702730475877 5.960464455334602e-9 -0.8626702730475881
v 0.8626702730475877 5.960464455334602e-9 -0.8626702730475881
v 0.8626702730475877 5.960464455334602e-9 -0.5426702802001455
v 0.9454923649250482 5.960464455334602e-9 -0.5535739962874868
v 1.022670269471309 5.960464455334602e-9 -0.5855421428500631
v 1.0889444355784867 5.960464455334602e-9 -0.6363961105166891
v 1.1397984032451127 5.960464455334602e-9 -0.7026702766238668
v 1.171766549807689 5.960464455334602e-9 -0.7798481811701277
v 1.1826702658950303 5.960464455334602e-9 -0.8626702730475881
v 1.171766549807689 5.960464455334602e-9 -0.9454923649250486
v 1.1397984032451127 5.960464455334602e-9 -1.0226702694713095
v 1.0889444355784867 5.960464455334602e-9 -1.0889444355784872
v 1.022670269471309 5.960464455334602e-9 -1.1397984032451132
v 0.9454923649250482 5.960464455334602e-9 -1.1717665498076895
v 0.8626702730475877 5.960464455334602e-9 -1.1826702658950308
v 0.7798481811701272 5.960464455334602e-9 -1.1717665498076895
v 0.7026702766238664 5.960464455334602e-9 -1.1397984032451132
v 0.6363961105166887 5.960464455334602e-9 -1.0889444355784872
v 0.5855421428500627 5.960464455334602e-9 -1.0226702694713095
v 0.5535739962874864 5.960464455334602e-9 -0.9454923649250486
v 0.5426702802001451 5.960464455334602e-9 -0.8626702730475883
v 0.5535739962874864 5.960464455334602e-9 -0.7798481811701277
v 0.5855421428500627 5.960464455334602e-9 -0.7026702766238668
v 0.6363961105166887 5.960464455334602e-9 -0.6363961105166891
v 0.7026702766238664 5.960464455334602e-9 -0.5855421428500631
v 0.7798481811701272 5.960464455334602e-9 -0.5535739962874868
v 0.8626702730475876 5.960464455334602e-9 -0.5426702802001455
vt 0 1
vt 0.0416666679084301 1
vt 0.0833333358168602 1
vt 0.125 1
vt 0.1666666716337204 1
vt 0.2083333283662796 1
vt 0.25 1
vt 0.2916666567325592 1
vt 0.3333333432674408 1
vt 0.375 1
vt 0.4166666567325592 1
vt 0.4583333432674408 1
vt 0.5 1
vt 0.5416666865348816 1
vt 0.5833333134651184 1
vt 0.625 1
vt 0.6666666865348816 1
vt 0.7083333134651184 1
vt 0.75 1
vt 0.7916666865348816 1
vt 0.8333333134651184 1
vt 0.875 1
vt 0.9166666865348816 1
vt 0.9583333134651184 1
vt 1 1
vt 0 0
vt 0.0416666679084301 0
vt 0.0833333358168602 0
vt 0.125 0
vt 0.1666666716337204 0
vt 0.2083333283662796 0
vt 0.25 0
vt 0.2916666567325592 0
vt 0.3333333432674408 0
vt 0.375 0
vt 0.4166666567325592 0
vt 0.4583333432674408 0
vt 0.5 0
vt 0.5416666865348816 0
vt 0.5833333134651184 0
vt 0.625 0
vt 0.6666666865348816 0
vt 0.7083333134651184 0
vt 0.75 0
vt 0.7916666865348816 0
vt 0.8333333134651184 0
vt 0.875 0
vt 0.9166666865348816 0
vt 0.9583333134651184 0
vt 1 0
vt 0.5 0.5
vt 0.5 0.5
vt 0.5 0.5
vt 0.5 0.5
vt 0.5 0.5
vt 0.5 0.5
vt 0.5 0.5
vt 0.5 0.5
vt 0.5 0.5
vt 0.5 0.5
vt 0.5 0.5
vt 0.5 0.5
vt 0.5 0.5
vt 0.5 0.5
vt 0.5 0.5
vt 0.5 0.5
vt 0.5 0.5
vt 0.5 0.5
vt 0.5 0.5
vt 0.5 0.5
vt 0.5 0.5
vt 0.5 0.5
vt 0.5 0.5
vt 0.5 0.5
vt 1 0.5
vt 0.9829629063606262 0.6294095516204834
vt 0.9330127239227295 0.75
vt 0.8535534143447876 0.8535534143447876
vt 0.75 0.9330127239227295
vt 0.6294095516204834 0.9829629063606262
vt 0.5 1
vt 0.370590478181839 0.9829629063606262
vt 0.25 0.9330127239227295
vt 0.1464466154575348 0.8535534143447876
vt 0.0669872984290123 0.75
vt 0.017037086188793182 0.6294095516204834
vt 0 0.5
vt 0.017037086188793182 0.370590478181839
vt 0.0669872984290123 0.25
vt 0.1464466154575348 0.1464466154575348
vt 0.25 0.0669872984290123
vt 0.370590478181839 0.017037086188793182
vt 0.5 0
vt 0.6294095516204834 0.017037086188793182
vt 0.75 0.0669872984290123
vt 0.8535534143447876 0.1464466154575348
vt 0.9330127239227295 0.25
vt 0.9829629063606262 0.370590478181839
vt 1 0.5
vt 0.5 0.5
vt 0.5 0.5
vt 0.5 0.5
vt 0.5 0.5
vt 0.5 0.5
vt 0.5 0.5
vt 0.5 0.5
vt 0.5 0.5
vt 0.5 0.5
vt 0.5 0.5
vt 0.5 0.5
vt 0.5 0.5
vt 0.5 0.5
vt 0.5 0.5
vt 0.5 0.5
vt 0.5 0.5
vt 0.5 0.5
vt 0.5 0.5
vt 0.5 0.5
vt 0.5 0.5
vt 0.5 0.5
vt 0.5 0.5
vt 0.5 0.5
vt 0.5 0.5
vt 1 0.5
vt 0.9829629063606262 0.370590478181839
vt 0.9330127239227295 0.25
vt 0.8535534143447876 0.1464466154575348
vt 0.75 0.0669872984290123
vt 0.6294095516204834 0.017037086188793182
vt 0.5 0
vt 0.370590478181839 0.017037086188793182
vt 0.25 0.0669872984290123
vt 0.1464466154575348 0.1464466154575348
vt 0.0669872984290123 0.25
vt 0.017037086188793182 0.370590478181839
vt 0 0.5
vt 0.017037086188793182 0.6294095516204834
vt 0.0669872984290123 0.75
vt 0.1464466154575348 0.8535534143447876
vt 0.25 0.9330127239227295
vt 0.370590478181839 0.9829629063606262
vt 0.5 1
vt 0.6294095516204834 0.9829629063606262
vt 0.75 0.9330127239227295
vt 0.8535534143447876 0.8535534143447876
vt 0.9330127239227295 0.75
vt 0.9829629063606262 0.6294095516204834
vt 1 0.5
vn 0 0.16896382420988967 0.9856222532534306
vn 0.25509780673174526 0.1689638199263626 0.9520379911308923
vn 0.49281111356139395 0.16896381973035068 0.8535739182827158
vn 0.6969401796234542 0.16896381876855981 0.6969401796234542
vn 0.8535739182827158 0.16896381973035068 0.49281111356139395
vn 0.9520379911308923 0.1689638199263626 0.25509780673174526
vn 0.9856222532534306 0.16896382420988967 6.035195935551298e-17
vn 0.9520379911308923 0.1689638199263626 -0.25509780673174526
vn 0.8535739182827158 0.16896381973035068 -0.49281111356139395
vn 0.6969401796234542 0.16896381876855981 -0.6969401796234542
vn 0.49281111356139395 0.16896381973035068 -0.8535739182827158
vn 0.25509780673174526 0.1689638199263626 -0.9520379911308923
vn 1.2070391871102596e-16 0.16896382420988967 -0.9856222532534306
vn -0.25509780673174526 0.1689638199263626 -0.9520379911308923
vn -0.49281111356139395 0.16896381973035068 -0.8535739182827158
vn -0.6969401796234542 0.16896381876855981 -0.6969401796234542
vn -0.8535739182827158 0.16896381973035068 -0.49281111356139395
vn -0.9520379911308923 0.1689638199263626 -0.25509780673174526
vn -0.9856222532534306 0.16896382420988967 -1.8105587806653895e-16
vn -0.9520379911308923 0.1689638199263626 0.25509780673174526
vn -0.8535739182827158 0.16896381973035068 0.49281111356139395
vn -0.6969401796234542 0.16896381876855981 0.6969401796234542
vn -0.49281111356139395 0.16896381973035068 0.8535739182827158
vn -0.25509780673174526 0.1689638199263626 0.9520379911308923
vn -2.414078374220519e-16 0.16896382420988967 0.9856222532534306
vn 0 0.16896382420988967 0.9856222532534306
vn 0.25509780673174526 0.1689638199263626 0.9520379911308923
vn 0.49281111356139395 0.16896381973035068 0.8535739182827158
vn 0.6969401796234542 0.16896381876855981 0.6969401796234542
vn 0.8535739182827158 0.16896381973035068 0.49281111356139395
vn 0.9520379911308923 0.1689638199263626 0.25509780673174526
vn 0.9856222532534306 0.16896382420988967 6.035195935551298e-17
vn 0.9520379911308923 0.1689638199263626 -0.25509780673174526
vn 0.8535739182827158 0.16896381973035068 -0.49281111356139395
vn 0.6969401796234542 0.16896381876855981 -0.6969401796234542
vn 0.49281111356139395 0.16896381973035068 -0.8535739182827158
vn 0.25509780673174526 0.1689638199263626 -0.9520379911308923
vn 1.2070391871102596e-16 0.16896382420988967 -0.9856222532534306
vn -0.25509780673174526 0.1689638199263626 -0.9520379911308923
vn -0.49281111356139395 0.16896381973035068 -0.8535739182827158
vn -0.6969401796234542 0.16896381876855981 -0.6969401796234542
vn -0.8535739182827158 0.16896381973035068 -0.49281111356139395
vn -0.9520379911308923 0.1689638199263626 -0.25509780673174526
vn -0.9856222532534306 0.16896382420988967 -1.8105587806653895e-16
vn -0.9520379911308923 0.1689638199263626 0.25509780673174526
vn -0.8535739182827158 0.16896381973035068 0.49281111356139395
vn -0.6969401796234542 0.16896381876855981 0.6969401796234542
vn -0.49281111356139395 0.16896381973035068 0.8535739182827158
vn -0.25509780673174526 0.1689638199263626 0.9520379911308923
vn -2.414078374220519e-16 0.16896382420988967 0.9856222532534306
vn 0 1 0
vn 0 1 0
vn 0 1 0
vn 0 1 0
vn 0 1 0
vn 0 1 0
vn 0 1 0
vn 0 1 0
vn 0 1 0
vn 0 1 0
vn 0 1 0
vn 0 1 0
vn 0 1 0
vn 0 1 0
vn 0 1 0
vn 0 1 0
vn 0 1 0
vn 0 1 0
vn 0 1 0
vn 0 1 0
vn 0 1 0
vn 0 1 0
vn 0 1 0
vn 0 1 0
vn 0 1 0
vn 0 1 0
vn 0 1 0
vn 0 1 0
vn 0 1 0
vn 0 1 0
vn 0 1 0
vn 0 1 0
vn 0 1 0
vn 0 1 0
vn 0 1 0
vn 0 1 0
vn 0 1 0
vn 0 1 0
vn 0 1 0
vn 0 1 0
vn 0 1 0
vn 0 1 0
vn 0 1 0
vn 0 1 0
vn 0 1 0
vn 0 1 0
vn 0 1 0
vn 0 1 0
vn 0 1 0
vn 0 -1 0
vn 0 -1 0
vn 0 -1 0
vn 0 -1 0
vn 0 -1 0
vn 0 -1 0
vn 0 -1 0
vn 0 -1 0
vn 0 -1 0
vn 0 -1 0
vn 0 -1 0
vn 0 -1 0
vn 0 -1 0
vn 0 -1 0
vn 0 -1 0
vn 0 -1 0
vn 0 -1 0
vn 0 -1 0
vn 0 -1 0
vn 0 -1 0
vn 0 -1 0
vn 0 -1 0
vn 0 -1 0
vn 0 -1 0
vn 0 -1 0
vn 0 -1 0
vn 0 -1 0
vn 0 -1 0
vn 0 -1 0
vn 0 -1 0
vn 0 -1 0
vn 0 -1 0
vn 0 -1 0
vn 0 -1 0
vn 0 -1 0
vn 0 -1 0
vn 0 -1 0
vn 0 -1 0
vn 0 -1 0
vn 0 -1 0
vn 0 -1 0
vn 0 -1 0
vn 0 -1 0
vn 0 -1 0
vn 0 -1 0
vn 0 -1 0
vn 0 -1 0
vn 0 -1 0
vn 0 -1 0
f 2363/2363/2363 2388/2388/2388 2364/2364/2364
f 2388/2388/2388 2389/2389/2389 2364/2364/2364
f 2364/2364/2364 2389/2389/2389 2365/2365/2365
f 2389/2389/2389 2390/2390/2390 2365/2365/2365
f 2365/2365/2365 2390/2390/2390 2366/2366/2366
f 2390/2390/2390 2391/2391/2391 2366/2366/2366
f 2366/2366/2366 2391/2391/2391 2367/2367/2367
f 2391/2391/2391 2392/2392/2392 2367/2367/2367
f 2367/2367/2367 2392/2392/2392 2368/2368/2368
f 2392/2392/2392 2393/2393/2393 2368/2368/2368
f 2368/2368/2368 2393/2393/2393 2369/2369/2369
f 2393/2393/2393 2394/2394/2394 2369/2369/2369
f 2369/2369/2369 2394/2394/2394 2370/2370/2370
f 2394/2394/2394 2395/2395/2395 2370/2370/2370
f 2370/2370/2370 2395/2395/2395 2371/2371/2371
f 2395/2395/2395 2396/2396/2396 2371/2371/2371
f 2371/2371/2371 2396/2396/2396 2372/2372/2372
f 2396/2396/2396 2397/2397/2397 2372/2372/2372
f 2372/2372/2372 2397/2397/2397 2373/2373/2373
f 2397/2397/2397 2398/2398/2398 2373/2373/2373
f 2373/2373/2373 2398/2398/2398 2374/2374/2374
f 2398/2398/2398 2399/2399/2399 2374/2374/2374
f 2374/2374/2374 2399/2399/2399 2375/2375/2375
f 2399/2399/2399 2400/2400/2400 2375/2375/2375
f 2375/2375/2375 2400/2400/2400 2376/2376/2376
f 2400/2400/2400 2401/2401/2401 2376/2376/2376
f 2376/2376/2376 2401/2401/2401 2377/2377/2377
f 2401/2401/2401 2402/2402/2402 2377/2377/2377
f 2377/2377/2377 2402/2402/2402 2378/2378/2378
f 2402/2402/2402 2403/2403/2403 2378/2378/2378
f 2378/2378/2378 2403/2403/2403 2379/2379/2379
f 2403/2403/2403 2404/2404/2404 2379/2379/2379
f 2379/2379/2379 2404/2404/2404 2380/2380/2380
f 2404/2404/2404 2405/2405/2405 2380/2380/2380
f 2380/2380/2380 2405/2405/2405 2381/2381/2381
f 2405/2405/2405 2406/2406/2406 2381/2381/2381
f 2381/2381/2381 2406/2406/2406 2382/2382/2382
f 2406/2406/2406 2407/2407/2407 2382/2382/2382
f 2382/2382/2382 2407/2407/2407 2383/2383/2383
f 2407/2407/2407 2408/2408/2408 2383/2383/2383
f 2383/2383/2383 2408/2408/2408 2384/2384/2384
f 2408/2408/2408 2409/2409/2409 2384/2384/2384
f 2384/2384/2384 2409/2409/2409 2385/2385/2385
f 2409/2409/2409 2410/2410/2410 2385/2385/2385
f 2385/2385/2385 2410/2410/2410 2386/2386/2386
f 2410/2410/2410 2411/2411/2411 2386/2386/2386
f 2386/2386/2386 2411/2411/2411 2387/2387/2387
f 2411/2411/2411 2412/2412/2412 2387/2387/2387
f 2437/2437/2437 2438/2438/2438 2413/2413/2413
f 2438/2438/2438 2439/2439/2439 2414/2414/2414
f 2439/2439/2439 2440/2440/2440 2415/2415/2415
f 2440/2440/2440 2441/2441/2441 2416/2416/2416
f 2441/2441/2441 2442/2442/2442 2417/2417/2417
f 2442/2442/2442 2443/2443/2443 2418/2418/2418
f 2443/2443/2443 2444/2444/2444 2419/2419/2419
f 2444/2444/2444 2445/2445/2445 2420/2420/2420
f 2445/2445/2445 2446/2446/2446 2421/2421/2421
f 2446/2446/2446 2447/2447/2447 2422/2422/2422
f 2447/2447/2447 2448/2448/2448 2423/2423/2423
f 2448/2448/2448 2449/2449/2449 2424/2424/2424
f 2449/2449/2449 2450/2450/2450 2425/2425/2425
f 2450/2450/2450 2451/2451/2451 2426/2426/2426
f 2451/2451/2451 2452/2452/2452 2427/2427/2427
f 2452/2452/2452 2453/2453/2453 2428/2428/2428
f 2453/2453/2453 2454/2454/2454 2429/2429/2429
f 2454/2454/2454 2455/2455/2455 2430/2430/2430
f 2455/2455/2455 2456/2456/2456 2431/2431/2431
f 2456/2456/2456 2457/2457/2457 2432/2432/2432
f 2457/2457/2457 2458/2458/2458 2433/2433/2433
f 2458/2458/2458 2459/2459/2459 2434/2434/2434
f 2459/2459/2459 2460/2460/2460 2435/2435/2435
f 2460/2460/2460 2461/2461/2461 2436/2436/2436
f 2487/2487/2487 2486/2486/2486 2462/2462/2462
f 2488/2488/2488 2487/2487/2487 2463/2463/2463
f 2489/2489/2489 2488/2488/2488 2464/2464/2464
f 2490/2490/2490 2489/2489/2489 2465/2465/2465
f 2491/2491/2491 2490/2490/2490 2466/2466/2466
f 2492/2492/2492 2491/2491/2491 2467/2467/2467
f 2493/2493/2493 2492/2492/2492 2468/2468/2468
f 2494/2494/2494 2493/2493/2493 2469/2469/2469
f 2495/2495/2495 2494/2494/2494 2470/2470/2470
f 2496/2496/2496 2495/2495/2495 2471/2471/2471
f 2497/2497/2497 2496/2496/2496 2472/2472/2472
f 2498/2498/2498 2497/2497/2497 2473/2473/2473
f 2499/2499/2499 2498/2498/2498 2474/2474/2474
f 2500/2500/2500 2499/2499/2499 2475/2475/2475
f 2501/2501/2501 2500/2500/2500 2476/2476/2476
f 2502/2502/2502 2501/2501/2501 2477/2477/2477
f 2503/2503/2503 2502/2502/2502 2478/2478/2478
f 2504/2504/2504 2503/2503/2503 2479/2479/2479
f 2505/2505/2505 2504/2504/2504 2480/2480/2480
f 2506/2506/2506 2505/2505/2505 2481/2481/2481
f 2507/2507/2507 2506/2506/2506 2482/2482/2482
f 2508/2508/2508 2507/2507/2507 2483/2483/2483
f 2509/2509/2509 2508/2508/2508 2484/2484/2484
f 2510/2510/2510 2509/2509/2509 2485/2485/2485
o landing_leg_1
usemtl trim_black
v 1.3884145788901072 9.0048699356369 1.628830887022344
v 1.6288308870223442 9.0048699356369 1.3884145788901068
v 1.5388992224939808 0.4075031698557474 1.7793155306262176
v 1.7793155306262178 0.4075031698557474 1.5388992224939806
v 1.275385766628479 8.992496830144253 1.0349694584962417
v 1.034969458496242 8.992496830144253 1.2753857666284787
v 1.4258704102323525 0.3951300643630997 1.1854541021001153
v 1.1854541021001155 0.3951300643630997 1.4258704102323525
v 1.275385766628479 8.992496830144253 1.0349694584962417
v 1.6288308870223442 9.0048699356369 1.3884145788901068
v 1.034969458496242 8.992496830144253 1.2753857666284787
v 1.3884145788901072 9.0048699356369 1.628830887022344
v 1.1854541021001155 0.3951300643630997 1.4258704102323525
v 1.5388992224939808 0.4075031698557474 1.7793155306262176
v 1.4258704102323525 0.3951300643630997 1.1854541021001153
v 1.7793155306262178 0.4075031698557474 1.5388992224939806
v 1.034969458496242 8.992496830144253 1.2753857666284787
v 1.3884145788901072 9.0048699356369 1.628830887022344
v 1.1854541021001155 0.3951300643630997 1.4258704102323525
v 1.5388992224939808 0.4075031698557474 1.7793155306262176
v 1.6288308870223442 9.0048699356369 1.3884145788901068
v 1.275385766628479 8.992496830144253 1.0349694584962417
v 1.7793155306262178 0.4075031698557474 1.5388992224939806
v 1.4258704102323525 0.3951300643630997 1.1854541021001153
vt 0 1
vt 1 1
vt 0 0
vt 1 0
vt 0 1
vt 1 1
vt 0 0
vt 1 0
vt 0 1
vt 1 1
vt 0 0
vt 1 0
vt 0 1
vt 1 1
vt 0 0
vt 1 0
vt 0 1
vt 1 1
vt 0 0
vt 1 0
vt 0 1
vt 1 1
vt 0 0
vt 1 0
vn 0.7068902407877306 0.02474621098529645 0.7068902407877304
vn 0.7068902407877306 0.02474621098529645 0.7068902407877304
vn 0.7068902407877306 0.02474621098529645 0.7068902407877304
vn 0.7068902407877306 0.02474621098529645 0.7068902407877304
vn -0.7068902407877306 -0.02474621098529645 -0.7068902407877304
vn -0.7068902407877306 -0.02474621098529645 -0.7068902407877304
vn -0.7068902407877306 -0.02474621098529645 -0.7068902407877304
vn -0.7068902407877306 -0.02474621098529645 -0.7068902407877304
vn -0.01749821359637616 0.9996937656311913 -0.017498213596376155
vn -0.01749821359637616 0.9996937656311913 -0.017498213596376155
vn -0.01749821359637616 0.9996937656311913 -0.017498213596376155
vn -0.01749821359637616 0.9996937656311913 -0.017498213596376155
vn 0.01749821359637616 -0.9996937656311913 0.017498213596376155
vn 0.01749821359637616 -0.9996937656311913 0.017498213596376155
vn 0.01749821359637616 -0.9996937656311913 0.017498213596376155
vn 0.01749821359637616 -0.9996937656311913 0.017498213596376155
vn -0.7071067811865475 1.734723475976807e-18 0.7071067811865476
vn -0.7071067811865475 1.734723475976807e-18 0.7071067811865476
vn -0.7071067811865475 1.734723475976807e-18 0.7071067811865476
vn -0.7071067811865475 1.734723475976807e-18 0.7071067811865476
vn 0.7071067811865475 -1.734723475976807e-18 -0.7071067811865476
vn 0.7071067811865475 -1.734723475976807e-18 -0.7071067811865476
vn 0.7071067811865475 -1.734723475976807e-18 -0.7071067811865476
vn 0.7071067811865475 -1.734723475976807e-18 -0.7071067811865476
f 2511/2511/2511 2513/2513/2513 2512/2512/2512
f 2513/2513/2513 2514/2514/2514 2512/2512/2512
f 2515/2515/2515 2517/2517/2517 2516/2516/2516
f 2517/2517/2517 2518/2518/2518 2516/2516/2516
f 2519/2519/2519 2521/2521/2521 2520/2520/2520
f 2521/2521/2521 2522/2522/2522 2520/2520/2520
f 2523/2523/2523 2525/2525/2525 2524/2524/2524
f 2525/2525/2525 2526/2526/2526 2524/2524/2524
f 2527/2527/2527 2529/2529/2529 2528/2528/2528
f 2529/2529/2529 2530/2530/2530 2528/2528/2528
f 2531/2531/2531 2533/2533/2533 2532/2532/2532
f 2533/2533/2533 2534/2534/2534 2532/2532/2532
o landing_leg_2
usemtl trim_black
v -1.7793155306262176 8.992496830144253 1.5388992224939808
v -1.5388992224939806 8.992496830144253 1.7793155306262178
v -1.628830887022344 0.3951300643630997 1.3884145788901072
v -1.3884145788901068 0.3951300643630997 1.6288308870223442
v -1.1854541021001153 9.0048699356369 1.4258704102323525
v -1.4258704102323525 9.0048699356369 1.1854541021001155
v -1.0349694584962417 0.4075031698557474 1.275385766628479
v -1.2753857666284787 0.4075031698557474 1.034969458496242
v -1.1854541021001153 9.0048699356369 1.4258704102323525
v -1.5388992224939806 8.992496830144253 1.7793155306262178
v -1.4258704102323525 9.0048699356369 1.1854541021001155
v -1.7793155306262176 8.992496830144253 1.5388992224939808
v -1.2753857666284787 0.4075031698557474 1.034969458496242
v -1.628830887022344 0.3951300643630997 1.3884145788901072
v -1.0349694584962417 0.4075031698557474 1.275385766628479
v -1.3884145788901068 0.3951300643630997 1.6288308870223442
v -1.4258704102323525 9.0048699356369 1.1854541021001155
v -1.7793155306262176 8.992496830144253 1.5388992224939808
v -1.2753857666284787 0.4075031698557474 1.034969458496242
v -1.628830887022344 0.3951300643630997 1.3884145788901072
v -1.5388992224939806 8.992496830144253 1.7793155306262178
v -1.1854541021001153 9.0048699356369 1.4258704102323525
v -1.3884145788901068 0.3951300643630997 1.6288308870223442
v -1.0349694584962417 0.4075031698557474 1.275385766628479
vt 0 1
vt 1 1
vt 0 0
vt 1 0
vt 0 1
vt 1 1
vt 0 0
vt 1 0
vt 0 1
vt 1 1
vt 0 0
vt 1 0
vt 0 1
vt 1 1
vt 0 0
vt 1 0
vt 0 1
vt 1 1
vt 0 0
vt 1 0
vt 0 1
vt 1 1
vt 0 0
vt 1 0
vn -0.7068902407877304 -0.024746210985296446 0.7068902407877306
vn -0.7068902407877304 -0.024746210985296446 0.7068902407877306
vn -0.7068902407877304 -0.024746210985296446 0.7068902407877306
vn -0.7068902407877304 -0.024746210985296446 0.7068902407877306
vn 0.7068902407877304 0.024746210985296446 -0.7068902407877306
vn 0.7068902407877304 0.024746210985296446 -0.7068902407877306
vn 0.7068902407877304 0.024746210985296446 -0.7068902407877306
vn 0.7068902407877304 0.024746210985296446 -0.7068902407877306
vn -0.017498213596376155 0.9996937656311913 0.017498213596376155
vn -0.017498213596376155 0.9996937656311913 0.017498213596376155
vn -0.017498213596376155 0.9996937656311913 0.017498213596376155
vn -0.017498213596376155 0.9996937656311913 0.017498213596376155
vn 0.017498213596376155 -0.9996937656311913 -0.017498213596376155
vn 0.017498213596376155 -0.9996937656311913 -0.017498213596376155
vn 0.017498213596376155 -0.9996937656311913 -0.017498213596376155
vn 0.017498213596376155 -0.9996937656311913 -0.017498213596376155
vn -0.7071067811865476 1.734723475976807e-18 -0.7071067811865475
vn -0.7071067811865476 1.734723475976807e-18 -0.7071067811865475
vn -0.7071067811865476 1.734723475976807e-18 -0.7071067811865475
vn -0.7071067811865476 1.734723475976807e-18 -0.7071067811865475
vn 0.7071067811865476 -1.734723475976807e-18 0.7071067811865475
vn 0.7071067811865476 -1.734723475976807e-18 0.7071067811865475
vn 0.7071067811865476 -1.734723475976807e-18 0.7071067811865475
vn 0.7071067811865476 -1.734723475976807e-18 0.7071067811865475
f 2535/2535/2535 2537/2537/2537 2536/2536/2536
f 2537/2537/2537 2538/2538/2538 2536/2536/2536
f 2539/2539/2539 2541/2541/2541 2540/2540/2540
f 2541/2541/2541 2542/2542/2542 2540/2540/2540
f 2543/2543/2543 2545/2545/2545 2544/2544/2544
f 2545/2545/2545 2546/2546/2546 2544/2544/2544
f 2547/2547/2547 2549/2549/2549 2548/2548/2548
f 2549/2549/2549 2550/2550/2550 2548/2548/2548
f 2551/2551/2551 2553/2553/2553 2552/2552/2552
f 2553/2553/2553 2554/2554/2554 2552/2552/2552
f 2555/2555/2555 2557/2557/2557 2556/2556/2556
f 2557/2557/2557 2558/2558/2558 2556/2556/2556
o landing_leg_3
usemtl trim_black
v -1.538899222493981 8.992496830144253 -1.7793155306262176
v -1.779315530626218 8.992496830144253 -1.5388992224939806
v -1.3884145788901072 0.3951300643630997 -1.6288308870223438
v -1.6288308870223442 0.3951300643630997 -1.3884145788901068
v -1.425870410232353 9.0048699356369 -1.1854541021001155
v -1.185454102100116 9.0048699356369 -1.4258704102323525
v -1.2753857666284791 0.4075031698557474 -1.0349694584962417
v -1.0349694584962421 0.4075031698557474 -1.2753857666284787
v -1.425870410232353 9.0048699356369 -1.1854541021001155
v -1.779315530626218 8.992496830144253 -1.5388992224939806
v -1.185454102100116 9.0048699356369 -1.4258704102323525
v -1.538899222493981 8.992496830144253 -1.7793155306262176
v -1.0349694584962421 0.4075031698557474 -1.2753857666284787
v -1.3884145788901072 0.3951300643630997 -1.6288308870223438
v -1.2753857666284791 0.4075031698557474 -1.0349694584962417
v -1.6288308870223442 0.3951300643630997 -1.3884145788901068
v -1.185454102100116 9.0048699356369 -1.4258704102323525
v -1.538899222493981 8.992496830144253 -1.7793155306262176
v -1.0349694584962421 0.4075031698557474 -1.2753857666284787
v -1.3884145788901072 0.3951300643630997 -1.6288308870223438
v -1.779315530626218 8.992496830144253 -1.5388992224939806
v -1.425870410232353 9.0048699356369 -1.1854541021001155
v -1.6288308870223442 0.3951300643630997 -1.3884145788901068
v -1.2753857666284791 0.4075031698557474 -1.0349694584962417
vt 0 1
vt 1 1
vt 0 0
vt 1 0
vt 0 1
vt 1 1
vt 0 0
vt 1 0
vt 0 1
vt 1 1
vt 0 0
vt 1 0
vt 0 1
vt 1 1
vt 0 0
vt 1 0
vt 0 1
vt 1 1
vt 0 0
vt 1 0
vt 0 1
vt 1 1
vt 0 0
vt 1 0
vn -0.7068902407877307 -0.024746210985296457 -0.7068902407877306
vn -0.7068902407877307 -0.024746210985296457 -0.7068902407877306
vn -0.7068902407877307 -0.024746210985296457 -0.7068902407877306
vn -0.7068902407877307 -0.024746210985296457 -0.7068902407877306
vn 0.7068902407877307 0.024746210985296457 0.7068902407877306
vn 0.7068902407877307 0.024746210985296457 0.7068902407877306
vn 0.7068902407877307 0.024746210985296457 0.7068902407877306
vn 0.7068902407877307 0.024746210985296457 0.7068902407877306
vn -0.017498213596376166 0.9996937656311914 -0.017498213596376162
vn -0.017498213596376166 0.9996937656311914 -0.017498213596376162
vn -0.017498213596376166 0.9996937656311914 -0.017498213596376162
vn -0.017498213596376166 0.9996937656311914 -0.017498213596376162
vn 0.017498213596376166 -0.9996937656311914 0.017498213596376162
vn 0.017498213596376166 -0.9996937656311914 0.017498213596376162
vn 0.017498213596376166 -0.9996937656311914 0.017498213596376162
vn 0.017498213596376166 -0.9996937656311914 0.017498213596376162
vn 0.7071067811865476 -1.7347234759768075e-18 -0.7071067811865477
vn 0.7071067811865476 -1.7347234759768075e-18 -0.7071067811865477
vn 0.7071067811865476 -1.7347234759768075e-18 -0.7071067811865477
vn 0.7071067811865476 -1.7347234759768075e-18 -0.7071067811865477
vn -0.7071067811865476 1.7347234759768075e-18 0.7071067811865477
vn -0.7071067811865476 1.7347234759768075e-18 0.7071067811865477
vn -0.7071067811865476 1.7347234759768075e-18 0.7071067811865477
vn -0.7071067811865476 1.7347234759768075e-18 0.7071067811865477
f 2559/2559/2559 2561/2561/2561 2560/2560/2560
f 2561/2561/2561 2562/2562/2562 2560/2560/2560
f 2563/2563/2563 2565/2565/2565 2564/2564/2564
f 2565/2565/2565 2566/2566/2566 2564/2564/2564
f 2567/2567/2567 2569/2569/2569 2568/2568/2568
f 2569/2569/2569 2570/2570/2570 2568/2568/2568
f 2571/2571/2571 2573/2573/2573 2572/2572/2572
f 2573/2573/2573 2574/2574/2574 2572/2572/2572
f 2575/2575/2575 2577/2577/2577 2576/2576/2576
f 2577/2577/2577 2578/2578/2578 2576/2576/2576
f 2579/2579/2579 2581/2581/2581 2580/2580/2580
f 2581/2581/2581 2582/2582/2582 2580/2580/2580
o landing_leg_4
usemtl trim_black
v 1.6288308870223438 9.0048699356369 -1.3884145788901074
v 1.3884145788901066 9.0048699356369 -1.6288308870223445
v 1.7793155306262174 0.4075031698557474 -1.538899222493981
v 1.5388992224939804 0.4075031698557474 -1.779315530626218
v 1.0349694584962414 8.992496830144253 -1.2753857666284791
v 1.2753857666284785 8.992496830144253 -1.0349694584962421
v 1.185454102100115 0.3951300643630997 -1.4258704102323527
v 1.4258704102323523 0.3951300643630997 -1.1854541021001157
v 1.0349694584962414 8.992496830144253 -1.2753857666284791
v 1.3884145788901066 9.0048699356369 -1.6288308870223445
v 1.2753857666284785 8.992496830144253 -1.0349694584962421
v 1.6288308870223438 9.0048699356369 -1.3884145788901074
v 1.4258704102323523 0.3951300643630997 -1.1854541021001157
v 1.7793155306262174 0.4075031698557474 -1.538899222493981
v 1.185454102100115 0.3951300643630997 -1.4258704102323527
v 1.5388992224939804 0.4075031698557474 -1.779315530626218
v 1.2753857666284785 8.992496830144253 -1.0349694584962421
v 1.6288308870223438 9.0048699356369 -1.3884145788901074
v 1.4258704102323523 0.3951300643630997 -1.1854541021001157
v 1.7793155306262174 0.4075031698557474 -1.538899222493981
v 1.3884145788901066 9.0048699356369 -1.6288308870223445
v 1.0349694584962414 8.992496830144253 -1.2753857666284791
v 1.5388992224939804 0.4075031698557474 -1.779315530626218
v 1.185454102100115 0.3951300643630997 -1.4258704102323527
vt 0 1
vt 1 1
vt 0 0
vt 1 0
vt 0 1
vt 1 1
vt 0 0
vt 1 0
vt 0 1
vt 1 1
vt 0 0
vt 1 0
vt 0 1
vt 1 1
vt 0 0
vt 1 0
vt 0 1
vt 1 1
vt 0 0
vt 1 0
vt 0 1
vt 1 1
vt 0 0
vt 1 0
vn 0.7068902407877304 0.024746210985296446 -0.7068902407877307
vn 0.7068902407877304 0.024746210985296446 -0.7068902407877307
vn 0.7068902407877304 0.024746210985296446 -0.7068902407877307
vn 0.7068902407877304 0.024746210985296446 -0.7068902407877307
vn -0.7068902407877304 -0.024746210985296446 0.7068902407877307
vn -0.7068902407877304 -0.024746210985296446 0.7068902407877307
vn -0.7068902407877304 -0.024746210985296446 0.7068902407877307
vn -0.7068902407877304 -0.024746210985296446 0.7068902407877307
vn -0.017498213596376152 0.9996937656311914 0.017498213596376155
vn -0.017498213596376152 0.9996937656311914 0.017498213596376155
vn -0.017498213596376152 0.9996937656311914 0.017498213596376155
vn -0.017498213596376152 0.9996937656311914 0.017498213596376155
vn 0.017498213596376152 -0.9996937656311914 -0.017498213596376155
vn 0.017498213596376152 -0.9996937656311914 -0.017498213596376155
vn 0.017498213596376152 -0.9996937656311914 -0.017498213596376155
vn 0.017498213596376152 -0.9996937656311914 -0.017498213596376155
vn 0.7071067811865477 -1.734723475976807e-18 0.7071067811865475
vn 0.7071067811865477 -1.734723475976807e-18 0.7071067811865475
vn 0.7071067811865477 -1.734723475976807e-18 0.7071067811865475
vn 0.7071067811865477 -1.734723475976807e-18 0.7071067811865475
vn -0.7071067811865477 1.734723475976807e-18 -0.7071067811865475
vn -0.7071067811865477 1.734723475976807e-18 -0.7071067811865475
vn -0.7071067811865477 1.734723475976807e-18 -0.7071067811865475
vn -0.7071067811865477 1.734723475976807e-18 -0.7071067811865475
f 2583/2583/2583 2585/2585/2585 2584/2584/2584
f 2585/2585/2585 2586/2586/2586 2584/2584/2584
f 2587/2587/2587 2589/2589/2589 2588/2588/2588
f 2589/2589/2589 2590/2590/2590 2588/2588/2588
f 2591/2591/2591 2593/2593/2593 2592/2592/2592
f 2593/2593/2593 2594/2594/2594 2592/2592/2592
f 2595/2595/2595 2597/2597/2597 2596/2596/2596
f 2597/2597/2597 2598/2598/2598 2596/2596/2596
f 2599/2599/2599 2601/2601/2601 2600/2600/2600
f 2601/2601/2601 2602/2602/2602 2600/2600/2600
f 2603/2603/2603 2605/2605/2605 2604/2604/2604
f 2605/2605/2605 2606/2606/2606 2604/2604/2604
o raceway
usemtl hull_white
v 0.20999999344348907 41 2.1000000059604647
v 0.20999999344348907 41 1.7999999940395357
v 0.20999999344348907 3 2.1000000059604647
v 0.20999999344348907 3 1.7999999940395357
v -0.20999999344348907 41 1.7999999940395357
v -0.20999999344348907 41 2.1000000059604647
v -0.20999999344348907 3 1.7999999940395357
v -0.20999999344348907 3 2.1000000059604647
v -0.20999999344348907 41 1.7999999940395357
v 0.20999999344348907 41 1.7999999940395357
v -0.20999999344348907 41 2.1000000059604647
v 0.20999999344348907 41 2.1000000059604647
v -0.20999999344348907 3 2.1000000059604647
v 0.20999999344348907 3 2.1000000059604647
v -0.20999999344348907 3 1.7999999940395357
v 0.20999999344348907 3 1.7999999940395357
v -0.20999999344348907 41 2.1000000059604647
v 0.20999999344348907 41 2.1000000059604647
v -0.20999999344348907 3 2.1000000059604647
v 0.20999999344348907 3 2.1000000059604647
v 0.20999999344348907 41 1.7999999940395357
v -0.20999999344348907 41 1.7999999940395357
v 0.20999999344348907 3 1.7999999940395357
v -0.20999999344348907 3 1.7999999940395357
vt 0 1
vt 1 1
vt 0 0
vt 1 0
vt 0 1
vt 1 1
vt 0 0
vt 1 0
vt 0 1
vt 1 1
vt 0 0
vt 1 0
vt 0 1
vt 1 1
vt 0 0
vt 1 0
vt 0 1
vt 1 1
vt 0 0
vt 1 0
vt 0 1
vt 1 1
vt 0 0
vt 1 0
vn 1 0 0
vn 1 0 0
vn 1 0 0
vn 1 0 0
vn -1 0 0
vn -1 0 0
vn -1 0 0
vn -1 0 0
vn 0 1 0
vn 0 1 0
vn 0 1 0
vn 0 1 0
vn 0 -1 0
vn 0 -1 0
vn 0 -1 0
vn 0 -1 0
vn 0 0 1
vn 0 0 1
vn 0 0 1
vn 0 0 1
vn 0 0 -1
vn 0 0 -1
vn 0 0 -1
vn 0 0 -1
f 2607/2607/2607 2609/2609/2609 2608/2608/2608
f 2609/2609/2609 2610/2610/2610 2608/2608/2608
f 2611/2611/2611 2613/2613/2613 2612/2612/2612
f 2613/2613/2613 2614/2614/2614 2612/2612/2612
f 2615/2615/2615 2617/2617/2617 2616/2616/2616
f 2617/2617/2617 2618/2618/2618 2616/2616/2616
f 2619/2619/2619 2621/2621/2621 2620/2620/2620
f 2621/2621/2621 2622/2622/2622 2620/2620/2620
f 2623/2623/2623 2625/2625/2625 2624/2624/2624
f 2625/2625/2625 2626/2626/2626 2624/2624/2624
f 2627/2627/2627 2629/2629/2629 2628/2628/2628
f 2629/2629/2629 2630/2630/2630 2628/2628/2628
o interstage
usemtl trim_black
v 0 47.1 1.850000023841858
v 0.24147345125675201 47.1 1.8341729640960693
v 0.4788152277469635 47.1 1.7869627475738525
v 0.7079643607139587 47.1 1.7091771364212036
v 0.925000011920929 47.1 1.6021469831466675
v 1.1262086629867554 47.1 1.4677037000656128
v 1.3081475496292114 47.1 1.3081475496292114
v 1.4677037000656128 47.1 1.1262086629867554
v 1.6021469831466675 47.1 0.925000011920929
v 1.7091771364212036 47.1 0.7079643607139587
v 1.7869627475738525 47.1 0.4788152277469635
v 1.8341729640960693 47.1 0.24147345125675201
v 1.850000023841858 47.1 1.1327983055540558e-16
v 1.8341729640960693 47.1 -0.24147345125675201
v 1.7869627475738525 47.1 -0.4788152277469635
v 1.7091771364212036 47.1 -0.7079643607139587
v 1.6021469831466675 47.1 -0.925000011920929
v 1.4677037000656128 47.1 -1.1262086629867554
v 1.3081475496292114 47.1 -1.3081475496292114
v 1.1262086629867554 47.1 -1.4677037000656128
v 0.925000011920929 47.1 -1.6021469831466675
v 0.7079643607139587 47.1 -1.7091771364212036
v 0.4788152277469635 47.1 -1.7869627475738525
v 0.24147345125675201 47.1 -1.8341729640960693
v 2.2655966111081115e-16 47.1 -1.850000023841858
v -0.24147345125675201 47.1 -1.8341729640960693
v -0.4788152277469635 47.1 -1.7869627475738525
v -0.7079643607139587 47.1 -1.7091771364212036
v -0.925000011920929 47.1 -1.6021469831466675
v -1.1262086629867554 47.1 -1.4677037000656128
v -1.3081475496292114 47.1 -1.3081475496292114
v -1.4677037000656128 47.1 -1.1262086629867554
v -1.6021469831466675 47.1 -0.925000011920929
v -1.7091771364212036 47.1 -0.7079643607139587
v -1.7869627475738525 47.1 -0.4788152277469635
v -1.8341729640960693 47.1 -0.24147345125675201
v -1.850000023841858 47.1 -3.3983949166621673e-16
v -1.8341729640960693 47.1 0.24147345125675201
v -1.7869627475738525 47.1 0.4788152277469635
v -1.7091771364212036 47.1 0.7079643607139587
v -1.6021469831466675 47.1 0.925000011920929
v -1.4677037000656128 47.1 1.1262086629867554
v -1.3081475496292114 47.1 1.3081475496292114
v -1.1262086629867554 47.1 1.4677037000656128
v -0.925000011920929 47.1 1.6021469831466675
v -0.7079643607139587 47.1 1.7091771364212036
v -0.4788152277469635 47.1 1.7869627475738525
v -0.24147345125675201 47.1 1.8341729640960693
v -4.531193222216223e-16 47.1 1.850000023841858
v 0 42.6 1.850000023841858
v 0.24147345125675201 42.6 1.8341729640960693
v 0.4788152277469635 42.6 1.7869627475738525
v 0.7079643607139587 42.6 1.7091771364212036
v 0.925000011920929 42.6 1.6021469831466675
v 1.1262086629867554 42.6 1.4677037000656128
v 1.3081475496292114 42.6 1.3081475496292114
v 1.4677037000656128 42.6 1.1262086629867554
v 1.6021469831466675 42.6 0.925000011920929
v 1.7091771364212036 42.6 0.7079643607139587
v 1.7869627475738525 42.6 0.4788152277469635
v 1.8341729640960693 42.6 0.24147345125675201
v 1.850000023841858 42.6 1.1327983055540558e-16
v 1.8341729640960693 42.6 -0.24147345125675201
v 1.7869627475738525 42.6 -0.4788152277469635
v 1.7091771364212036 42.6 -0.7079643607139587
v 1.6021469831466675 42.6 -0.925000011920929
v 1.4677037000656128 42.6 -1.1262086629867554
v 1.3081475496292114 42.6 -1.3081475496292114
v 1.1262086629867554 42.6 -1.4677037000656128
v 0.925000011920929 42.6 -1.6021469831466675
v 0.7079643607139587 42.6 -1.7091771364212036
v 0.4788152277469635 42.6 -1.7869627475738525
v 0.24147345125675201 42.6 -1.8341729640960693
v 2.2655966111081115e-16 42.6 -1.850000023841858
v -0.24147345125675201 42.6 -1.8341729640960693
v -0.4788152277469635 42.6 -1.7869627475738525
v -0.7079643607139587 42.6 -1.7091771364212036
v -0.925000011920929 42.6 -1.6021469831466675
v -1.1262086629867554 42.6 -1.4677037000656128
v -1.3081475496292114 42.6 -1.3081475496292114
v -1.4677037000656128 42.6 -1.1262086629867554
v -1.6021469831466675 42.6 -0.925000011920929
v -1.7091771364212036 42.6 -0.7079643607139587
v -1.7869627475738525 42.6 -0.4788152277469635
v -1.8341729640960693 42.6 -0.24147345125675201
v -1.850000023841858 42.6 -3.3983949166621673e-16
v -1.8341729640960693 42.6 0.24147345125675201
v -1.7869627475738525 42.6 0.4788152277469635
v -1.7091771364212036 42.6 0.7079643607139587
v -1.6021469831466675 42.6 0.925000011920929
v -1.4677037000656128 42.6 1.1262086629867554
v -1.3081475496292114 42.6 1.3081475496292114
v -1.1262086629867554 42.6 1.4677037000656128
v -0.925000011920929 42.6 1.6021469831466675
v -0.7079643607139587 42.6 1.7091771364212036
v -0.4788152277469635 42.6 1.7869627475738525
v -0.24147345125675201 42.6 1.8341729640960693
v -4.531193222216223e-16 42.6 1.850000023841858
v 0 47.1 0
v 0 47.1 0
v 0 47.1 0
v 0 47.1 0
v 0 47.1 0
v 0 47.1 0
v 0 47.1 0
v 0 47.1 0
v 0 47.1 0
v 0 47.1 0
v 0 47.1 0
v 0 47.1 0
v 0 47.1 0
v 0 47.1 0
v 0 47.1 0
v 0 47.1 0
v 0 47.1 0
v 0 47.1 0
v 0 47.1 0
v 0 47.1 0
v 0 47.1 0
v 0 47.1 0
v 0 47.1 0
v 0 47.1 0
v 0 47.1 0
v 0 47.1 0
v 0 47.1 0
v 0 47.1 0
v 0 47.1 0
v 0 47.1 0
v 0 47.1 0
v 0 47.1 0
v 0 47.1 0
v 0 47.1 0
v 0 47.1 0
v 0 47.1 0
v 0 47.1 0
v 0 47.1 0
v 0 47.1 0
v 0 47.1 0
v 0 47.1 0
v 0 47.1 0
v 0 47.1 0
v 0 47.1 0
v 0 47.1 0
v 0 47.1 0
v 0 47.1 0
v 0 47.1 0
v 0 47.1 1.850000023841858
v 0.24147345125675201 47.1 1.8341729640960693
v 0.4788152277469635 47.1 1.7869627475738525
v 0.7079643607139587 47.1 1.7091771364212036
v 0.925000011920929 47.1 1.6021469831466675
v 1.1262086629867554 47.1 1.4677037000656128
v 1.3081475496292114 47.1 1.3081475496292114
v 1.4677037000656128 47.1 1.1262086629867554
v 1.6021469831466675 47.1 0.925000011920929
v 1.7091771364212036 47.1 0.7079643607139587
v 1.7869627475738525 47.1 0.4788152277469635
v 1.8341729640960693 47.1 0.24147345125675201
v 1.850000023841858 47.1 1.1327983055540558e-16
v 1.8341729640960693 47.1 -0.24147345125675201
v 1.7869627475738525 47.1 -0.4788152277469635
v 1.7091771364212036 47.1 -0.7079643607139587
v 1.6021469831466675 47.1 -0.925000011920929
v 1.4677037000656128 47.1 -1.1262086629867554
v 1.3081475496292114 47.1 -1.3081475496292114
v 1.1262086629867554 47.1 -1.4677037000656128
v 0.925000011920929 47.1 -1.6021469831466675
v 0.7079643607139587 47.1 -1.7091771364212036
v 0.4788152277469635 47.1 -1.7869627475738525
v 0.24147345125675201 47.1 -1.8341729640960693
v 2.2655966111081115e-16 47.1 -1.850000023841858
v -0.24147345125675201 47.1 -1.8341729640960693
v -0.4788152277469635 47.1 -1.7869627475738525
v -0.7079643607139587 47.1 -1.7091771364212036
v -0.925000011920929 47.1 -1.6021469831466675
v -1.1262086629867554 47.1 -1.4677037000656128
v -1.3081475496292114 47.1 -1.3081475496292114
v -1.4677037000656128 47.1 -1.1262086629867554
v -1.6021469831466675 47.1 -0.925000011920929
v -1.7091771364212036 47.1 -0.7079643607139587
v -1.7869627475738525 47.1 -0.4788152277469635
v -1.8341729640960693 47.1 -0.24147345125675201
v -1.850000023841858 47.1 -3.3983949166621673e-16
v -1.8341729640960693 47.1 0.24147345125675201
v -1.7869627475738525 47.1 0.4788152277469635
v -1.7091771364212036 47.1 0.7079643607139587
v -1.6021469831466675 47.1 0.925000011920929
v -1.4677037000656128 47.1 1.1262086629867554
v -1.3081475496292114 47.1 1.3081475496292114
v -1.1262086629867554 47.1 1.4677037000656128
v -0.925000011920929 47.1 1.6021469831466675
v -0.7079643607139587 47.1 1.7091771364212036
v -0.4788152277469635 47.1 1.7869627475738525
v -0.24147345125675201 47.1 1.8341729640960693
v -4.531193222216223e-16 47.1 1.850000023841858
v 0 42.6 0
v 0 42.6 0
v 0 42.6 0
v 0 42.6 0
v 0 42.6 0
v 0 42.6 0
v 0 42.6 0
v 0 42.6 0
v 0 42.6 0
v 0 42.6 0
v 0 42.6 0
v 0 42.6 0
v 0 42.6 0
v 0 42.6 0
v 0 42.6 0
v 0 42.6 0
v 0 42.6 0
v 0 42.6 0
v 0 42.6 0
v 0 42.6 0
v 0 42.6 0
v 0 42.6 0
v 0 42.6 0
v 0 42.6 0
v 0 42.6 0
v 0 42.6 0
v 0 42.6 0
v 0 42.6 0
v 0 42.6 0
v 0 42.6 0
v 0 42.6 0
v 0 42.6 0
v 0 42.6 0
v 0 42.6 0
v 0 42.6 0
v 0 42.6 0
v 0 42.6 0
v 0 42.6 0
v 0 42.6 0
v 0 42.6 0
v 0 42.6 0
v 0 42.6 0
v 0 42.6 0
v 0 42.6 0
v 0 42.6 0
v 0 42.6 0
v 0 42.6 0
v 0 42.6 0
v 0 42.6 1.850000023841858
v 0.24147345125675201 42.6 1.8341729640960693
v 0.4788152277469635 42.6 1.7869627475738525
v 0.7079643607139587 42.6 1.7091771364212036
v 0.925000011920929 42.6 1.6021469831466675
v 1.1262086629867554 42.6 1.4677037000656128
v 1.3081475496292114 42.6 1.3081475496292114
v 1.4677037000656128 42.6 1.1262086629867554
v 1.6021469831466675 42.6 0.925000011920929
v 1.7091771364212036 42.6 0.7079643607139587
v 1.7869627475738525 42.6 0.4788152277469635
v 1.8341729640960693 42.6 0.24147345125675201
v 1.850000023841858 42.6 1.1327983055540558e-16
v 1.8341729640960693 42.6 -0.24147345125675201
v 1.7869627475738525 42.6 -0.4788152277469635
v 1.7091771364212036 42.6 -0.7079643607139587
v 1.6021469831466675 42.6 -0.925000011920929
v 1.4677037000656128 42.6 -1.1262086629867554
v 1.3081475496292114 42.6 -1.3081475496292114
v 1.1262086629867554 42.6 -1.4677037000656128
v 0.925000011920929 42.6 -1.6021469831466675
v 0.7079643607139587 42.6 -1.7091771364212036
v 0.4788152277469635 42.6 -1.7869627475738525
v 0.24147345125675201 42.6 -1.8341729640960693
v 2.2655966111081115e-16 42.6 -1.850000023841858
v -0.24147345125675201 42.6 -1.8341729640960693
v -0.4788152277469635 42.6 -1.7869627475738525
v -0.7079643607139587 42.6 -1.7091771364212036
v -0.925000011920929 42.6 -1.6021469831466675
v -1.1262086629867554 42.6 -1.4677037000656128
v -1.3081475496292114 42.6 -1.3081475496292114
v -1.4677037000656128 42.6 -1.1262086629867554
v -1.6021469831466675 42.6 -0.925000011920929
v -1.7091771364212036 42.6 -0.7079643607139587
v -1.7869627475738525 42.6 -0.4788152277469635
v -1.8341729640960693 42.6 -0.24147345125675201
v -1.850000023841858 42.6 -3.3983949166621673e-16
v -1.8341729640960693 42.6 0.24147345125675201
v -1.7869627475738525 42.6 0.4788152277469635
v -1.7091771364212036 42.6 0.7079643607139587
v -1.6021469831466675 42.6 0.925000011920929
v -1.4677037000656128 42.6 1.1262086629867554
v -1.3081475496292114 42.6 1.3081475496292114
v -1.1262086629867554 42.6 1.4677037000656128
v -0.925000011920929 42.6 1.6021469831466675
v -0.7079643607139587 42.6 1.7091771364212036
v -0.4788152277469635 42.6 1.7869627475738525
v -0.24147345125675201 42.6 1.8341729640960693
v -4.531193222216223e-16 42.6 1.850000023841858
vt 0 1
vt 0.02083333395421505 1
vt 0.0416666679084301 1
vt 0.0625 1
vt 0.0833333358168602 1
vt 0.1041666641831398 1
vt 0.125 1
vt 0.1458333283662796 1
vt 0.1666666716337204 1
vt 0.1875 1
vt 0.2083333283662796 1
vt 0.2291666716337204 1
vt 0.25 1
vt 0.2708333432674408 1
vt 0.2916666567325592 1
vt 0.3125 1
vt 0.3333333432674408 1
vt 0.3541666567325592 1
vt 0.375 1
vt 0.3958333432674408 1
vt 0.4166666567325592 1
vt 0.4375 1
vt 0.4583333432674408 1
vt 0.4791666567325592 1
vt 0.5 1
vt 0.5208333134651184 1
vt 0.5416666865348816 1
vt 0.5625 1
vt 0.5833333134651184 1
vt 0.6041666865348816 1
vt 0.625 1
vt 0.6458333134651184 1
vt 0.6666666865348816 1
vt 0.6875 1
vt 0.7083333134651184 1
vt 0.7291666865348816 1
vt 0.75 1
vt 0.7708333134651184 1
vt 0.7916666865348816 1
vt 0.8125 1
vt 0.8333333134651184 1
vt 0.8541666865348816 1
vt 0.875 1
vt 0.8958333134651184 1
vt 0.9166666865348816 1
vt 0.9375 1
vt 0.9583333134651184 1
vt 0.9791666865348816 1
vt 1 1
vt 0 0
vt 0.02083333395421505 0
vt 0.0416666679084301 0
vt 0.0625 0
vt 0.0833333358168602 0
vt 0.1041666641831398 0
vt 0.125 0
vt 0.1458333283662796 0
vt 0.1666666716337204 0
vt 0.1875 0
vt 0.2083333283662796 0
vt 0.2291666716337204 0
vt 0.25 0
vt 0.2708333432674408 0
vt 0.2916666567325592 0
vt 0.3125 0
vt 0.3333333432674408 0
vt 0.3541666567325592 0
vt 0.375 0
vt 0.3958333432674408 0
vt 0.4166666567325592 0
vt 0.4375 0
vt 0.4583333432674408 0
vt 0.4791666567325592 0
vt 0.5 0
vt 0.5208333134651184 0
vt 0.5416666865348816 0
vt 0.5625 0
vt 0.5833333134651184 0
vt 0.6041666865348816 0
vt 0.625 0
vt 0.6458333134651184 0
vt 0.6666666865348816 0
vt 0.6875 0
vt 0.7083333134651184 0
vt 0.7291666865348816 0
vt 0.75 0
vt 0.7708333134651184 0
vt 0.7916666865348816 0
vt 0.8125 0
vt 0.8333333134651184 0
vt 0.8541666865348816 0
vt 0.875 0
vt 0.8958333134651184 0
vt 0.9166666865348816 0
vt 0.9375 0
vt 0.9583333134651184 0
vt 0.9791666865348816 0
vt 1 0
vt 0.5 0.5
vt 0.5 0.5
vt 0.5 0.5
vt 0.5 0.5
vt 0.5 0.5
vt 0.5 0.5
vt 0.5 0.5
vt 0.5 0.5
vt 0.5 0.5
vt 0.5 0.5
vt 0.5 0.5
vt 0.5 0.5
vt 0.5 0.5
vt 0.5 0.5
vt 0.5 0.5
vt 0.5 0.5
vt 0.5 0.5
vt 0.5 0.5
vt 0.5 0.5
vt 0.5 0.5
vt 0.5 0.5
vt 0.5 0.5
vt 0.5 0.5
vt 0.5 0.5
vt 0.5 0.5
vt 0.5 0.5
vt 0.5 0.5
vt 0.5 0.5
vt 0.5 0.5
vt 0.5 0.5
vt 0.5 0.5
vt 0.5 0.5
vt 0.5 0.5
vt 0.5 0.5
vt 0.5 0.5
vt 0.5 0.5
vt 0.5 0.5
vt 0.5 0.5
vt 0.5 0.5
vt 0.5 0.5
vt 0.5 0.5
vt 0.5 0.5
vt 0.5 0.5
vt 0.5 0.5
vt 0.5 0.5
vt 0.5 0.5
vt 0.5 0.5
vt 0.5 0.5
vt 1 0.5
vt 0.9957224130630493 0.5652630925178528
vt 0.9829629063606262 0.6294095516204834
vt 0.9619397521018982 0.6913416981697083
vt 0.9330127239227295 0.75
vt 0.8966766595840454 0.8043807148933411
vt 0.8535534143447876 0.8535534143447876
vt 0.8043807148933411 0.8966766595840454
vt 0.75 0.9330127239227295
vt 0.6913416981697083 0.9619397521018982
vt 0.6294095516204834 0.9829629063606262
vt 0.5652630925178528 0.9957224130630493
vt 0.5 1
vt 0.4347369074821472 0.9957224130630493
vt 0.370590478181839 0.9829629063606262
vt 0.30865827202796936 0.9619397521018982
vt 0.25 0.9330127239227295
vt 0.19561928510665894 0.8966766595840454
vt 0.1464466154575348 0.8535534143447876
vt 0.10332333296537399 0.8043807148933411
vt 0.0669872984290123 0.75
vt 0.03806023299694061 0.6913416981697083
vt 0.017037086188793182 0.6294095516204834
vt 0.004277569241821766 0.5652630925178528
vt 0 0.5
vt 0.004277569241821766 0.4347369074821472
vt 0.017037086188793182 0.370590478181839
vt 0.03806023299694061 0.30865827202796936
vt 0.0669872984290123 0.25
vt 0.10332333296537399 0.19561928510665894
vt 0.1464466154575348 0.1464466154575348
vt 0.19561928510665894 0.10332333296537399
vt 0.25 0.0669872984290123
vt 0.30865827202796936 0.03806023299694061
vt 0.370590478181839 0.017037086188793182
vt 0.4347369074821472 0.004277569241821766
vt 0.5 0
vt 0.5652630925178528 0.004277569241821766
vt 0.6294095516204834 0.017037086188793182
vt 0.6913416981697083 0.03806023299694061
vt 0.75 0.0669872984290123
vt 0.8043807148933411 0.10332333296537399
vt 0.8535534143447876 0.1464466154575348
vt 0.8966766595840454 0.19561928510665894
vt 0.9330127239227295 0.25
vt 0.9619397521018982 0.30865827202796936
vt 0.9829629063606262 0.370590478181839
vt 0.9957224130630493 0.4347369074821472
vt 1 0.5
vt 0.5 0.5
vt 0.5 0.5
vt 0.5 0.5
vt 0.5 0.5
vt 0.5 0.5
vt 0.5 0.5
vt 0.5 0.5
vt 0.5 0.5
vt 0.5 0.5
vt 0.5 0.5
vt 0.5 0.5
vt 0.5 0.5
vt 0.5 0.5
vt 0.5 0.5
vt 0.5 0.5
vt 0.5 0.5
vt 0.5 0.5
vt 0.5 0.5
vt 0.5 0.5
vt 0.5 0.5
vt 0.5 0.5
vt 0.5 0.5
vt 0.5 0.5
vt 0.5 0.5
vt 0.5 0.5
vt 0.5 0.5
vt 0.5 0.5
vt 0.5 0.5
vt 0.5 0.5
vt 0.5 0.5
vt 0.5 0.5
vt 0.5 0.5
vt 0.5 0.5
vt 0.5 0.5
vt 0.5 0.5
vt 0.5 0.5
vt 0.5 0.5
vt 0.5 0.5
vt 0.5 0.5
vt 0.5 0.5
vt 0.5 0.5
vt 0.5 0.5
vt 0.5 0.5
vt 0.5 0.5
vt 0.5 0.5
vt 0.5 0.5
vt 0.5 0.5
vt 0.5 0.5
vt 1 0.5
vt 0.9957224130630493 0.4347369074821472
vt 0.9829629063606262 0.370590478181839
vt 0.9619397521018982 0.30865827202796936
vt 0.9330127239227295 0.25
vt 0.8966766595840454 0.19561928510665894
vt 0.8535534143447876 0.1464466154575348
vt 0.8043807148933411 0.10332333296537399
vt 0.75 0.0669872984290123
vt 0.6913416981697083 0.03806023299694061
vt 0.6294095516204834 0.017037086188793182
vt 0.5652630925178528 0.004277569241821766
vt 0.5 0
vt 0.4347369074821472 0.004277569241821766
vt 0.370590478181839 0.017037086188793182
vt 0.30865827202796936 0.03806023299694061
vt 0.25 0.0669872984290123
vt 0.19561928510665894 0.10332333296537399
vt 0.1464466154575348 0.1464466154575348
vt 0.10332333296537399 0.19561928510665894
vt 0.0669872984290123 0.25
vt 0.03806023299694061 0.30865827202796936
vt 0.017037086188793182 0.370590478181839
vt 0.004277569241821766 0.4347369074821472
vt 0 0.5
vt 0.004277569241821766 0.5652630925178528
vt 0.017037086188793182 0.6294095516204834
vt 0.03806023299694061 0.6913416981697083
vt 0.0669872984290123 0.75
vt 0.10332333296537399 0.8043807148933411
vt 0.1464466154575348 0.8535534143447876
vt 0.19561928510665894 0.8966766595840454
vt 0.25 0.9330127239227295
vt 0.30865827202796936 0.9619397521018982
vt 0.370590478181839 0.9829629063606262
vt 0.4347369074821472 0.9957224130630493
vt 0.5 1
vt 0.5652630925178528 0.9957224130630493
vt 0.6294095516204834 0.9829629063606262
vt 0.6913416981697083 0.9619397521018982
vt 0.75 0.9330127239227295
vt 0.8043807148933411 0.8966766595840454
vt 0.8535534143447876 0.8535534143447876
vt 0.8966766595840454 0.8043807148933411
vt 0.9330127239227295 0.75
vt 0.9619397521018982 0.6913416981697083
vt 0.9829629063606262 0.6294095516204834
vt 0.9957224130630493 0.5652630925178528
vt 1 0.5
vn 0 0 1
vn 0.13052618200608704 0 0.9914448627185043
vn 0.2588190471264927 0 0.9659258257467466
vn 0.3826834370613369 0 0.9238795305660377
vn 0.5000000067305869 0 0.8660253998985324
vn 0.6087614397000725 0 0.7933533320874723
vn 0.7071067811865476 0 0.7071067811865476
vn 0.7933533320874723 0 0.6087614397000725
vn 0.8660253998985324 0 0.5000000067305869
vn 0.9238795305660377 0 0.3826834370613369
vn 0.9659258257467466 0 0.2588190471264927
vn 0.9914448627185043 0 0.13052618200608704
vn 1 0 6.123234262925839e-17
vn 0.9914448627185043 0 -0.13052618200608704
vn 0.9659258257467466 0 -0.2588190471264927
vn 0.9238795305660377 0 -0.3826834370613369
vn 0.8660253998985324 0 -0.5000000067305869
vn 0.7933533320874723 0 -0.6087614397000725
vn 0.7071067811865476 0 -0.7071067811865476
vn 0.6087614397000725 0 -0.7933533320874723
vn 0.5000000067305869 0 -0.8660253998985324
vn 0.3826834370613369 0 -0.9238795305660377
vn 0.2588190471264927 0 -0.9659258257467466
vn 0.13052618200608704 0 -0.9914448627185043
vn 1.2246468525851679e-16 0 -1
vn -0.13052618200608704 0 -0.9914448627185043
vn -0.2588190471264927 0 -0.9659258257467466
vn -0.3826834370613369 0 -0.9238795305660377
vn -0.5000000067305869 0 -0.8660253998985324
vn -0.6087614397000725 0 -0.7933533320874723
vn -0.7071067811865476 0 -0.7071067811865476
vn -0.7933533320874723 0 -0.6087614397000725
vn -0.8660253998985324 0 -0.5000000067305869
vn -0.9238795305660377 0 -0.3826834370613369
vn -0.9659258257467466 0 -0.2588190471264927
vn -0.9914448627185043 0 -0.13052618200608704
vn -1 0 -1.8369701465288538e-16
vn -0.9914448627185043 0 0.13052618200608704
vn -0.9659258257467466 0 0.2588190471264927
vn -0.9238795305660377 0 0.3826834370613369
vn -0.8660253998985324 0 0.5000000067305869
vn -0.7933533320874723 0 0.6087614397000725
vn -0.7071067811865476 0 0.7071067811865476
vn -0.6087614397000725 0 0.7933533320874723
vn -0.5000000067305869 0 0.8660253998985324
vn -0.3826834370613369 0 0.9238795305660377
vn -0.2588190471264927 0 0.9659258257467466
vn -0.13052618200608704 0 0.9914448627185043
vn -2.4492937051703357e-16 0 1
vn 0 0 1
vn 0.13052618200608704 0 0.9914448627185043
vn 0.2588190471264927 0 0.9659258257467466
vn 0.3826834370613369 0 0.9238795305660377
vn 0.5000000067305869 0 0.8660253998985324
vn 0.6087614397000725 0 0.7933533320874723
vn 0.7071067811865476 0 0.7071067811865476
vn 0.7933533320874723 0 0.6087614397000725
vn 0.8660253998985324 0 0.5000000067305869
vn 0.9238795305660377 0 0.3826834370613369
vn 0.9659258257467466 0 0.2588190471264927
vn 0.9914448627185043 0 0.13052618200608704
vn 1 0 6.123234262925839e-17
vn 0.9914448627185043 0 -0.13052618200608704
vn 0.9659258257467466 0 -0.2588190471264927
vn 0.9238795305660377 0 -0.3826834370613369
vn 0.8660253998985324 0 -0.5000000067305869
vn 0.7933533320874723 0 -0.6087614397000725
vn 0.7071067811865476 0 -0.7071067811865476
vn 0.6087614397000725 0 -0.7933533320874723
vn 0.5000000067305869 0 -0.8660253998985324
vn 0.3826834370613369 0 -0.9238795305660377
vn 0.2588190471264927 0 -0.9659258257467466
vn 0.13052618200608704 0 -0.9914448627185043
vn 1.2246468525851679e-16 0 -1
vn -0.13052618200608704 0 -0.9914448627185043
vn -0.2588190471264927 0 -0.9659258257467466
vn -0.3826834370613369 0 -0.9238795305660377
vn -0.5000000067305869 0 -0.8660253998985324
vn -0.6087614397000725 0 -0.7933533320874723
vn -0.7071067811865476 0 -0.7071067811865476
vn -0.7933533320874723 0 -0.6087614397000725
vn -0.8660253998985324 0 -0.5000000067305869
vn -0.9238795305660377 0 -0.3826834370613369
vn -0.9659258257467466 0 -0.2588190471264927
vn -0.9914448627185043 0 -0.13052618200608704
vn -1 0 -1.8369701465288538e-16
vn -0.9914448627185043 0 0.13052618200608704
vn -0.9659258257467466 0 0.2588190471264927
vn -0.9238795305660377 0 0.3826834370613369
vn -0.8660253998985324 0 0.5000000067305869
vn -0.7933533320874723 0 0.6087614397000725
vn -0.7071067811865476 0 0.7071067811865476
vn -0.6087614397000725 0 0.7933533320874723
vn -0.5000000067305869 0 0.8660253998985324
vn -0.3826834370613369 0 0.9238795305660377
vn -0.2588190471264927 0 0.9659258257467466
vn -0.13052618200608704 0 0.9914448627185043
vn -2.4492937051703357e-16 0 1
vn 0 1 0
vn 0 1 0
vn 0 1 0
vn 0 1 0
vn 0 1 0
vn 0 1 0
vn 0 1 0
vn 0 1 0
vn 0 1 0
vn 0 1 0
vn 0 1 0
vn 0 1 0
vn 0 1 0
vn 0 1 0
vn 0 1 0
vn 0 1 0
vn 0 1 0
vn 0 1 0
vn 0 1 0
vn 0 1 0
vn 0 1 0
vn 0 1 0
vn 0 1 0
vn 0 1 0
vn 0 1 0
vn 0 1 0
vn 0 1 0
vn 0 1 0
vn 0 1 0
vn 0 1 0
vn 0 1 0
vn 0 1 0
vn 0 1 0
vn 0 1 0
vn 0 1 0
vn 0 1 0
vn 0 1 0
vn 0 1 0
vn 0 1 0
vn 0 1 0
vn 0 1 0
vn 0 1 0
vn 0 1 0
vn 0 1 0
vn 0 1 0
vn 0 1 0
vn 0 1 0
vn 0 1 0
vn 0 1 0
vn 0 1 0
vn 0 1 0
vn 0 1 0
vn 0 1 0
vn 0 1 0
vn 0 1 0
vn 0 1 0
vn 0 1 0
vn 0 1 0
vn 0 1 0
vn 0 1 0
vn 0 1 0
vn 0 1 0
vn 0 1 0
vn 0 1 0
vn 0 1 0
vn 0 1 0
vn 0 1 0
vn 0 1 0
vn 0 1 0
vn 0 1 0
vn 0 1 0
vn 0 1 0
vn 0 1 0
vn 0 1 0
vn 0 1 0
vn 0 1 0
vn 0 1 0
vn 0 1 0
vn 0 1 0
vn 0 1 0
vn 0 1 0
vn 0 1 0
vn 0 1 0
vn 0 1 0
vn 0 1 0
vn 0 1 0
vn 0 1 0
vn 0 1 0
vn 0 1 0
vn 0 1 0
vn 0 1 0
vn 0 1 0
vn 0 1 0
vn 0 1 0
vn 0 1 0
vn 0 1 0
vn 0 1 0
vn 0 -1 0
vn 0 -1 0
vn 0 -1 0
vn 0 -1 0
vn 0 -1 0
vn 0 -1 0
vn 0 -1 0
vn 0 -1 0
vn 0 -1 0
vn 0 -1 0
vn 0 -1 0
vn 0 -1 0
vn 0 -1 0
vn 0 -1 0
vn 0 -1 0
vn 0 -1 0
vn 0 -1 0
vn 0 -1 0
vn 0 -1 0
vn 0 -1 0
vn 0 -1 0
vn 0 -1 0
vn 0 -1 0
vn 0 -1 0
vn 0 -1 0
vn 0 -1 0
vn 0 -1 0
vn 0 -1 0
vn 0 -1 0
vn 0 -1 0
vn 0 -1 0
vn 0 -1 0
vn 0 -1 0
vn 0 -1 0
vn 0 -1 0
vn 0 -1 0
vn 0 -1 0
vn 0 -1 0
vn 0 -1 0
vn 0 -1 0
vn 0 -1 0
vn 0 -1 0
vn 0 -1 0
vn 0 -1 0
vn 0 -1 0
vn 0 -1 0
vn 0 -1 0
vn 0 -1 0
vn 0 -1 0
vn 0 -1 0
vn 0 -1 0
vn 0 -1 0
vn 0 -1 0
vn 0 -1 0
vn 0 -1 0
vn 0 -1 0
vn 0 -1 0
vn 0 -1 0
vn 0 -1 0
vn 0 -1 0
vn 0 -1 0
vn 0 -1 0
vn 0 -1 0
vn 0 -1 0
vn 0 -1 0
vn 0 -1 0
vn 0 -1 0
vn 0 -1 0
vn 0 -1 0
vn 0 -1 0
vn 0 -1 0
vn 0 -1 0
vn 0 -1 0
vn 0 -1 0
vn 0 -1 0
vn 0 -1 0
vn 0 -1 0
vn 0 -1 0
vn 0 -1 0
vn 0 -1 0
vn 0 -1 0
vn 0 -1 0
vn 0 -1 0
vn 0 -1 0
vn 0 -1 0
vn 0 -1 0
vn 0 -1 0
vn 0 -1 0
vn 0 -1 0
vn 0 -1 0
vn 0 -1 0
vn 0 -1 0
vn 0 -1 0
vn 0 -1 0
vn 0 -1 0
vn 0 -1 0
vn 0 -1 0
f 2631/2631/2631 2680/2680/2680 2632/2632/2632
f 2680/2680/2680 2681/2681/2681 2632/2632/2632
f 2632/2632/2632 2681/2681/2681 2633/2633/2633
f 2681/2681/2681 2682/2682/2682 2633/2633/2633
f 2633/2633/2633 2682/2682/2682 2634/2634/2634
f 2682/2682/2682 2683/2683/2683 2634/2634/2634
f 2634/2634/2634 2683/2683/2683 2635/2635/2635
f 2683/2683/2683 2684/2684/2684 2635/2635/2635
f 2635/2635/2635 2684/2684/2684 2636/2636/2636
f 2684/2684/2684 2685/2685/2685 2636/2636/2636
f 2636/2636/2636 2685/2685/2685 2637/2637/2637
f 2685/2685/2685 2686/2686/2686 2637/2637/2637
f 2637/2637/2637 2686/2686/2686 2638/2638/2638
f 2686/2686/2686 2687/2687/2687 2638/2638/2638
f 2638/2638/2638 2687/2687/2687 2639/2639/2639
f 2687/2687/2687 2688/2688/2688 2639/2639/2639
f 2639/2639/2639 2688/2688/2688 2640/2640/2640
f 2688/2688/2688 2689/2689/2689 2640/2640/2640
f 2640/2640/2640 2689/2689/2689 2641/2641/2641
f 2689/2689/2689 2690/2690/2690 2641/2641/2641
f 2641/2641/2641 2690/2690/2690 2642/2642/2642
f 2690/2690/2690 2691/2691/2691 2642/2642/2642
f 2642/2642/2642 2691/2691/2691 2643/2643/2643
f 2691/2691/2691 2692/2692/2692 2643/2643/2643
f 2643/2643/2643 2692/2692/2692 2644/2644/2644
f 2692/2692/2692 2693/2693/2693 2644/2644/2644
f 2644/2644/2644 2693/2693/2693 2645/2645/2645
f 2693/2693/2693 2694/2694/2694 2645/2645/2645
f 2645/2645/2645 2694/2694/2694 2646/2646/2646
f 2694/2694/2694 2695/2695/2695 2646/2646/2646
f 2646/2646/2646 2695/2695/2695 2647/2647/2647
f 2695/2695/2695 2696/2696/2696 2647/2647/2647
f 2647/2647/2647 2696/2696/2696 2648/2648/2648
f 2696/2696/2696 2697/2697/2697 2648/2648/2648
f 2648/2648/2648 2697/2697/2697 2649/2649/2649
f 2697/2697/2697 2698/2698/2698 2649/2649/2649
f 2649/2649/2649 2698/2698/2698 2650/2650/2650
f 2698/2698/2698 2699/2699/2699 2650/2650/2650
f 2650/2650/2650 2699/2699/2699 2651/2651/2651
f 2699/2699/2699 2700/2700/2700 2651/2651/2651
f 2651/2651/2651 2700/2700/2700 2652/2652/2652
f 2700/2700/2700 2701/2701/2701 2652/2652/2652
f 2652/2652/2652 2701/2701/2701 2653/2653/2653
f 2701/2701/2701 2702/2702/2702 2653/2653/2653
f 2653/2653/2653 2702/2702/2702 2654/2654/2654
f 2702/2702/2702 2703/2703/2703 2654/2654/2654
f 2654/2654/2654 2703/2703/2703 2655/2655/2655
f 2703/2703/2703 2704/2704/2704 2655/2655/2655
f 2655/2655/2655 2704/2704/2704 2656/2656/2656
f 2704/2704/2704 2705/2705/2705 2656/2656/2656
f 2656/2656/2656 2705/2705/2705 2657/2657/2657
f 2705/2705/2705 2706/2706/2706 2657/2657/2657
f 2657/2657/2657 2706/2706/2706 2658/2658/2658
f 2706/2706/2706 2707/2707/2707 2658/2658/2658
f 2658/2658/2658 2707/2707/2707 2659/2659/2659
f 2707/2707/2707 2708/2708/2708 2659/2659/2659
f 2659/2659/2659 2708/2708/2708 2660/2660/2660
f 2708/2708/2708 2709/2709/2709 2660/2660/2660
f 2660/2660/2660 2709/2709/2709 2661/2661/2661
f 2709/2709/2709 2710/2710/2710 2661/2661/2661
f 2661/2661/2661 2710/2710/2710 2662/2662/2662
f 2710/2710/2710 2711/2711/2711 2662/2662/2662
f 2662/2662/2662 2711/2711/2711 2663/2663/2663
f 2711/2711/2711 2712/2712/2712 2663/2663/2663
f 2663/2663/2663 2712/2712/2712 2664/2664/2664
f 2712/2712/2712 2713/2713/2713 2664/2664/2664
f 2664/2664/2664 2713/2713/2713 2665/2665/2665
f 2713/2713/2713 2714/2714/2714 2665/2665/2665
f 2665/2665/2665 2714/2714/2714 2666/2666/2666
f 2714/2714/2714 2715/2715/2715 2666/2666/2666
f 2666/2666/2666 2715/2715/2715 2667/2667/2667
f 2715/2715/2715 2716/2716/2716 2667/2667/2667
f 2667/2667/2667 2716/2716/2716 2668/2668/2668
f 2716/2716/2716 2717/2717/2717 2668/2668/2668
f 2668/2668/2668 2717/2717/2717 2669/2669/2669
f 2717/2717/2717 2718/2718/2718 2669/2669/2669
f 2669/2669/2669 2718/2718/2718 2670/2670/2670
f 2718/2718/2718 2719/2719/2719 2670/2670/2670
f 2670/2670/2670 2719/2719/2719 2671/2671/2671
f 2719/2719/2719 2720/2720/2720 2671/2671/2671
f 2671/2671/2671 2720/2720/2720 2672/2672/2672
f 2720/2720/2720 2721/2721/2721 2672/2672/2672
f 2672/2672/2672 2721/2721/2721 2673/2673/2673
f 2721/2721/2721 2722/2722/2722 2673/2673/2673
f 2673/2673/2673 2722/2722/2722 2674/2674/2674
f 2722/2722/2722 2723/2723/2723 2674/2674/2674
f 2674/2674/2674 2723/2723/2723 2675/2675/2675
f 2723/2723/2723 2724/2724/2724 2675/2675/2675
f 2675/2675/2675 2724/2724/2724 2676/2676/2676
f 2724/2724/2724 2725/2725/2725 2676/2676/2676
f 2676/2676/2676 2725/2725/2725 2677/2677/2677
f 2725/2725/2725 2726/2726/2726 2677/2677/2677
f 2677/2677/2677 2726/2726/2726 2678/2678/2678
f 2726/2726/2726 2727/2727/2727 2678/2678/2678
f 2678/2678/2678 2727/2727/2727 2679/2679/2679
f 2727/2727/2727 2728/2728/2728 2679/2679/2679
f 2777/2777/2777 2778/2778/2778 2729/2729/2729
f 2778/2778/2778 2779/2779/2779 2730/2730/2730
f 2779/2779/2779 2780/2780/2780 2731/2731/2731
f 2780/2780/2780 2781/2781/2781 2732/2732/2732
f 2781/2781/2781 2782/2782/2782 2733/2733/2733
f 2782/2782/2782 2783/2783/2783 2734/2734/2734
f 2783/2783/2783 2784/2784/2784 2735/2735/2735
f 2784/2784/2784 2785/2785/2785 2736/2736/2736
f 2785/2785/2785 2786/2786/2786 2737/2737/2737
f 2786/2786/2786 2787/2787/2787 2738/2738/2738
f 2787/2787/2787 2788/2788/2788 2739/2739/2739
f 2788/2788/2788 2789/2789/2789 2740/2740/2740
f 2789/2789/2789 2790/2790/2790 2741/2741/2741
f 2790/2790/2790 2791/2791/2791 2742/2742/2742
f 2791/2791/2791 2792/2792/2792 2743/2743/2743
f 2792/2792/2792 2793/2793/2793 2744/2744/2744
f 2793/2793/2793 2794/2794/2794 2745/2745/2745
f 2794/2794/2794 2795/2795/2795 2746/2746/2746
f 2795/2795/2795 2796/2796/2796 2747/2747/2747
f 2796/2796/2796 2797/2797/2797 2748/2748/2748
f 2797/2797/2797 2798/2798/2798 2749/2749/2749
f 2798/2798/2798 2799/2799/2799 2750/2750/2750
f 2799/2799/2799 2800/2800/2800 2751/2751/2751
f 2800/2800/2800 2801/2801/2801 2752/2752/2752
f 2801/2801/2801 2802/2802/2802 2753/2753/2753
f 2802/2802/2802 2803/2803/2803 2754/2754/2754
f 2803/2803/2803 2804/2804/2804 2755/2755/2755
f 2804/2804/2804 2805/2805/2805 2756/2756/2756
f 2805/2805/2805 2806/2806/2806 2757/2757/2757
f 2806/2806/2806 2807/2807/2807 2758/2758/2758
f 2807/2807/2807 2808/2808/2808 2759/2759/2759
f 2808/2808/2808 2809/2809/2809 2760/2760/2760
f 2809/2809/2809 2810/2810/2810 2761/2761/2761
f 2810/2810/2810 2811/2811/2811 2762/2762/2762
f 2811/2811/2811 2812/2812/2812 2763/2763/2763
f 2812/2812/2812 2813/2813/2813 2764/2764/2764
f 2813/2813/2813 2814/2814/2814 2765/2765/2765
f 2814/2814/2814 2815/2815/2815 2766/2766/2766
f 2815/2815/2815 2816/2816/2816 2767/2767/2767
f 2816/2816/2816 2817/2817/2817 2768/2768/2768
f 2817/2817/2817 2818/2818/2818 2769/2769/2769
f 2818/2818/2818 2819/2819/2819 2770/2770/2770
f 2819/2819/2819 2820/2820/2820 2771/2771/2771
f 2820/2820/2820 2821/2821/2821 2772/2772/2772
f 2821/2821/2821 2822/2822/2822 2773/2773/2773
f 2822/2822/2822 2823/2823/2823 2774/2774/2774
f 2823/2823/2823 2824/2824/2824 2775/2775/2775
f 2824/2824/2824 2825/2825/2825 2776/2776/2776
f 2875/2875/2875 2874/2874/2874 2826/2826/2826
f 2876/2876/2876 2875/2875/2875 2827/2827/2827
f 2877/2877/2877 2876/2876/2876 2828/2828/2828
f 2878/2878/2878 2877/2877/2877 2829/2829/2829
f 2879/2879/2879 2878/2878/2878 2830/2830/2830
f 2880/2880/2880 2879/2879/2879 2831/2831/2831
f 2881/2881/2881 2880/2880/2880 2832/2832/2832
f 2882/2882/2882 2881/2881/2881 2833/2833/2833
f 2883/2883/2883 2882/2882/2882 2834/2834/2834
f 2884/2884/2884 2883/2883/2883 2835/2835/2835
f 2885/2885/2885 2884/2884/2884 2836/2836/2836
f 2886/2886/2886 2885/2885/2885 2837/2837/2837
f 2887/2887/2887 2886/2886/2886 2838/2838/2838
f 2888/2888/2888 2887/2887/2887 2839/2839/2839
f 2889/2889/2889 2888/2888/2888 2840/2840/2840
f 2890/2890/2890 2889/2889/2889 2841/2841/2841
f 2891/2891/2891 2890/2890/2890 2842/2842/2842
f 2892/2892/2892 2891/2891/2891 2843/2843/2843
f 2893/2893/2893 2892/2892/2892 2844/2844/2844
f 2894/2894/2894 2893/2893/2893 2845/2845/2845
f 2895/2895/2895 2894/2894/2894 2846/2846/2846
f 2896/2896/2896 2895/2895/2895 2847/2847/2847
f 2897/2897/2897 2896/2896/2896 2848/2848/2848
f 2898/2898/2898 2897/2897/2897 2849/2849/2849
f 2899/2899/2899 2898/2898/2898 2850/2850/2850
f 2900/2900/2900 2899/2899/2899 2851/2851/2851
f 2901/2901/2901 2900/2900/2900 2852/2852/2852
f 2902/2902/2902 2901/2901/2901 2853/2853/2853
f 2903/2903/2903 2902/2902/2902 2854/2854/2854
f 2904/2904/2904 2903/2903/2903 2855/2855/2855
f 2905/2905/2905 2904/2904/2904 2856/2856/2856
f 2906/2906/2906 2905/2905/2905 2857/2857/2857
f 2907/2907/2907 2906/2906/2906 2858/2858/2858
f 2908/2908/2908 2907/2907/2907 2859/2859/2859
f 2909/2909/2909 2908/2908/2908 2860/2860/2860
f 2910/2910/2910 2909/2909/2909 2861/2861/2861
f 2911/2911/2911 2910/2910/2910 2862/2862/2862
f 2912/2912/2912 2911/2911/2911 2863/2863/2863
f 2913/2913/2913 2912/2912/2912 2864/2864/2864
f 2914/2914/2914 2913/2913/2913 2865/2865/2865
f 2915/2915/2915 2914/2914/2914 2866/2866/2866
f 2916/2916/2916 2915/2915/2915 2867/2867/2867
f 2917/2917/2917 2916/2916/2916 2868/2868/2868
f 2918/2918/2918 2917/2917/2917 2869/2869/2869
f 2919/2919/2919 2918/2918/2918 2870/2870/2870
f 2920/2920/2920 2919/2919/2919 2871/2871/2871
f 2921/2921/2921 2920/2920/2920 2872/2872/2872
f 2922/2922/2922 2921/2921/2921 2873/2873/2873
o grid_fin_1
usemtl titanium_fin
v 2.531442241665956 46.75 2.418305159204919
v 1.0465180686091637 46.75 0.9333809861481269
v 2.531442241665956 45.25 2.418305159204919
v 1.0465180686091637 45.25 0.9333809861481269
v 0.933380986148127 46.75 1.0465180686091635
v 2.4183051592049196 46.75 2.531442241665956
v 0.933380986148127 45.25 1.0465180686091635
v 2.4183051592049196 45.25 2.531442241665956
v 0.933380986148127 46.75 1.0465180686091635
v 1.0465180686091637 46.75 0.9333809861481269
v 2.4183051592049196 46.75 2.531442241665956
v 2.531442241665956 46.75 2.418305159204919
v 2.4183051592049196 45.25 2.531442241665956
v 2.531442241665956 45.25 2.418305159204919
v 0.933380986148127 45.25 1.0465180686091635
v 1.0465180686091637 45.25 0.9333809861481269
v 2.4183051592049196 46.75 2.531442241665956
v 2.531442241665956 46.75 2.418305159204919
v 2.4183051592049196 45.25 2.531442241665956
v 2.531442241665956 45.25 2.418305159204919
v 1.0465180686091637 46.75 0.9333809861481269
v 0.933380986148127 46.75 1.0465180686091635
v 1.0465180686091637 45.25 0.9333809861481269
v 0.933380986148127 45.25 1.0465180686091635
vt 0 1
vt 1 1
vt 0 0
vt 1 0
vt 0 1
vt 1 1
vt 0 0
vt 1 0
vt 0 1
vt 1 1
vt 0 0
vt 1 0
vt 0 1
vt 1 1
vt 0 0
vt 1 0
vt 0 1
vt 1 1
vt 0 0
vt 1 0
vt 0 1
vt 1 1
vt 0 0
vt 1 0
vn 0.7071067811865475 0 -0.7071067811865476
vn 0.7071067811865475 0 -0.7071067811865476
vn 0.7071067811865475 0 -0.7071067811865476
vn 0.7071067811865475 0 -0.7071067811865476
vn -0.7071067811865475 0 0.7071067811865476
vn -0.7071067811865475 0 0.7071067811865476
vn -0.7071067811865475 0 0.7071067811865476
vn -0.7071067811865475 0 0.7071067811865476
vn 0 1 0
vn 0 1 0
vn 0 1 0
vn 0 1 0
vn 0 -1 0
vn 0 -1 0
vn 0 -1 0
vn 0 -1 0
vn 0.7071067811865476 0 0.7071067811865475
vn 0.7071067811865476 0 0.7071067811865475
vn 0.7071067811865476 0 0.7071067811865475
vn 0.7071067811865476 0 0.7071067811865475
vn -0.7071067811865476 0 -0.7071067811865475
vn -0.7071067811865476 0 -0.7071067811865475
vn -0.7071067811865476 0 -0.7071067811865475
vn -0.7071067811865476 0 -0.7071067811865475
f 2923/2923/2923 2925/2925/2925 2924/2924/2924
f 2925/2925/2925 2926/2926/2926 2924/2924/2924
f 2927/2927/2927 2929/2929/2929 2928/2928/2928
f 2929/2929/2929 2930/2930/2930 2928/2928/2928
f 2931/2931/2931 2933/2933/2933 2932/2932/2932
f 2933/2933/2933 2934/2934/2934 2932/2932/2932
f 2935/2935/2935 2937/2937/2937 2936/2936/2936
f 2937/2937/2937 2938/2938/2938 2936/2936/2936
f 2939/2939/2939 2941/2941/2941 2940/2940/2940
f 2941/2941/2941 2942/2942/2942 2940/2940/2940
f 2943/2943/2943 2945/2945/2945 2944/2944/2944
f 2945/2945/2945 2946/2946/2946 2944/2944/2944
o grid_fin_2
usemtl titanium_fin
v -2.418305159204919 46.75 2.531442241665956
v -0.9333809861481268 46.75 1.046518068609164
v -2.418305159204919 45.25 2.531442241665956
v -0.9333809861481268 45.25 1.046518068609164
v -1.0465180686091635 46.75 0.9333809861481271
v -2.531442241665956 46.75 2.418305159204919
v -1.0465180686091635 45.25 0.9333809861481271
v -2.531442241665956 45.25 2.418305159204919
v -1.0465180686091635 46.75 0.9333809861481271
v -0.9333809861481268 46.75 1.046518068609164
v -2.531442241665956 46.75 2.418305159204919
v -2.418305159204919 46.75 2.531442241665956
v -2.531442241665956 45.25 2.418305159204919
v -2.418305159204919 45.25 2.531442241665956
v -1.0465180686091635 45.25 0.9333809861481271
v -0.9333809861481268 45.25 1.046518068609164
v -2.531442241665956 46.75 2.418305159204919
v -2.418305159204919 46.75 2.531442241665956
v -2.531442241665956 45.25 2.418305159204919
v -2.418305159204919 45.25 2.531442241665956
v -0.9333809861481268 46.75 1.046518068609164
v -1.0465180686091635 46.75 0.9333809861481271
v -0.9333809861481268 45.25 1.046518068609164
v -1.0465180686091635 45.25 0.9333809861481271
vt 0 1
vt 1 1
vt 0 0
vt 1 0
vt 0 1
vt 1 1
vt 0 0
vt 1 0
vt 0 1
vt 1 1
vt 0 0
vt 1 0
vt 0 1
vt 1 1
vt 0 0
vt 1 0
vt 0 1
vt 1 1
vt 0 0
vt 1 0
vt 0 1
vt 1 1
vt 0 0
vt 1 0
vn 0.7071067811865475 0 0.7071067811865476
vn 0.7071067811865475 0 0.7071067811865476
vn 0.7071067811865475 0 0.7071067811865476
vn 0.7071067811865475 0 0.7071067811865476
vn -0.7071067811865475 0 -0.7071067811865476
vn -0.7071067811865475 0 -0.7071067811865476
vn -0.7071067811865475 0 -0.7071067811865476
vn -0.7071067811865475 0 -0.7071067811865476
vn 0 1 0
vn 0 1 0
vn 0 1 0
vn 0 1 0
vn 0 -1 0
vn 0 -1 0
vn 0 -1 0
vn 0 -1 0
vn -0.7071067811865476 0 0.7071067811865475
vn -0.7071067811865476 0 0.7071067811865475
vn -0.7071067811865476 0 0.7071067811865475
vn -0.7071067811865476 0 0.7071067811865475
vn 0.7071067811865476 0 -0.7071067811865475
vn 0.7071067811865476 0 -0.7071067811865475
vn 0.7071067811865476 0 -0.7071067811865475
vn 0.7071067811865476 0 -0.7071067811865475
f 2947/2947/2947 2949/2949/2949 2948/2948/2948
f 2949/2949/2949 2950/2950/2950 2948/2948/2948
f 2951/2951/2951 2953/2953/2953 2952/2952/2952
f 2953/2953/2953 2954/2954/2954 2952/2952/2952
f 2955/2955/2955 2957/2957/2957 2956/2956/2956
f 2957/2957/2957 2958/2958/2958 2956/2956/2956
f 2959/2959/2959 2961/2961/2961 2960/2960/2960
f 2961/2961/2961 2962/2962/2962 2960/2960/2960
f 2963/2963/2963 2965/2965/2965 2964/2964/2964
f 2965/2965/2965 2966/2966/2966 2964/2964/2964
f 2967/2967/2967 2969/2969/2969 2968/2968/2968
f 2969/2969/2969 2970/2970/2970 2968/2968/2968
o grid_fin_3
usemtl titanium_fin
v -2.5314422416659568 46.75 -2.418305159204919
v -1.046518068609164 46.75 -0.9333809861481269
v -2.5314422416659568 45.25 -2.418305159204919
v -1.046518068609164 45.25 -0.9333809861481269
v -0.9333809861481274 46.75 -1.0465180686091635
v -2.41830515920492 46.75 -2.531442241665956
v -0.9333809861481274 45.25 -1.0465180686091635
v -2.41830515920492 45.25 -2.531442241665956
v -0.9333809861481274 46.75 -1.0465180686091635
v -1.046518068609164 46.75 -0.9333809861481269
v -2.41830515920492 46.75 -2.531442241665956
v -2.5314422416659568 46.75 -2.418305159204919
v -2.41830515920492 45.25 -2.531442241665956
v -2.5314422416659568 45.25 -2.418305159204919
v -0.9333809861481274 45.25 -1.0465180686091635
v -1.046518068609164 45.25 -0.9333809861481269
v -2.41830515920492 46.75 -2.531442241665956
v -2.5314422416659568 46.75 -2.418305159204919
v -2.41830515920492 45.25 -2.531442241665956
v -2.5314422416659568 45.25 -2.418305159204919
v -1.046518068609164 46.75 -0.9333809861481269
v -0.9333809861481274 46.75 -1.0465180686091635
v -1.046518068609164 45.25 -0.9333809861481269
v -0.9333809861481274 45.25 -1.0465180686091635
vt 0 1
vt 1 1
vt 0 0
vt 1 0
vt 0 1
vt 1 1
vt 0 0
vt 1 0
vt 0 1
vt 1 1
vt 0 0
vt 1 0
vt 0 1
vt 1 1
vt 0 0
vt 1 0
vt 0 1
vt 1 1
vt 0 0
vt 1 0
vt 0 1
vt 1 1
vt 0 0
vt 1 0
vn -0.7071067811865475 0 0.7071067811865477
vn -0.7071067811865475 0 0.7071067811865477
vn -0.7071067811865475 0 0.7071067811865477
vn -0.7071067811865475 0 0.7071067811865477
vn 0.7071067811865475 0 -0.7071067811865477
vn 0.7071067811865475 0 -0.7071067811865477
vn 0.7071067811865475 0 -0.7071067811865477
vn 0.7071067811865475 0 -0.7071067811865477
vn 0 1 0
vn 0 1 0
vn 0 1 0
vn 0 1 0
vn 0 -1 0
vn 0 -1 0
vn 0 -1 0
vn 0 -1 0
vn -0.7071067811865477 0 -0.7071067811865475
vn -0.7071067811865477 0 -0.7071067811865475
vn -0.7071067811865477 0 -0.7071067811865475
vn -0.7071067811865477 0 -0.7071067811865475
vn 0.7071067811865477 0 0.7071067811865475
vn 0.7071067811865477 0 0.7071067811865475
vn 0.7071067811865477 0 0.7071067811865475
vn 0.7071067811865477 0 0.7071067811865475
f 2971/2971/2971 2973/2973/2973 2972/2972/2972
f 2973/2973/2973 2974/2974/2974 2972/2972/2972
f 2975/2975/2975 2977/2977/2977 2976/2976/2976
f 2977/2977/2977 2978/2978/2978 2976/2976/2976
f 2979/2979/2979 2981/2981/2981 2980/2980/2980
f 2981/2981/2981 2982/2982/2982 2980/2980/2980
f 2983/2983/2983 2985/2985/2985 2984/2984/2984
f 2985/2985/2985 2986/2986/2986 2984/2984/2984
f 2987/2987/2987 2989/2989/2989 2988/2988/2988
f 2989/2989/2989 2990/2990/2990 2988/2988/2988
f 2991/2991/2991 2993/2993/2993 2992/2992/2992
f 2993/2993/2993 2994/2994/2994 2992/2992/2992
o grid_fin_4
usemtl titanium_fin
v 2.4183051592049187 46.75 -2.5314422416659563
v 0.9333809861481267 46.75 -1.0465180686091644
v 2.4183051592049187 45.25 -2.5314422416659563
v 0.9333809861481267 45.25 -1.0465180686091644
v 1.0465180686091635 46.75 -0.9333809861481276
v 2.5314422416659554 46.75 -2.4183051592049196
v 1.0465180686091635 45.25 -0.9333809861481276
v 2.5314422416659554 45.25 -2.4183051592049196
v 1.0465180686091635 46.75 -0.9333809861481276
v 0.9333809861481267 46.75 -1.0465180686091644
v 2.5314422416659554 46.75 -2.4183051592049196
v 2.4183051592049187 46.75 -2.5314422416659563
v 2.5314422416659554 45.25 -2.4183051592049196
v 2.4183051592049187 45.25 -2.5314422416659563
v 1.0465180686091635 45.25 -0.9333809861481276
v 0.9333809861481267 45.25 -1.0465180686091644
v 2.5314422416659554 46.75 -2.4183051592049196
v 2.4183051592049187 46.75 -2.5314422416659563
v 2.5314422416659554 45.25 -2.4183051592049196
v 2.4183051592049187 45.25 -2.5314422416659563
v 0.9333809861481267 46.75 -1.0465180686091644
v 1.0465180686091635 46.75 -0.9333809861481276
v 0.9333809861481267 45.25 -1.0465180686091644
v 1.0465180686091635 45.25 -0.9333809861481276
vt 0 1
vt 1 1
vt 0 0
vt 1 0
vt 0 1
vt 1 1
vt 0 0
vt 1 0
vt 0 1
vt 1 1
vt 0 0
vt 1 0
vt 0 1
vt 1 1
vt 0 0
vt 1 0
vt 0 1
vt 1 1
vt 0 0
vt 1 0
vt 0 1
vt 1 1
vt 0 0
vt 1 0
vn -0.7071067811865476 0 -0.7071067811865476
vn -0.7071067811865476 0 -0.7071067811865476
vn -0.7071067811865476 0 -0.7071067811865476
vn -0.7071067811865476 0 -0.7071067811865476
vn 0.7071067811865476 0 0.7071067811865476
vn 0.7071067811865476 0 0.7071067811865476
vn 0.7071067811865476 0 0.7071067811865476
vn 0.7071067811865476 0 0.7071067811865476
vn 0 1 0
vn 0 1 0
vn 0 1 0
vn 0 1 0
vn 0 -1 0
vn 0 -1 0
vn 0 -1 0
vn 0 -1 0
vn 0.7071067811865476 0 -0.7071067811865476
vn 0.7071067811865476 0 -0.7071067811865476
vn 0.7071067811865476 0 -0.7071067811865476
vn 0.7071067811865476 0 -0.7071067811865476
vn -0.7071067811865476 0 0.7071067811865476
vn -0.7071067811865476 0 0.7071067811865476
vn -0.7071067811865476 0 0.7071067811865476
vn -0.7071067811865476 0 0.7071067811865476
f 2995/2995/2995 2997/2997/2997 2996/2996/2996
f 2997/2997/2997 2998/2998/2998 2996/2996/2996
f 2999/2999/2999 3001/3001/3001 3000/3000/3000
f 3001/3001/3001 3002/3002/3002 3000/3000/3000
f 3003/3003/3003 3005/3005/3005 3004/3004/3004
f 3005/3005/3005 3006/3006/3006 3004/3004/3004
f 3007/3007/3007 3009/3009/3009 3008/3008/3008
f 3009/3009/3009 3010/3010/3010 3008/3008/3008
f 3011/3011/3011 3013/3013/3013 3012/3012/3012
f 3013/3013/3013 3014/3014/3014 3012/3012/3012
f 3015/3015/3015 3017/3017/3017 3016/3016/3016
f 3017/3017/3017 3018/3018/3018 3016/3016/3016
o stage2_tanks
usemtl hull_white
v 0 60.99999980926514 1.850000023841858
v 0.24147345125675201 60.99999980926514 1.8341729640960693
v 0.4788152277469635 60.99999980926514 1.7869627475738525
v 0.7079643607139587 60.99999980926514 1.7091771364212036
v 0.925000011920929 60.99999980926514 1.6021469831466675
v 1.1262086629867554 60.99999980926514 1.4677037000656128
v 1.3081475496292114 60.99999980926514 1.3081475496292114
v 1.4677037000656128 60.99999980926514 1.1262086629867554
v 1.6021469831466675 60.99999980926514 0.925000011920929
v 1.7091771364212036 60.99999980926514 0.7079643607139587
v 1.7869627475738525 60.99999980926514 0.4788152277469635
v 1.8341729640960693 60.99999980926514 0.24147345125675201
v 1.850000023841858 60.99999980926514 1.1327983055540558e-16
v 1.8341729640960693 60.99999980926514 -0.24147345125675201
v 1.7869627475738525 60.99999980926514 -0.4788152277469635
v 1.7091771364212036 60.99999980926514 -0.7079643607139587
v 1.6021469831466675 60.99999980926514 -0.925000011920929
v 1.4677037000656128 60.99999980926514 -1.1262086629867554
v 1.3081475496292114 60.99999980926514 -1.3081475496292114
v 1.1262086629867554 60.99999980926514 -1.4677037000656128
v 0.925000011920929 60.99999980926514 -1.6021469831466675
v 0.7079643607139587 60.99999980926514 -1.7091771364212036
v 0.4788152277469635 60.99999980926514 -1.7869627475738525
v 0.24147345125675201 60.99999980926514 -1.8341729640960693
v 2.2655966111081115e-16 60.99999980926514 -1.850000023841858
v -0.24147345125675201 60.99999980926514 -1.8341729640960693
v -0.4788152277469635 60.99999980926514 -1.7869627475738525
v -0.7079643607139587 60.99999980926514 -1.7091771364212036
v -0.925000011920929 60.99999980926514 -1.6021469831466675
v -1.1262086629867554 60.99999980926514 -1.4677037000656128
v -1.3081475496292114 60.99999980926514 -1.3081475496292114
v -1.4677037000656128 60.99999980926514 -1.1262086629867554
v -1.6021469831466675 60.99999980926514 -0.925000011920929
v -1.7091771364212036 60.99999980926514 -0.7079643607139587
v -1.7869627475738525 60.99999980926514 -0.4788152277469635
v -1.8341729640960693 60.99999980926514 -0.24147345125675201
v -1.850000023841858 60.99999980926514 -3.3983949166621673e-16
v -1.8341729640960693 60.99999980926514 0.24147345125675201
v -1.7869627475738525 60.99999980926514 0.4788152277469635
v -1.7091771364212036 60.99999980926514 0.7079643607139587
v -1.6021469831466675 60.99999980926514 0.925000011920929
v -1.4677037000656128 60.99999980926514 1.1262086629867554
v -1.3081475496292114 60.99999980926514 1.3081475496292114
v -1.1262086629867554 60.99999980926514 1.4677037000656128
v -0.925000011920929 60.99999980926514 1.6021469831466675
v -0.7079643607139587 60.99999980926514 1.7091771364212036
v -0.4788152277469635 60.99999980926514 1.7869627475738525
v -0.24147345125675201 60.99999980926514 1.8341729640960693
v -4.531193222216223e-16 60.99999980926514 1.850000023841858
v 0 47.10000019073487 1.850000023841858
v 0.24147345125675201 47.10000019073487 1.8341729640960693
v 0.4788152277469635 47.10000019073487 1.7869627475738525
v 0.7079643607139587 47.10000019073487 1.7091771364212036
v 0.925000011920929 47.10000019073487 1.6021469831466675
v 1.1262086629867554 47.10000019073487 1.4677037000656128
v 1.3081475496292114 47.10000019073487 1.3081475496292114
v 1.4677037000656128 47.10000019073487 1.1262086629867554
v 1.6021469831466675 47.10000019073487 0.925000011920929
v 1.7091771364212036 47.10000019073487 0.7079643607139587
v 1.7869627475738525 47.10000019073487 0.4788152277469635
v 1.8341729640960693 47.10000019073487 0.24147345125675201
v 1.850000023841858 47.10000019073487 1.1327983055540558e-16
v 1.8341729640960693 47.10000019073487 -0.24147345125675201
v 1.7869627475738525 47.10000019073487 -0.4788152277469635
v 1.7091771364212036 47.10000019073487 -0.7079643607139587
v 1.6021469831466675 47.10000019073487 -0.925000011920929
v 1.4677037000656128 47.10000019073487 -1.1262086629867554
v 1.3081475496292114 47.10000019073487 -1.3081475496292114
v 1.1262086629867554 47.10000019073487 -1.4677037000656128
v 0.925000011920929 47.10000019073487 -1.6021469831466675
v 0.7079643607139587 47.10000019073487 -1.7091771364212036
v 0.4788152277469635 47.10000019073487 -1.7869627475738525
v 0.24147345125675201 47.10000019073487 -1.8341729640960693
v 2.2655966111081115e-16 47.10000019073487 -1.850000023841858
v -0.24147345125675201 47.10000019073487 -1.8341729640960693
v -0.4788152277469635 47.10000019073487 -1.7869627475738525
v -0.7079643607139587 47.10000019073487 -1.7091771364212036
v -0.925000011920929 47.10000019073487 -1.6021469831466675
v -1.1262086629867554 47.10000019073487 -1.4677037000656128
v -1.3081475496292114 47.10000019073487 -1.3081475496292114
v -1.4677037000656128 47.10000019073487 -1.1262086629867554
v -1.6021469831466675 47.10000019073487 -0.925000011920929
v -1.7091771364212036 47.10000019073487 -0.7079643607139587
v -1.7869627475738525 47.10000019073487 -0.4788152277469635
v -1.8341729640960693 47.10000019073487 -0.24147345125675201
v -1.850000023841858 47.10000019073487 -3.3983949166621673e-16
v -1.8341729640960693 47.10000019073487 0.24147345125675201
v -1.7869627475738525 47.10000019073487 0.4788152277469635
v -1.7091771364212036 47.10000019073487 0.7079643607139587
v -1.6021469831466675 47.10000019073487 0.925000011920929
v -1.4677037000656128 47.10000019073487 1.1262086629867554
v -1.3081475496292114 47.10000019073487 1.3081475496292114
v -1.1262086629867554 47.10000019073487 1.4677037000656128
v -0.925000011920929 47.10000019073487 1.6021469831466675
v -0.7079643607139587 47.10000019073487 1.7091771364212036
v -0.4788152277469635 47.10000019073487 1.7869627475738525
v -0.24147345125675201 47.10000019073487 1.8341729640960693
v -4.531193222216223e-16 47.10000019073487 1.850000023841858
v 0 60.99999980926514 0
v 0 60.99999980926514 0
v 0 60.99999980926514 0
v 0 60.99999980926514 0
v 0 60.99999980926514 0
v 0 60.99999980926514 0
v 0 60.99999980926514 0
v 0 60.99999980926514 0
v 0 60.99999980926514 0
v 0 60.99999980926514 0
v 0 60.99999980926514 0
v 0 60.99999980926514 0
v 0 60.99999980926514 0
v 0 60.99999980926514 0
v 0 60.99999980926514 0
v 0 60.99999980926514 0
v 0 60.99999980926514 0
v 0 60.99999980926514 0
v 0 60.99999980926514 0
v 0 60.99999980926514 0
v 0 60.99999980926514 0
v 0 60.99999980926514 0
v 0 60.99999980926514 0
v 0 60.99999980926514 0
v 0 60.99999980926514 0
v 0 60.99999980926514 0
v 0 60.99999980926514 0
v 0 60.99999980926514 0
v 0 60.99999980926514 0
v 0 60.99999980926514 0
v 0 60.99999980926514 0
v 0 60.99999980926514 0
v 0 60.99999980926514 0
v 0 60.99999980926514 0
v 0 60.99999980926514 0
v 0 60.99999980926514 0
v 0 60.99999980926514 0
v 0 60.99999980926514 0
v 0 60.99999980926514 0
v 0 60.99999980926514 0
v 0 60.99999980926514 0
v 0 60.99999980926514 0
v 0 60.99999980926514 0
v 0 60.99999980926514 0
v 0 60.99999980926514 0
v 0 60.99999980926514 0
v 0 60.99999980926514 0
v 0 60.99999980926514 0
v 0 60.99999980926514 1.850000023841858
v 0.24147345125675201 60.99999980926514 1.8341729640960693
v 0.4788152277469635 60.99999980926514 1.7869627475738525
v 0.7079643607139587 60.99999980926514 1.7091771364212036
v 0.925000011920929 60.99999980926514 1.6021469831466675
v 1.1262086629867554 60.99999980926514 1.4677037000656128
v 1.3081475496292114 60.99999980926514 1.3081475496292114
v 1.4677037000656128 60.99999980926514 1.1262086629867554
v 1.6021469831466675 60.99999980926514 0.925000011920929
v 1.7091771364212036 60.99999980926514 0.7079643607139587
v 1.7869627475738525 60.99999980926514 0.4788152277469635
v 1.8341729640960693 60.99999980926514 0.24147345125675201
v 1.850000023841858 60.99999980926514 1.1327983055540558e-16
v 1.8341729640960693 60.99999980926514 -0.24147345125675201
v 1.7869627475738525 60.99999980926514 -0.4788152277469635
v 1.7091771364212036 60.99999980926514 -0.7079643607139587
v 1.6021469831466675 60.99999980926514 -0.925000011920929
v 1.4677037000656128 60.99999980926514 -1.1262086629867554
v 1.3081475496292114 60.99999980926514 -1.3081475496292114
v 1.1262086629867554 60.99999980926514 -1.4677037000656128
v 0.925000011920929 60.99999980926514 -1.6021469831466675
v 0.7079643607139587 60.99999980926514 -1.7091771364212036
v 0.4788152277469635 60.99999980926514 -1.7869627475738525
v 0.24147345125675201 60.99999980926514 -1.8341729640960693
v 2.2655966111081115e-16 60.99999980926514 -1.850000023841858
v -0.24147345125675201 60.99999980926514 -1.8341729640960693
v -0.4788152277469635 60.99999980926514 -1.7869627475738525
v -0.7079643607139587 60.99999980926514 -1.7091771364212036
v -0.925000011920929 60.99999980926514 -1.6021469831466675
v -1.1262086629867554 60.99999980926514 -1.4677037000656128
v -1.3081475496292114 60.99999980926514 -1.3081475496292114
v -1.4677037000656128 60.99999980926514 -1.1262086629867554
v -1.6021469831466675 60.99999980926514 -0.925000011920929
v -1.7091771364212036 60.99999980926514 -0.7079643607139587
v -1.7869627475738525 60.99999980926514 -0.4788152277469635
v -1.8341729640960693 60.99999980926514 -0.24147345125675201
v -1.850000023841858 60.99999980926514 -3.3983949166621673e-16
v -1.8341729640960693 60.99999980926514 0.24147345125675201
v -1.7869627475738525 60.99999980926514 0.4788152277469635
v -1.7091771364212036 60.99999980926514 0.7079643607139587
v -1.6021469831466675 60.99999980926514 0.925000011920929
v -1.4677037000656128 60.99999980926514 1.1262086629867554
v -1.3081475496292114 60.99999980926514 1.3081475496292114
v -1.1262086629867554 60.99999980926514 1.4677037000656128
v -0.925000011920929 60.99999980926514 1.6021469831466675
v -0.7079643607139587 60.99999980926514 1.7091771364212036
v -0.4788152277469635 60.99999980926514 1.7869627475738525
v -0.24147345125675201 60.99999980926514 1.8341729640960693
v -4.531193222216223e-16 60.99999980926514 1.850000023841858
v 0 47.10000019073487 0
v 0 47.10000019073487 0
v 0 47.10000019073487 0
v 0 47.10000019073487 0
v 0 47.10000019073487 0
v 0 47.10000019073487 0
v 0 47.10000019073487 0
v 0 47.10000019073487 0
v 0 47.10000019073487 0
v 0 47.10000019073487 0
v 0 47.10000019073487 0
v 0 47.10000019073487 0
v 0 47.10000019073487 0
v 0 47.10000019073487 0
v 0 47.10000019073487 0
v 0 47.10000019073487 0
v 0 47.10000019073487 0
v 0 47.10000019073487 0
v 0 47.10000019073487 0
v 0 47.10000019073487 0
v 0 47.10000019073487 0
v 0 47.10000019073487 0
v 0 47.10000019073487 0
v 0 47.10000019073487 0
v 0 47.10000019073487 0
v 0 47.10000019073487 0
v 0 47.10000019073487 0
v 0 47.10000019073487 0
v 0 47.10000019073487 0
v 0 47.10000019073487 0
v 0 47.10000019073487 0
v 0 47.10000019073487 0
v 0 47.10000019073487 0
v 0 47.10000019073487 0
v 0 47.10000019073487 0
v 0 47.10000019073487 0
v 0 47.10000019073487 0
v 0 47.10000019073487 0
v 0 47.10000019073487 0
v 0 47.10000019073487 0
v 0 47.10000019073487 0
v 0 47.10000019073487 0
v 0 47.10000019073487 0
v 0 47.10000019073487 0
v 0 47.10000019073487 0
v 0 47.10000019073487 0
v 0 47.10000019073487 0
v 0 47.10000019073487 0
v 0 47.10000019073487 1.850000023841858
v 0.24147345125675201 47.10000019073487 1.8341729640960693
v 0.4788152277469635 47.10000019073487 1.7869627475738525
v 0.7079643607139587 47.10000019073487 1.7091771364212036
v 0.925000011920929 47.10000019073487 1.6021469831466675
v 1.1262086629867554 47.10000019073487 1.4677037000656128
v 1.3081475496292114 47.10000019073487 1.3081475496292114
v 1.4677037000656128 47.10000019073487 1.1262086629867554
v 1.6021469831466675 47.10000019073487 0.925000011920929
v 1.7091771364212036 47.10000019073487 0.7079643607139587
v 1.7869627475738525 47.10000019073487 0.4788152277469635
v 1.8341729640960693 47.10000019073487 0.24147345125675201
v 1.850000023841858 47.10000019073487 1.1327983055540558e-16
v 1.8341729640960693 47.10000019073487 -0.24147345125675201
v 1.7869627475738525 47.10000019073487 -0.4788152277469635
v 1.7091771364212036 47.10000019073487 -0.7079643607139587
v 1.6021469831466675 47.10000019073487 -0.925000011920929
v 1.4677037000656128 47.10000019073487 -1.1262086629867554
v 1.3081475496292114 47.10000019073487 -1.3081475496292114
v 1.1262086629867554 47.10000019073487 -1.4677037000656128
v 0.925000011920929 47.10000019073487 -1.6021469831466675
v 0.7079643607139587 47.10000019073487 -1.7091771364212036
v 0.4788152277469635 47.10000019073487 -1.7869627475738525
v 0.24147345125675201 47.10000019073487 -1.8341729640960693
v 2.2655966111081115e-16 47.10000019073487 -1.850000023841858
v -0.24147345125675201 47.10000019073487 -1.8341729640960693
v -0.4788152277469635 47.10000019073487 -1.7869627475738525
v -0.7079643607139587 47.10000019073487 -1.7091771364212036
v -0.925000011920929 47.10000019073487 -1.6021469831466675
v -1.1262086629867554 47.10000019073487 -1.4677037000656128
v -1.3081475496292114 47.10000019073487 -1.3081475496292114
v -1.4677037000656128 47.10000019073487 -1.1262086629867554
v -1.6021469831466675 47.10000019073487 -0.925000011920929
v -1.7091771364212036 47.10000019073487 -0.7079643607139587
v -1.7869627475738525 47.10000019073487 -0.4788152277469635
v -1.8341729640960693 47.10000019073487 -0.24147345125675201
v -1.850000023841858 47.10000019073487 -3.3983949166621673e-16
v -1.8341729640960693 47.10000019073487 0.24147345125675201
v -1.7869627475738525 47.10000019073487 0.4788152277469635
v -1.7091771364212036 47.10000019073487 0.7079643607139587
v -1.6021469831466675 47.10000019073487 0.925000011920929
v -1.4677037000656128 47.10000019073487 1.1262086629867554
v -1.3081475496292114 47.10000019073487 1.3081475496292114
v -1.1262086629867554 47.10000019073487 1.4677037000656128
v -0.925000011920929 47.10000019073487 1.6021469831466675
v -0.7079643607139587 47.10000019073487 1.7091771364212036
v -0.4788152277469635 47.10000019073487 1.7869627475738525
v -0.24147345125675201 47.10000019073487 1.8341729640960693
v -4.531193222216223e-16 47.10000019073487 1.850000023841858
vt 0 1
vt 0.02083333395421505 1
vt 0.0416666679084301 1
vt 0.0625 1
vt 0.0833333358168602 1
vt 0.1041666641831398 1
vt 0.125 1
vt 0.1458333283662796 1
vt 0.1666666716337204 1
vt 0.1875 1
vt 0.2083333283662796 1
vt 0.2291666716337204 1
vt 0.25 1
vt 0.2708333432674408 1
vt 0.2916666567325592 1
vt 0.3125 1
vt 0.3333333432674408 1
vt 0.3541666567325592 1
vt 0.375 1
vt 0.3958333432674408 1
vt 0.4166666567325592 1
vt 0.4375 1
vt 0.4583333432674408 1
vt 0.4791666567325592 1
vt 0.5 1
vt 0.5208333134651184 1
vt 0.5416666865348816 1
vt 0.5625 1
vt 0.5833333134651184 1
vt 0.6041666865348816 1
vt 0.625 1
vt 0.6458333134651184 1
vt 0.6666666865348816 1
vt 0.6875 1
vt 0.7083333134651184 1
vt 0.7291666865348816 1
vt 0.75 1
vt 0.7708333134651184 1
vt 0.7916666865348816 1
vt 0.8125 1
vt 0.8333333134651184 1
vt 0.8541666865348816 1
vt 0.875 1
vt 0.8958333134651184 1
vt 0.9166666865348816 1
vt 0.9375 1
vt 0.9583333134651184 1
vt 0.9791666865348816 1
vt 1 1
vt 0 0
vt 0.02083333395421505 0
vt 0.0416666679084301 0
vt 0.0625 0
vt 0.0833333358168602 0
vt 0.1041666641831398 0
vt 0.125 0
vt 0.1458333283662796 0
vt 0.1666666716337204 0
vt 0.1875 0
vt 0.2083333283662796 0
vt 0.2291666716337204 0
vt 0.25 0
vt 0.2708333432674408 0
vt 0.2916666567325592 0
vt 0.3125 0
vt 0.3333333432674408 0
vt 0.3541666567325592 0
vt 0.375 0
vt 0.3958333432674408 0
vt 0.4166666567325592 0
vt 0.4375 0
vt 0.4583333432674408 0
vt 0.4791666567325592 0
vt 0.5 0
vt 0.5208333134651184 0
vt 0.5416666865348816 0
vt 0.5625 0
vt 0.5833333134651184 0
vt 0.6041666865348816 0
vt 0.625 0
vt 0.6458333134651184 0
vt 0.6666666865348816 0
vt 0.6875 0
vt 0.7083333134651184 0
vt 0.7291666865348816 0
vt 0.75 0
vt 0.7708333134651184 0
vt 0.7916666865348816 0
vt 0.8125 0
vt 0.8333333134651184 0
vt 0.8541666865348816 0
vt 0.875 0
vt 0.8958333134651184 0
vt 0.9166666865348816 0
vt 0.9375 0
vt 0.9583333134651184 0
vt 0.9791666865348816 0
vt 1 0
vt 0.5 0.5
vt 0.5 0.5
vt 0.5 0.5
vt 0.5 0.5
vt 0.5 0.5
vt 0.5 0.5
vt 0.5 0.5
vt 0.5 0.5
vt 0.5 0.5
vt 0.5 0.5
vt 0.5 0.5
vt 0.5 0.5
vt 0.5 0.5
vt 0.5 0.5
vt 0.5 0.5
vt 0.5 0.5
vt 0.5 0.5
vt 0.5 0.5
vt 0.5 0.5
vt 0.5 0.5
vt 0.5 0.5
vt 0.5 0.5
vt 0.5 0.5
vt 0.5 0.5
vt 0.5 0.5
vt 0.5 0.5
vt 0.5 0.5
vt 0.5 0.5
vt 0.5 0.5
vt 0.5 0.5
vt 0.5 0.5
vt 0.5 0.5
vt 0.5 0.5
vt 0.5 0.5
vt 0.5 0.5
vt 0.5 0.5
vt 0.5 0.5
vt 0.5 0.5
vt 0.5 0.5
vt 0.5 0.5
vt 0.5 0.5
vt 0.5 0.5
vt 0.5 0.5
vt 0.5 0.5
vt 0.5 0.5
vt 0.5 0.5
vt 0.5 0.5
vt 0.5 0.5
vt 1 0.5
vt 0.9957224130630493 0.5652630925178528
vt 0.9829629063606262 0.6294095516204834
vt 0.9619397521018982 0.6913416981697083
vt 0.9330127239227295 0.75
vt 0.8966766595840454 0.8043807148933411
vt 0.8535534143447876 0.8535534143447876
vt 0.8043807148933411 0.8966766595840454
vt 0.75 0.9330127239227295
vt 0.6913416981697083 0.9619397521018982
vt 0.6294095516204834 0.9829629063606262
vt 0.5652630925178528 0.9957224130630493
vt 0.5 1
vt 0.4347369074821472 0.9957224130630493
vt 0.370590478181839 0.9829629063606262
vt 0.30865827202796936 0.9619397521018982
vt 0.25 0.9330127239227295
vt 0.19561928510665894 0.8966766595840454
vt 0.1464466154575348 0.8535534143447876
vt 0.10332333296537399 0.8043807148933411
vt 0.0669872984290123 0.75
vt 0.03806023299694061 0.6913416981697083
vt 0.017037086188793182 0.6294095516204834
vt 0.004277569241821766 0.5652630925178528
vt 0 0.5
vt 0.004277569241821766 0.4347369074821472
vt 0.017037086188793182 0.370590478181839
vt 0.03806023299694061 0.30865827202796936
vt 0.0669872984290123 0.25
vt 0.10332333296537399 0.19561928510665894
vt 0.1464466154575348 0.1464466154575348
vt 0.19561928510665894 0.10332333296537399
vt 0.25 0.0669872984290123
vt 0.30865827202796936 0.03806023299694061
vt 0.370590478181839 0.017037086188793182
vt 0.4347369074821472 0.004277569241821766
vt 0.5 0
vt 0.5652630925178528 0.004277569241821766
vt 0.6294095516204834 0.017037086188793182
vt 0.6913416981697083 0.03806023299694061
vt 0.75 0.0669872984290123
vt 0.8043807148933411 0.10332333296537399
vt 0.8535534143447876 0.1464466154575348
vt 0.8966766595840454 0.19561928510665894
vt 0.9330127239227295 0.25
vt 0.9619397521018982 0.30865827202796936
vt 0.9829629063606262 0.370590478181839
vt 0.9957224130630493 0.4347369074821472
vt 1 0.5
vt 0.5 0.5
vt 0.5 0.5
vt 0.5 0.5
vt 0.5 0.5
vt 0.5 0.5
vt 0.5 0.5
vt 0.5 0.5
vt 0.5 0.5
vt 0.5 0.5
vt 0.5 0.5
vt 0.5 0.5
vt 0.5 0.5
vt 0.5 0.5
vt 0.5 0.5
vt 0.5 0.5
vt 0.5 0.5
vt 0.5 0.5
vt 0.5 0.5
vt 0.5 0.5
vt 0.5 0.5
vt 0.5 0.5
vt 0.5 0.5
vt 0.5 0.5
vt 0.5 0.5
vt 0.5 0.5
vt 0.5 0.5
vt 0.5 0.5
vt 0.5 0.5
vt 0.5 0.5
vt 0.5 0.5
vt 0.5 0.5
vt 0.5 0.5
vt 0.5 0.5
vt 0.5 0.5
vt 0.5 0.5
vt 0.5 0.5
vt 0.5 0.5
vt 0.5 0.5
vt 0.5 0.5
vt 0.5 0.5
vt 0.5 0.5
vt 0.5 0.5
vt 0.5 0.5
vt 0.5 0.5
vt 0.5 0.5
vt 0.5 0.5
vt 0.5 0.5
vt 0.5 0.5
vt 1 0.5
vt 0.9957224130630493 0.4347369074821472
vt 0.9829629063606262 0.370590478181839
vt 0.9619397521018982 0.30865827202796936
vt 0.9330127239227295 0.25
vt 0.8966766595840454 0.19561928510665894
vt 0.8535534143447876 0.1464466154575348
vt 0.8043807148933411 0.10332333296537399
vt 0.75 0.0669872984290123
vt 0.6913416981697083 0.03806023299694061
vt 0.6294095516204834 0.017037086188793182
vt 0.5652630925178528 0.004277569241821766
vt 0.5 0
vt 0.4347369074821472 0.004277569241821766
vt 0.370590478181839 0.017037086188793182
vt 0.30865827202796936 0.03806023299694061
vt 0.25 0.0669872984290123
vt 0.19561928510665894 0.10332333296537399
vt 0.1464466154575348 0.1464466154575348
vt 0.10332333296537399 0.19561928510665894
vt 0.0669872984290123 0.25
vt 0.03806023299694061 0.30865827202796936
vt 0.017037086188793182 0.370590478181839
vt 0.004277569241821766 0.4347369074821472
vt 0 0.5
vt 0.004277569241821766 0.5652630925178528
vt 0.017037086188793182 0.6294095516204834
vt 0.03806023299694061 0.6913416981697083
vt 0.0669872984290123 0.75
vt 0.10332333296537399 0.8043807148933411
vt 0.1464466154575348 0.8535534143447876
vt 0.19561928510665894 0.8966766595840454
vt 0.25 0.9330127239227295
vt 0.30865827202796936 0.9619397521018982
vt 0.370590478181839 0.9829629063606262
vt 0.4347369074821472 0.9957224130630493
vt 0.5 1
vt 0.5652630925178528 0.9957224130630493
vt 0.6294095516204834 0.9829629063606262
vt 0.6913416981697083 0.9619397521018982
vt 0.75 0.9330127239227295
vt 0.8043807148933411 0.8966766595840454
vt 0.8535534143447876 0.8535534143447876
vt 0.8966766595840454 0.8043807148933411
vt 0.9330127239227295 0.75
vt 0.9619397521018982 0.6913416981697083
vt 0.9829629063606262 0.6294095516204834
vt 0.9957224130630493 0.5652630925178528
vt 1 0.5
vn 0 0 1
vn 0.13052618200608704 0 0.9914448627185043
vn 0.2588190471264927 0 0.9659258257467466
vn 0.3826834370613369 0 0.9238795305660377
vn 0.5000000067305869 0 0.8660253998985324
vn 0.6087614397000725 0 0.7933533320874723
vn 0.7071067811865476 0 0.7071067811865476
vn 0.7933533320874723 0 0.6087614397000725
vn 0.8660253998985324 0 0.5000000067305869
vn 0.9238795305660377 0 0.3826834370613369
vn 0.9659258257467466 0 0.2588190471264927
vn 0.9914448627185043 0 0.13052618200608704
vn 1 0 6.123234262925839e-17
vn 0.9914448627185043 0 -0.13052618200608704
vn 0.9659258257467466 0 -0.2588190471264927
vn 0.9238795305660377 0 -0.3826834370613369
vn 0.8660253998985324 0 -0.5000000067305869
vn 0.7933533320874723 0 -0.6087614397000725
vn 0.7071067811865476 0 -0.7071067811865476
vn 0.6087614397000725 0 -0.7933533320874723
vn 0.5000000067305869 0 -0.8660253998985324
vn 0.3826834370613369 0 -0.9238795305660377
vn 0.2588190471264927 0 -0.9659258257467466
vn 0.13052618200608704 0 -0.9914448627185043
vn 1.2246468525851679e-16 0 -1
vn -0.13052618200608704 0 -0.9914448627185043
vn -0.2588190471264927 0 -0.9659258257467466
vn -0.3826834370613369 0 -0.9238795305660377
vn -0.5000000067305869 0 -0.8660253998985324
vn -0.6087614397000725 0 -0.7933533320874723
vn -0.7071067811865476 0 -0.7071067811865476
vn -0.7933533320874723 0 -0.6087614397000725
vn -0.8660253998985324 0 -0.5000000067305869
vn -0.9238795305660377 0 -0.3826834370613369
vn -0.9659258257467466 0 -0.2588190471264927
vn -0.9914448627185043 0 -0.13052618200608704
vn -1 0 -1.8369701465288538e-16
vn -0.9914448627185043 0 0.13052618200608704
vn -0.9659258257467466 0 0.2588190471264927
vn -0.9238795305660377 0 0.3826834370613369
vn -0.8660253998985324 0 0.5000000067305869
vn -0.7933533320874723 0 0.6087614397000725
vn -0.7071067811865476 0 0.7071067811865476
vn -0.6087614397000725 0 0.7933533320874723
vn -0.5000000067305869 0 0.8660253998985324
vn -0.3826834370613369 0 0.9238795305660377
vn -0.2588190471264927 0 0.9659258257467466
vn -0.13052618200608704 0 0.9914448627185043
vn -2.4492937051703357e-16 0 1
vn 0 0 1
vn 0.13052618200608704 0 0.9914448627185043
vn 0.2588190471264927 0 0.9659258257467466
vn 0.3826834370613369 0 0.9238795305660377
vn 0.5000000067305869 0 0.8660253998985324
vn 0.6087614397000725 0 0.7933533320874723
vn 0.7071067811865476 0 0.7071067811865476
vn 0.7933533320874723 0 0.6087614397000725
vn 0.8660253998985324 0 0.5000000067305869
vn 0.9238795305660377 0 0.3826834370613369
vn 0.9659258257467466 0 0.2588190471264927
vn 0.9914448627185043 0 0.13052618200608704
vn 1 0 6.123234262925839e-17
vn 0.9914448627185043 0 -0.13052618200608704
vn 0.9659258257467466 0 -0.2588190471264927
vn 0.9238795305660377 0 -0.3826834370613369
vn 0.8660253998985324 0 -0.5000000067305869
vn 0.7933533320874723 0 -0.6087614397000725
vn 0.7071067811865476 0 -0.7071067811865476
vn 0.6087614397000725 0 -0.7933533320874723
vn 0.5000000067305869 0 -0.8660253998985324
vn 0.3826834370613369 0 -0.9238795305660377
vn 0.2588190471264927 0 -0.9659258257467466
vn 0.13052618200608704 0 -0.9914448627185043
vn 1.2246468525851679e-16 0 -1
vn -0.13052618200608704 0 -0.9914448627185043
vn -0.2588190471264927 0 -0.9659258257467466
vn -0.3826834370613369 0 -0.9238795305660377
vn -0.5000000067305869 0 -0.8660253998985324
vn -0.6087614397000725 0 -0.7933533320874723
vn -0.7071067811865476 0 -0.7071067811865476
vn -0.7933533320874723 0 -0.6087614397000725
vn -0.8660253998985324 0 -0.5000000067305869
vn -0.9238795305660377 0 -0.3826834370613369
vn -0.9659258257467466 0 -0.2588190471264927
vn -0.9914448627185043 0 -0.13052618200608704
vn -1 0 -1.8369701465288538e-16
vn -0.9914448627185043 0 0.13052618200608704
vn -0.9659258257467466 0 0.2588190471264927
vn -0.9238795305660377 0 0.3826834370613369
vn -0.8660253998985324 0 0.5000000067305869
vn -0.7933533320874723 0 0.6087614397000725
vn -0.7071067811865476 0 0.7071067811865476
vn -0.6087614397000725 0 0.7933533320874723
vn -0.5000000067305869 0 0.8660253998985324
vn -0.3826834370613369 0 0.9238795305660377
vn -0.2588190471264927 0 0.9659258257467466
vn -0.13052618200608704 0 0.9914448627185043
vn -2.4492937051703357e-16 0 1
vn 0 1 0
vn 0 1 0
vn 0 1 0
vn 0 1 0
vn 0 1 0
vn 0 1 0
vn 0 1 0
vn 0 1 0
vn 0 1 0
vn 0 1 0
vn 0 1 0
vn 0 1 0
vn 0 1 0
vn 0 1 0
vn 0 1 0
vn 0 1 0
vn 0 1 0
vn 0 1 0
vn 0 1 0
vn 0 1 0
vn 0 1 0
vn 0 1 0
vn 0 1 0
vn 0 1 0
vn 0 1 0
vn 0 1 0
vn 0 1 0
vn 0 1 0
vn 0 1 0
vn 0 1 0
vn 0 1 0
vn 0 1 0
vn 0 1 0
vn 0 1 0
vn 0 1 0
vn 0 1 0
vn 0 1 0
vn 0 1 0
vn 0 1 0
vn 0 1 0
vn 0 1 0
vn 0 1 0
vn 0 1 0
vn 0 1 0
vn 0 1 0
vn 0 1 0
vn 0 1 0
vn 0 1 0
vn 0 1 0
vn 0 1 0
vn 0 1 0
vn 0 1 0
vn 0 1 0
vn 0 1 0
vn 0 1 0
vn 0 1 0
vn 0 1 0
vn 0 1 0
vn 0 1 0
vn 0 1 0
vn 0 1 0
vn 0 1 0
vn 0 1 0
vn 0 1 0
vn 0 1 0
vn 0 1 0
vn 0 1 0
vn 0 1 0
vn 0 1 0
vn 0 1 0
vn 0 1 0
vn 0 1 0
vn 0 1 0
vn 0 1 0
vn 0 1 0
vn 0 1 0
vn 0 1 0
vn 0 1 0
vn 0 1 0
vn 0 1 0
vn 0 1 0
vn 0 1 0
vn 0 1 0
vn 0 1 0
vn 0 1 0
vn 0 1 0
vn 0 1 0
vn 0 1 0
vn 0 1 0
vn 0 1 0
vn 0 1 0
vn 0 1 0
vn 0 1 0
vn 0 1 0
vn 0 1 0
vn 0 1 0
vn 0 1 0
vn 0 -1 0
vn 0 -1 0
vn 0 -1 0
vn 0 -1 0
vn 0 -1 0
vn 0 -1 0
vn 0 -1 0
vn 0 -1 0
vn 0 -1 0
vn 0 -1 0
vn 0 -1 0
vn 0 -1 0
vn 0 -1 0
vn 0 -1 0
vn 0 -1 0
vn 0 -1 0
vn 0 -1 0
vn 0 -1 0
vn 0 -1 0
vn 0 -1 0
vn 0 -1 0
vn 0 -1 0
vn 0 -1 0
vn 0 -1 0
vn 0 -1 0
vn 0 -1 0
vn 0 -1 0
vn 0 -1 0
vn 0 -1 0
vn 0 -1 0
vn 0 -1 0
vn 0 -1 0
vn 0 -1 0
vn 0 -1 0
vn 0 -1 0
vn 0 -1 0
vn 0 -1 0
vn 0 -1 0
vn 0 -1 0
vn 0 -1 0
vn 0 -1 0
vn 0 -1 0
vn 0 -1 0
vn 0 -1 0
vn 0 -1 0
vn 0 -1 0
vn 0 -1 0
vn 0 -1 0
vn 0 -1 0
vn 0 -1 0
vn 0 -1 0
vn 0 -1 0
vn 0 -1 0
vn 0 -1 0
vn 0 -1 0
vn 0 -1 0
vn 0 -1 0
vn 0 -1 0
vn 0 -1 0
vn 0 -1 0
vn 0 -1 0
vn 0 -1 0
vn 0 -1 0
vn 0 -1 0
vn 0 -1 0
vn 0 -1 0
vn 0 -1 0
vn 0 -1 0
vn 0 -1 0
vn 0 -1 0
vn 0 -1 0
vn 0 -1 0
vn 0 -1 0
vn 0 -1 0
vn 0 -1 0
vn 0 -1 0
vn 0 -1 0
vn 0 -1 0
vn 0 -1 0
vn 0 -1 0
vn 0 -1 0
vn 0 -1 0
vn 0 -1 0
vn 0 -1 0
vn 0 -1 0
vn 0 -1 0
vn 0 -1 0
vn 0 -1 0
vn 0 -1 0
vn 0 -1 0
vn 0 -1 0
vn 0 -1 0
vn 0 -1 0
vn 0 -1 0
vn 0 -1 0
vn 0 -1 0
vn 0 -1 0
f 3019/3019/3019 3068/3068/3068 3020/3020/3020
f 3068/3068/3068 3069/3069/3069 3020/3020/3020
f 3020/3020/3020 3069/3069/3069 3021/3021/3021
f 3069/3069/3069 3070/3070/3070 3021/3021/3021
f 3021/3021/3021 3070/3070/3070 3022/3022/3022
f 3070/3070/3070 3071/3071/3071 3022/3022/3022
f 3022/3022/3022 3071/3071/3071 3023/3023/3023
f 3071/3071/3071 3072/3072/3072 3023/3023/3023
f 3023/3023/3023 3072/3072/3072 3024/3024/3024
f 3072/3072/3072 3073/3073/3073 3024/3024/3024
f 3024/3024/3024 3073/3073/3073 3025/3025/3025
f 3073/3073/3073 3074/3074/3074 3025/3025/3025
f 3025/3025/3025 3074/3074/3074 3026/3026/3026
f 3074/3074/3074 3075/3075/3075 3026/3026/3026
f 3026/3026/3026 3075/3075/3075 3027/3027/3027
f 3075/3075/3075 3076/3076/3076 3027/3027/3027
f 3027/3027/3027 3076/3076/3076 3028/3028/3028
f 3076/3076/3076 3077/3077/3077 3028/3028/3028
f 3028/3028/3028 3077/3077/3077 3029/3029/3029
f 3077/3077/3077 3078/3078/3078 3029/3029/3029
f 3029/3029/3029 3078/3078/3078 3030/3030/3030
f 3078/3078/3078 3079/3079/3079 3030/3030/3030
f 3030/3030/3030 3079/3079/3079 3031/3031/3031
f 3079/3079/3079 3080/3080/3080 3031/3031/3031
f 3031/3031/3031 3080/3080/3080 3032/3032/3032
f 3080/3080/3080 3081/3081/3081 3032/3032/3032
f 3032/3032/3032 3081/3081/3081 3033/3033/3033
f 3081/3081/3081 3082/3082/3082 3033/3033/3033
f 3033/3033/3033 3082/3082/3082 3034/3034/3034
f 3082/3082/3082 3083/3083/3083 3034/3034/3034
f 3034/3034/3034 3083/3083/3083 3035/3035/3035
f 3083/3083/3083 3084/3084/3084 3035/3035/3035
f 3035/3035/3035 3084/3084/3084 3036/3036/3036
f 3084/3084/3084 3085/3085/3085 3036/3036/3036
f 3036/3036/3036 3085/3085/3085 3037/3037/3037
f 3085/3085/3085 3086/3086/3086 3037/3037/3037
f 3037/3037/3037 3086/3086/3086 3038/3038/3038
f 3086/3086/3086 3087/3087/3087 3038/3038/3038
f 3038/3038/3038 3087/3087/3087 3039/3039/3039
f 3087/3087/3087 3088/3088/3088 3039/3039/3039
f 3039/3039/3039 3088/3088/3088 3040/3040/3040
f 3088/3088/3088 3089/3089/3089 3040/3040/3040
f 3040/3040/3040 3089/3089/3089 3041/3041/3041
f 3089/3089/3089 3090/3090/3090 3041/3041/3041
f 3041/3041/3041 3090/3090/3090 3042/3042/3042
f 3090/3090/3090 3091/3091/3091 3042/3042/3042
f 3042/3042/3042 3091/3091/3091 3043/3043/3043
f 3091/3091/3091 3092/3092/3092 3043/3043/3043
f 3043/3043/3043 3092/3092/3092 3044/3044/3044
f 3092/3092/3092 3093/3093/3093 3044/3044/3044
f 3044/3044/3044 3093/3093/3093 3045/3045/3045
f 3093/3093/3093 3094/3094/3094 3045/3045/3045
f 3045/3045/3045 3094/3094/3094 3046/3046/3046
f 3094/3094/3094 3095/3095/3095 3046/3046/3046
f 3046/3046/3046 3095/3095/3095 3047/3047/3047
f 3095/3095/3095 3096/3096/3096 3047/3047/3047
f 3047/3047/3047 3096/3096/3096 3048/3048/3048
f 3096/3096/3096 3097/3097/3097 3048/3048/3048
f 3048/3048/3048 3097/3097/3097 3049/3049/3049
f 3097/3097/3097 3098/3098/3098 3049/3049/3049
f 3049/3049/3049 3098/3098/3098 3050/3050/3050
f 3098/3098/3098 3099/3099/3099 3050/3050/3050
f 3050/3050/3050 3099/3099/3099 3051/3051/3051
f 3099/3099/3099 3100/3100/3100 3051/3051/3051
f 3051/3051/3051 3100/3100/3100 3052/3052/3052
f 3100/3100/3100 3101/3101/3101 3052/3052/3052
f 3052/3052/3052 3101/3101/3101 3053/3053/3053
f 3101/3101/3101 3102/3102/3102 3053/3053/3053
f 3053/3053/3053 3102/3102/3102 3054/3054/3054
f 3102/3102/3102 3103/3103/3103 3054/3054/3054
f 3054/3054/3054 3103/3103/3103 3055/3055/3055
f 3103/3103/3103 3104/3104/3104 3055/3055/3055
f 3055/3055/3055 3104/3104/3104 3056/3056/3056
f 3104/3104/3104 3105/3105/3105 3056/3056/3056
f 3056/3056/3056 3105/3105/3105 3057/3057/3057
f 3105/3105/3105 3106/3106/3106 3057/3057/3057
f 3057/3057/3057 3106/3106/3106 3058/3058/3058
f 3106/3106/3106 3107/3107/3107 3058/3058/3058
f 3058/3058/3058 3107/3107/3107 3059/3059/3059
f 3107/3107/3107 3108/3108/3108 3059/3059/3059
f 3059/3059/3059 3108/3108/3108 3060/3060/3060
f 3108/3108/3108 3109/3109/3109 3060/3060/3060
f 3060/3060/3060 3109/3109/3109 3061/3061/3061
f 3109/3109/3109 3110/3110/3110 3061/3061/3061
f 3061/3061/3061 3110/3110/3110 3062/3062/3062
f 3110/3110/3110 3111/3111/3111 3062/3062/3062
f 3062/3062/3062 3111/3111/3111 3063/3063/3063
f 3111/3111/3111 3112/3112/3112 3063/3063/3063
f 3063/3063/3063 3112/3112/3112 3064/3064/3064
f 3112/3112/3112 3113/3113/3113 3064/3064/3064
f 3064/3064/3064 3113/3113/3113 3065/3065/3065
f 3113/3113/3113 3114/3114/3114 3065/3065/3065
f 3065/3065/3065 3114/3114/3114 3066/3066/3066
f 3114/3114/3114 3115/3115/3115 3066/3066/3066
f 3066/3066/3066 3115/3115/3115 3067/3067/3067
f 3115/3115/3115 3116/3116/3116 3067/3067/3067
f 3165/3165/3165 3166/3166/3166 3117/3117/3117
f 3166/3166/3166 3167/3167/3167 3118/3118/3118
f 3167/3167/3167 3168/3168/3168 3119/3119/3119
f 3168/3168/3168 3169/3169/3169 3120/3120/3120
f 3169/3169/3169 3170/3170/3170 3121/3121/3121
f 3170/3170/3170 3171/3171/3171 3122/3122/3122
f 3171/3171/3171 3172/3172/3172 3123/3123/3123
f 3172/3172/3172 3173/3173/3173 3124/3124/3124
f 3173/3173/3173 3174/3174/3174 3125/3125/3125
f 3174/3174/3174 3175/3175/3175 3126/3126/3126
f 3175/3175/3175 3176/3176/3176 3127/3127/3127
f 3176/3176/3176 3177/3177/3177 3128/3128/3128
f 3177/3177/3177 3178/3178/3178 3129/3129/3129
f 3178/3178/3178 3179/3179/3179 3130/3130/3130
f 3179/3179/3179 3180/3180/3180 3131/3131/3131
f 3180/3180/3180 3181/3181/3181 3132/3132/3132
f 3181/3181/3181 3182/3182/3182 3133/3133/3133
f 3182/3182/3182 3183/3183/3183 3134/3134/3134
f 3183/3183/3183 3184/3184/3184 3135/3135/3135
f 3184/3184/3184 3185/3185/3185 3136/3136/3136
f 3185/3185/3185 3186/3186/3186 3137/3137/3137
f 3186/3186/3186 3187/3187/3187 3138/3138/3138
f 3187/3187/3187 3188/3188/3188 3139/3139/3139
f 3188/3188/3188 3189/3189/3189 3140/3140/3140
f 3189/3189/3189 3190/3190/3190 3141/3141/3141
f 3190/3190/3190 3191/3191/3191 3142/3142/3142
f 3191/3191/3191 3192/3192/3192 3143/3143/3143
f 3192/3192/3192 3193/3193/3193 3144/3144/3144
f 3193/3193/3193 3194/3194/3194 3145/3145/3145
f 3194/3194/3194 3195/3195/3195 3146/3146/3146
f 3195/3195/3195 3196/3196/3196 3147/3147/3147
f 3196/3196/3196 3197/3197/3197 3148/3148/3148
f 3197/3197/3197 3198/3198/3198 3149/3149/3149
f 3198/3198/3198 3199/3199/3199 3150/3150/3150
f 3199/3199/3199 3200/3200/3200 3151/3151/3151
f 3200/3200/3200 3201/3201/3201 3152/3152/3152
f 3201/3201/3201 3202/3202/3202 3153/3153/3153
f 3202/3202/3202 3203/3203/3203 3154/3154/3154
f 3203/3203/3203 3204/3204/3204 3155/3155/3155
f 3204/3204/3204 3205/3205/3205 3156/3156/3156
f 3205/3205/3205 3206/3206/3206 3157/3157/3157
f 3206/3206/3206 3207/3207/3207 3158/3158/3158
f 3207/3207/3207 3208/3208/3208 3159/3159/3159
f 3208/3208/3208 3209/3209/3209 3160/3160/3160
f 3209/3209/3209 3210/3210/3210 3161/3161/3161
f 3210/3210/3210 3211/3211/3211 3162/3162/3162
f 3211/3211/3211 3212/3212/3212 3163/3163/3163
f 3212/3212/3212 3213/3213/3213 3164/3164/3164
f 3263/3263/3263 3262/3262/3262 3214/3214/3214
f 3264/3264/3264 3263/3263/3263 3215/3215/3215
f 3265/3265/3265 3264/3264/3264 3216/3216/3216
f 3266/3266/3266 3265/3265/3265 3217/3217/3217
f 3267/3267/3267 3266/3266/3266 3218/3218/3218
f 3268/3268/3268 3267/3267/3267 3219/3219/3219
f 3269/3269/3269 3268/3268/3268 3220/3220/3220
f 3270/3270/3270 3269/3269/3269 3221/3221/3221
f 3271/3271/3271 3270/3270/3270 3222/3222/3222
f 3272/3272/3272 3271/3271/3271 3223/3223/3223
f 3273/3273/3273 3272/3272/3272 3224/3224/3224
f 3274/3274/3274 3273/3273/3273 3225/3225/3225
f 3275/3275/3275 3274/3274/3274 3226/3226/3226
f 3276/3276/3276 3275/3275/3275 3227/3227/3227
f 3277/3277/3277 3276/3276/3276 3228/3228/3228
f 3278/3278/3278 3277/3277/3277 3229/3229/3229
f 3279/3279/3279 3278/3278/3278 3230/3230/3230
f 3280/3280/3280 3279/3279/3279 3231/3231/3231
f 3281/3281/3281 3280/3280/3280 3232/3232/3232
f 3282/3282/3282 3281/3281/3281 3233/3233/3233
f 3283/3283/3283 3282/3282/3282 3234/3234/3234
f 3284/3284/3284 3283/3283/3283 3235/3235/3235
f 3285/3285/3285 3284/3284/3284 3236/3236/3236
f 3286/3286/3286 3285/3285/3285 3237/3237/3237
f 3287/3287/3287 3286/3286/3286 3238/3238/3238
f 3288/3288/3288 3287/3287/3287 3239/3239/3239
f 3289/3289/3289 3288/3288/3288 3240/3240/3240
f 3290/3290/3290 3289/3289/3289 3241/3241/3241
f 3291/3291/3291 3290/3290/3290 3242/3242/3242
f 3292/3292/3292 3291/3291/3291 3243/3243/3243
f 3293/3293/3293 3292/3292/3292 3244/3244/3244
f 3294/3294/3294 3293/3293/3293 3245/3245/3245
f 3295/3295/3295 3294/3294/3294 3246/3246/3246
f 3296/3296/3296 3295/3295/3295 3247/3247/3247
f 3297/3297/3297 3296/3296/3296 3248/3248/3248
f 3298/3298/3298 3297/3297/3297 3249/3249/3249
f 3299/3299/3299 3298/3298/3298 3250/3250/3250
f 3300/3300/3300 3299/3299/3299 3251/3251/3251
f 3301/3301/3301 3300/3300/3300 3252/3252/3252
f 3302/3302/3302 3301/3301/3301 3253/3253/3253
f 3303/3303/3303 3302/3302/3302 3254/3254/3254
f 3304/3304/3304 3303/3303/3303 3255/3255/3255
f 3305/3305/3305 3304/3304/3304 3256/3256/3256
f 3306/3306/3306 3305/3305/3305 3257/3257/3257
f 3307/3307/3307 3306/3306/3306 3258/3258/3258
f 3308/3308/3308 3307/3307/3307 3259/3259/3259
f 3309/3309/3309 3308/3308/3308 3260/3260/3260
f 3310/3310/3310 3309/3309/3309 3261/3261/3261
o merlin_vacuum_nozzle
usemtl nozzle_soot
v 0 47.00000002384186 0.44999998807907104
v 0.08779064565896988 47.00000002384186 0.44135338068008423
v 0.1722075492143631 47.00000002384186 0.4157457947731018
v 0.25000661611557007 47.00000002384186 0.37416133284568787
v 0.3181980550289154 47.00000002384186 0.3181980550289154
v 0.37416133284568787 47.00000002384186 0.25000661611557007
v 0.4157457947731018 47.00000002384186 0.1722075492143631
v 0.44135338068008423 47.00000002384186 0.08779064565896988
v 0.44999998807907104 47.00000002384186 2.7554552528805052e-17
v 0.44135338068008423 47.00000002384186 -0.08779064565896988
v 0.4157457947731018 47.00000002384186 -0.1722075492143631
v 0.37416133284568787 47.00000002384186 -0.25000661611557007
v 0.3181980550289154 47.00000002384186 -0.3181980550289154
v 0.25000661611557007 47.00000002384186 -0.37416133284568787
v 0.1722075492143631 47.00000002384186 -0.4157457947731018
v 0.08779064565896988 47.00000002384186 -0.44135338068008423
v 5.5109105057610103e-17 47.00000002384186 -0.44999998807907104
v -0.08779064565896988 47.00000002384186 -0.44135338068008423
v -0.1722075492143631 47.00000002384186 -0.4157457947731018
v -0.25000661611557007 47.00000002384186 -0.37416133284568787
v -0.3181980550289154 47.00000002384186 -0.3181980550289154
v -0.37416133284568787 47.00000002384186 -0.25000661611557007
v -0.4157457947731018 47.00000002384186 -0.1722075492143631
v -0.44135338068008423 47.00000002384186 -0.08779064565896988
v -0.44999998807907104 47.00000002384186 -8.266365924077638e-17
v -0.44135338068008423 47.00000002384186 0.08779064565896988
v -0.4157457947731018 47.00000002384186 0.1722075492143631
v -0.37416133284568787 47.00000002384186 0.25000661611557007
v -0.3181980550289154 47.00000002384186 0.3181980550289154
v -0.25000661611557007 47.00000002384186 0.37416133284568787
v -0.1722075492143631 47.00000002384186 0.4157457947731018
v -0.08779064565896988 47.00000002384186 0.44135338068008423
v -1.1021821011522021e-16 47.00000002384186 0.44999998807907104
v 0 43.79999997615814 1.100000023841858
v 0.2145993560552597 43.79999997615814 1.0788638591766357
v 0.420951783657074 43.79999997615814 1.0162675380706787
v 0.6111272573471069 43.79999997615814 0.914616584777832
v 0.7778174877166748 43.79999997615814 0.7778174877166748
v 0.914616584777832 43.79999997615814 0.6111272573471069
v 1.0162675380706787 43.79999997615814 0.420951783657074
v 1.0788638591766357 43.79999997615814 0.2145993560552597
v 1.100000023841858 43.79999997615814 6.735557689218423e-17
v 1.0788638591766357 43.79999997615814 -0.2145993560552597
v 1.0162675380706787 43.79999997615814 -0.420951783657074
v 0.914616584777832 43.79999997615814 -0.6111272573471069
v 0.7778174877166748 43.79999997615814 -0.7778174877166748
v 0.6111272573471069 43.79999997615814 -0.914616584777832
v 0.420951783657074 43.79999997615814 -1.0162675380706787
v 0.2145993560552597 43.79999997615814 -1.0788638591766357
v 1.3471115378436846e-16 43.79999997615814 -1.100000023841858
v -0.2145993560552597 43.79999997615814 -1.0788638591766357
v -0.420951783657074 43.79999997615814 -1.0162675380706787
v -0.6111272573471069 43.79999997615814 -0.914616584777832
v -0.7778174877166748 43.79999997615814 -0.7778174877166748
v -0.914616584777832 43.79999997615814 -0.6111272573471069
v -1.0162675380706787 43.79999997615814 -0.420951783657074
v -1.0788638591766357 43.79999997615814 -0.2145993560552597
v -1.100000023841858 43.79999997615814 -2.020667240591078e-16
v -1.0788638591766357 43.79999997615814 0.2145993560552597
v -1.0162675380706787 43.79999997615814 0.420951783657074
v -0.914616584777832 43.79999997615814 0.6111272573471069
v -0.7778174877166748 43.79999997615814 0.7778174877166748
v -0.6111272573471069 43.79999997615814 0.914616584777832
v -0.420951783657074 43.79999997615814 1.0162675380706787
v -0.2145993560552597 43.79999997615814 1.0788638591766357
v -2.6942230756873693e-16 43.79999997615814 1.100000023841858
vt 0 1
vt 0.03125 1
vt 0.0625 1
vt 0.09375 1
vt 0.125 1
vt 0.15625 1
vt 0.1875 1
vt 0.21875 1
vt 0.25 1
vt 0.28125 1
vt 0.3125 1
vt 0.34375 1
vt 0.375 1
vt 0.40625 1
vt 0.4375 1
vt 0.46875 1
vt 0.5 1
vt 0.53125 1
vt 0.5625 1
vt 0.59375 1
vt 0.625 1
vt 0.65625 1
vt 0.6875 1
vt 0.71875 1
vt 0.75 1
vt 0.78125 1
vt 0.8125 1
vt 0.84375 1
vt 0.875 1
vt 0.90625 1
vt 0.9375 1
vt 0.96875 1
vt 1 1
vt 0 0
vt 0.03125 0
vt 0.0625 0
vt 0.09375 0
vt 0.125 0
vt 0.15625 0
vt 0.1875 0
vt 0.21875 0
vt 0.25 0
vt 0.28125 0
vt 0.3125 0
vt 0.34375 0
vt 0.375 0
vt 0.40625 0
vt 0.4375 0
vt 0.46875 0
vt 0.5 0
vt 0.53125 0
vt 0.5625 0
vt 0.59375 0
vt 0.625 0
vt 0.65625 0
vt 0.6875 0
vt 0.71875 0
vt 0.75 0
vt 0.78125 0
vt 0.8125 0
vt 0.84375 0
vt 0.875 0
vt 0.90625 0
vt 0.9375 0
vt 0.96875 0
vt 1 0
vn 0 0.19905991802917128 0.9799873208538057
vn 0.19118603996491643 0.19905991782007604 0.9611571397227396
vn 0.3750249227059247 0.19905992275027265 0.9053902222268976
vn 0.5444517897782893 0.19905992459630253 0.8148296724021112
vn 0.6929556796947449 0.1990599205204006 0.6929556796947449
vn 0.8148296724021112 0.19905992459630253 0.5444517897782893
vn 0.9053902222268976 0.19905992275027265 0.3750249227059247
vn 0.9611571397227396 0.19905991782007604 0.19118603996491643
vn 0.9799873208538057 0.19905991802917128 6.000691741633731e-17
vn 0.9611571397227396 0.19905991782007604 -0.19118603996491643
vn 0.9053902222268976 0.19905992275027265 -0.3750249227059247
vn 0.8148296724021112 0.19905992459630253 -0.5444517897782893
vn 0.6929556796947449 0.1990599205204006 -0.6929556796947449
vn 0.5444517897782893 0.19905992459630253 -0.8148296724021112
vn 0.3750249227059247 0.19905992275027265 -0.9053902222268976
vn 0.19118603996491643 0.19905991782007604 -0.9611571397227396
vn 1.2001383483267462e-16 0.19905991802917128 -0.9799873208538057
vn -0.19118603996491643 0.19905991782007604 -0.9611571397227396
vn -0.3750249227059247 0.19905992275027265 -0.9053902222268976
vn -0.5444517897782893 0.19905992459630253 -0.8148296724021112
vn -0.6929556796947449 0.1990599205204006 -0.6929556796947449
vn -0.8148296724021112 0.19905992459630253 -0.5444517897782893
vn -0.9053902222268976 0.19905992275027265 -0.3750249227059247
vn -0.9611571397227396 0.19905991782007604 -0.19118603996491643
vn -0.9799873208538057 0.19905991802917128 -1.8002074563156705e-16
vn -0.9611571397227396 0.19905991782007604 0.19118603996491643
vn -0.9053902222268976 0.19905992275027265 0.3750249227059247
vn -0.8148296724021112 0.19905992459630253 0.5444517897782893
vn -0.6929556796947449 0.1990599205204006 0.6929556796947449
vn -0.5444517897782893 0.19905992459630253 0.8148296724021112
vn -0.3750249227059247 0.19905992275027265 0.9053902222268976
vn -0.19118603996491643 0.19905991782007604 0.9611571397227396
vn -2.4002766966534923e-16 0.19905991802917128 0.9799873208538057
vn 0 0.19905991802917128 0.9799873208538057
vn 0.19118603996491643 0.19905991782007604 0.9611571397227396
vn 0.3750249227059247 0.19905992275027265 0.9053902222268976
vn 0.5444517897782893 0.19905992459630253 0.8148296724021112
vn 0.6929556796947449 0.1990599205204006 0.6929556796947449
vn 0.8148296724021112 0.19905992459630253 0.5444517897782893
vn 0.9053902222268976 0.19905992275027265 0.3750249227059247
vn 0.9611571397227396 0.19905991782007604 0.19118603996491643
vn 0.9799873208538057 0.19905991802917128 6.000691741633731e-17
vn 0.9611571397227396 0.19905991782007604 -0.19118603996491643
vn 0.9053902222268976 0.19905992275027265 -0.3750249227059247
vn 0.8148296724021112 0.19905992459630253 -0.5444517897782893
vn 0.6929556796947449 0.1990599205204006 -0.6929556796947449
vn 0.5444517897782893 0.19905992459630253 -0.8148296724021112
vn 0.3750249227059247 0.19905992275027265 -0.9053902222268976
vn 0.19118603996491643 0.19905991782007604 -0.9611571397227396
vn 1.2001383483267462e-16 0.19905991802917128 -0.9799873208538057
vn -0.19118603996491643 0.19905991782007604 -0.9611571397227396
vn -0.3750249227059247 0.19905992275027265 -0.9053902222268976
vn -0.5444517897782893 0.19905992459630253 -0.8148296724021112
vn -0.6929556796947449 0.1990599205204006 -0.6929556796947449
vn -0.8148296724021112 0.19905992459630253 -0.5444517897782893
vn -0.9053902222268976 0.19905992275027265 -0.3750249227059247
vn -0.9611571397227396 0.19905991782007604 -0.19118603996491643
vn -0.9799873208538057 0.19905991802917128 -1.8002074563156705e-16
vn -0.9611571397227396 0.19905991782007604 0.19118603996491643
vn -0.9053902222268976 0.19905992275027265 0.3750249227059247
vn -0.8148296724021112 0.19905992459630253 0.5444517897782893
vn -0.6929556796947449 0.1990599205204006 0.6929556796947449
vn -0.5444517897782893 0.19905992459630253 0.8148296724021112
vn -0.3750249227059247 0.19905992275027265 0.9053902222268976
vn -0.19118603996491643 0.19905991782007604 0.9611571397227396
vn -2.4002766966534923e-16 0.19905991802917128 0.9799873208538057
f 3311/3311/3311 3344/3344/3344 3312/3312/3312
f 3344/3344/3344 3345/3345/3345 3312/3312/3312
f 3312/3312/3312 3345/3345/3345 3313/3313/3313
f 3345/3345/3345 3346/3346/3346 3313/3313/3313
f 3313/3313/3313 3346/3346/3346 3314/3314/3314
f 3346/3346/3346 3347/3347/3347 3314/3314/3314
f 3314/3314/3314 3347/3347/3347 3315/3315/3315
f 3347/3347/3347 3348/3348/3348 3315/3315/3315
f 3315/3315/3315 3348/3348/3348 3316/3316/3316
f 3348/3348/3348 3349/3349/3349 3316/3316/3316
f 3316/3316/3316 3349/3349/3349 3317/3317/3317
f 3349/3349/3349 3350/3350/3350 3317/3317/3317
f 3317/3317/3317 3350/3350/3350 3318/3318/3318
f 3350/3350/3350 3351/3351/3351 3318/3318/3318
f 3318/3318/3318 3351/3351/3351 3319/3319/3319
f 3351/3351/3351 3352/3352/3352 3319/3319/3319
f 3319/3319/3319 3352/3352/3352 3320/3320/3320
f 3352/3352/3352 3353/3353/3353 3320/3320/3320
f 3320/3320/3320 3353/3353/3353 3321/3321/3321
f 3353/3353/3353 3354/3354/3354 3321/3321/3321
f 3321/3321/3321 3354/3354/3354 3322/3322/3322
f 3354/3354/3354 3355/3355/3355 3322/3322/3322
f 3322/3322/3322 3355/3355/3355 3323/3323/3323
f 3355/3355/3355 3356/3356/3356 3323/3323/3323
f 3323/3323/3323 3356/3356/3356 3324/3324/3324
f 3356/3356/3356 3357/3357/3357 3324/3324/3324
f 3324/3324/3324 3357/3357/3357 3325/3325/3325
f 3357/3357/3357 3358/3358/3358 3325/3325/3325
f 3325/3325/3325 3358/3358/3358 3326/3326/3326
f 3358/3358/3358 3359/3359/3359 3326/3326/3326
f 3326/3326/3326 3359/3359/3359 3327/3327/3327
f 3359/3359/3359 3360/3360/3360 3327/3327/3327
f 3327/3327/3327 3360/3360/3360 3328/3328/3328
f 3360/3360/3360 3361/3361/3361 3328/3328/3328
f 3328/3328/3328 3361/3361/3361 3329/3329/3329
f 3361/3361/3361 3362/3362/3362 3329/3329/3329
f 3329/3329/3329 3362/3362/3362 3330/3330/3330
f 3362/3362/3362 3363/3363/3363 3330/3330/3330
f 3330/3330/3330 3363/3363/3363 3331/3331/3331
f 3363/3363/3363 3364/3364/3364 3331/3331/3331
f 3331/3331/3331 3364/3364/3364 3332/3332/3332
f 3364/3364/3364 3365/3365/3365 3332/3332/3332
f 3332/3332/3332 3365/3365/3365 3333/3333/3333
f 3365/3365/3365 3366/3366/3366 3333/3333/3333
f 3333/3333/3333 3366/3366/3366 3334/3334/3334
f 3366/3366/3366 3367/3367/3367 3334/3334/3334
f 3334/3334/3334 3367/3367/3367 3335/3335/3335
f 3367/3367/3367 3368/3368/3368 3335/3335/3335
f 3335/3335/3335 3368/3368/3368 3336/3336/3336
f 3368/3368/3368 3369/3369/3369 3336/3336/3336
f 3336/3336/3336 3369/3369/3369 3337/3337/3337
f 3369/3369/3369 3370/3370/3370 3337/3337/3337
f 3337/3337/3337 3370/3370/3370 3338/3338/3338
f 3370/3370/3370 3371/3371/3371 3338/3338/3338
f 3338/3338/3338 3371/3371/3371 3339/3339/3339
f 3371/3371/3371 3372/3372/3372 3339/3339/3339
f 3339/3339/3339 3372/3372/3372 3340/3340/3340
f 3372/3372/3372 3373/3373/3373 3340/3340/3340
f 3340/3340/3340 3373/3373/3373 3341/3341/3341
f 3373/3373/3373 3374/3374/3374 3341/3341/3341
f 3341/3341/3341 3374/3374/3374 3342/3342/3342
f 3374/3374/3374 3375/3375/3375 3342/3342/3342
f 3342/3342/3342 3375/3375/3375 3343/3343/3343
f 3375/3375/3375 3376/3376/3376 3343/3343/3343
o stage2_band
usemtl trim_black
v 0 60.19999999403954 1.8573999404907227
v 0.24243934452533722 60.19999999403954 1.8415096998214722
v 0.48073050379753113 60.19999999403954 1.794110655784607
v 0.7107962369918823 60.19999999403954 1.716013789176941
v 0.9286999702453613 60.19999999403954 1.608555555343628
v 1.1307134628295898 60.19999999403954 1.4735745191574097
v 1.3133801221847534 60.19999999403954 1.3133801221847534
v 1.4735745191574097 60.19999999403954 1.1307134628295898
v 1.608555555343628 60.19999999403954 0.9286999702453613
v 1.716013789176941 60.19999999403954 0.7107962369918823
v 1.794110655784607 60.19999999403954 0.48073050379753113
v 1.8415096998214722 60.19999999403954 0.24243934452533722
v 1.8573999404907227 60.19999999403954 1.1373295347751722e-16
v 1.8415096998214722 60.19999999403954 -0.24243934452533722
v 1.794110655784607 60.19999999403954 -0.48073050379753113
v 1.716013789176941 60.19999999403954 -0.7107962369918823
v 1.608555555343628 60.19999999403954 -0.9286999702453613
v 1.4735745191574097 60.19999999403954 -1.1307134628295898
v 1.3133801221847534 60.19999999403954 -1.3133801221847534
v 1.1307134628295898 60.19999999403954 -1.4735745191574097
v 0.9286999702453613 60.19999999403954 -1.608555555343628
v 0.7107962369918823 60.19999999403954 -1.716013789176941
v 0.48073050379753113 60.19999999403954 -1.794110655784607
v 0.24243934452533722 60.19999999403954 -1.8415096998214722
v 2.2746590695503445e-16 60.19999999403954 -1.8573999404907227
v -0.24243934452533722 60.19999999403954 -1.8415096998214722
v -0.48073050379753113 60.19999999403954 -1.794110655784607
v -0.7107962369918823 60.19999999403954 -1.716013789176941
v -0.9286999702453613 60.19999999403954 -1.608555555343628
v -1.1307134628295898 60.19999999403954 -1.4735745191574097
v -1.3133801221847534 60.19999999403954 -1.3133801221847534
v -1.4735745191574097 60.19999999403954 -1.1307134628295898
v -1.608555555343628 60.19999999403954 -0.9286999702453613
v -1.716013789176941 60.19999999403954 -0.7107962369918823
v -1.794110655784607 60.19999999403954 -0.48073050379753113
v -1.8415096998214722 60.19999999403954 -0.24243934452533722
v -1.8573999404907227 60.19999999403954 -3.4119884719766187e-16
v -1.8415096998214722 60.19999999403954 0.24243934452533722
v -1.794110655784607 60.19999999403954 0.48073050379753113
v -1.716013789176941 60.19999999403954 0.7107962369918823
v -1.608555555343628 60.19999999403954 0.9286999702453613
v -1.4735745191574097 60.19999999403954 1.1307134628295898
v -1.3133801221847534 60.19999999403954 1.3133801221847534
v -1.1307134628295898 60.19999999403954 1.4735745191574097
v -0.9286999702453613 60.19999999403954 1.608555555343628
v -0.7107962369918823 60.19999999403954 1.716013789176941
v -0.48073050379753113 60.19999999403954 1.794110655784607
v -0.24243934452533722 60.19999999403954 1.8415096998214722
v -4.549318139100689e-16 60.19999999403954 1.8573999404907227
v 0 59.500000005960466 1.8573999404907227
v 0.24243934452533722 59.500000005960466 1.8415096998214722
v 0.48073050379753113 59.500000005960466 1.794110655784607
v 0.7107962369918823 59.500000005960466 1.716013789176941
v 0.9286999702453613 59.500000005960466 1.608555555343628
v 1.1307134628295898 59.500000005960466 1.4735745191574097
v 1.3133801221847534 59.500000005960466 1.3133801221847534
v 1.4735745191574097 59.500000005960466 1.1307134628295898
v 1.608555555343628 59.500000005960466 0.9286999702453613
v 1.716013789176941 59.500000005960466 0.7107962369918823
v 1.794110655784607 59.500000005960466 0.48073050379753113
v 1.8415096998214722 59.500000005960466 0.24243934452533722
v 1.8573999404907227 59.500000005960466 1.1373295347751722e-16
v 1.8415096998214722 59.500000005960466 -0.24243934452533722
v 1.794110655784607 59.500000005960466 -0.48073050379753113
v 1.716013789176941 59.500000005960466 -0.7107962369918823
v 1.608555555343628 59.500000005960466 -0.9286999702453613
v 1.4735745191574097 59.500000005960466 -1.1307134628295898
v 1.3133801221847534 59.500000005960466 -1.3133801221847534
v 1.1307134628295898 59.500000005960466 -1.4735745191574097
v 0.9286999702453613 59.500000005960466 -1.608555555343628
v 0.7107962369918823 59.500000005960466 -1.716013789176941
v 0.48073050379753113 59.500000005960466 -1.794110655784607
v 0.24243934452533722 59.500000005960466 -1.8415096998214722
v 2.2746590695503445e-16 59.500000005960466 -1.8573999404907227
v -0.24243934452533722 59.500000005960466 -1.8415096998214722
v -0.48073050379753113 59.500000005960466 -1.794110655784607
v -0.7107962369918823 59.500000005960466 -1.716013789176941
v -0.9286999702453613 59.500000005960466 -1.608555555343628
v -1.1307134628295898 59.500000005960466 -1.4735745191574097
v -1.3133801221847534 59.500000005960466 -1.3133801221847534
v -1.4735745191574097 59.500000005960466 -1.1307134628295898
v -1.608555555343628 59.500000005960466 -0.9286999702453613
v -1.716013789176941 59.500000005960466 -0.7107962369918823
v -1.794110655784607 59.500000005960466 -0.48073050379753113
v -1.8415096998214722 59.500000005960466 -0.24243934452533722
v -1.8573999404907227 59.500000005960466 -3.4119884719766187e-16
v -1.8415096998214722 59.500000005960466 0.24243934452533722
v -1.794110655784607 59.500000005960466 0.48073050379753113
v -1.716013789176941 59.500000005960466 0.7107962369918823
v -1.608555555343628 59.500000005960466 0.9286999702453613
v -1.4735745191574097 59.500000005960466 1.1307134628295898
v -1.3133801221847534 59.500000005960466 1.3133801221847534
v -1.1307134628295898 59.500000005960466 1.4735745191574097
v -0.9286999702453613 59.500000005960466 1.608555555343628
v -0.7107962369918823 59.500000005960466 1.716013789176941
v -0.48073050379753113 59.500000005960466 1.794110655784607
v -0.24243934452533722 59.500000005960466 1.8415096998214722
v -4.549318139100689e-16 59.500000005960466 1.8573999404907227
v 0 60.19999999403954 0
v 0 60.19999999403954 0
v 0 60.19999999403954 0
v 0 60.19999999403954 0
v 0 60.19999999403954 0
v 0 60.19999999403954 0
v 0 60.19999999403954 0
v 0 60.19999999403954 0
v 0 60.19999999403954 0
v 0 60.19999999403954 0
v 0 60.19999999403954 0
v 0 60.19999999403954 0
v 0 60.19999999403954 0
v 0 60.19999999403954 0
v 0 60.19999999403954 0
v 0 60.19999999403954 0
v 0 60.19999999403954 0
v 0 60.19999999403954 0
v 0 60.19999999403954 0
v 0 60.19999999403954 0
v 0 60.19999999403954 0
v 0 60.19999999403954 0
v 0 60.19999999403954 0
v 0 60.19999999403954 0
v 0 60.19999999403954 0
v 0 60.19999999403954 0
v 0 60.19999999403954 0
v 0 60.19999999403954 0
v 0 60.19999999403954 0
v 0 60.19999999403954 0
v 0 60.19999999403954 0
v 0 60.19999999403954 0
v 0 60.19999999403954 0
v 0 60.19999999403954 0
v 0 60.19999999403954 0
v 0 60.19999999403954 0
v 0 60.19999999403954 0
v 0 60.19999999403954 0
v 0 60.19999999403954 0
v 0 60.19999999403954 0
v 0 60.19999999403954 0
v 0 60.19999999403954 0
v 0 60.19999999403954 0
v 0 60.19999999403954 0
v 0 60.19999999403954 0
v 0 60.19999999403954 0
v 0 60.19999999403954 0
v 0 60.19999999403954 0
v 0 60.19999999403954 1.8573999404907227
v 0.24243934452533722 60.19999999403954 1.8415096998214722
v 0.48073050379753113 60.19999999403954 1.794110655784607
v 0.7107962369918823 60.19999999403954 1.716013789176941
v 0.9286999702453613 60.19999999403954 1.608555555343628
v 1.1307134628295898 60.19999999403954 1.4735745191574097
v 1.3133801221847534 60.19999999403954 1.3133801221847534
v 1.4735745191574097 60.19999999403954 1.1307134628295898
v 1.608555555343628 60.19999999403954 0.9286999702453613
v 1.716013789176941 60.19999999403954 0.7107962369918823
v 1.794110655784607 60.19999999403954 0.48073050379753113
v 1.8415096998214722 60.19999999403954 0.24243934452533722
v 1.8573999404907227 60.19999999403954 1.1373295347751722e-16
v 1.8415096998214722 60.19999999403954 -0.24243934452533722
v 1.794110655784607 60.19999999403954 -0.48073050379753113
v 1.716013789176941 60.19999999403954 -0.7107962369918823
v 1.608555555343628 60.19999999403954 -0.9286999702453613
v 1.4735745191574097 60.19999999403954 -1.1307134628295898
v 1.3133801221847534 60.19999999403954 -1.3133801221847534
v 1.1307134628295898 60.19999999403954 -1.4735745191574097
v 0.9286999702453613 60.19999999403954 -1.608555555343628
v 0.7107962369918823 60.19999999403954 -1.716013789176941
v 0.48073050379753113 60.19999999403954 -1.794110655784607
v 0.24243934452533722 60.19999999403954 -1.8415096998214722
v 2.2746590695503445e-16 60.19999999403954 -1.8573999404907227
v -0.24243934452533722 60.19999999403954 -1.8415096998214722
v -0.48073050379753113 60.19999999403954 -1.794110655784607
v -0.7107962369918823 60.19999999403954 -1.716013789176941
v -0.9286999702453613 60.19999999403954 -1.608555555343628
v -1.1307134628295898 60.19999999403954 -1.4735745191574097
v -1.3133801221847534 60.19999999403954 -1.3133801221847534
v -1.4735745191574097 60.19999999403954 -1.1307134628295898
v -1.608555555343628 60.19999999403954 -0.9286999702453613
v -1.716013789176941 60.19999999403954 -0.7107962369918823
v -1.794110655784607 60.19999999403954 -0.48073050379753113
v -1.8415096998214722 60.19999999403954 -0.24243934452533722
v -1.8573999404907227 60.19999999403954 -3.4119884719766187e-16
v -1.8415096998214722 60.19999999403954 0.24243934452533722
v -1.794110655784607 60.19999999403954 0.48073050379753113
v -1.716013789176941 60.19999999403954 0.7107962369918823
v -1.608555555343628 60.19999999403954 0.9286999702453613
v -1.4735745191574097 60.19999999403954 1.1307134628295898
v -1.3133801221847534 60.19999999403954 1.3133801221847534
v -1.1307134628295898 60.19999999403954 1.4735745191574097
v -0.9286999702453613 60.19999999403954 1.608555555343628
v -0.7107962369918823 60.19999999403954 1.716013789176941
v -0.48073050379753113 60.19999999403954 1.794110655784607
v -0.24243934452533722 60.19999999403954 1.8415096998214722
v -4.549318139100689e-16 60.19999999403954 1.8573999404907227
v 0 59.500000005960466 0
v 0 59.500000005960466 0
v 0 59.500000005960466 0
v 0 59.500000005960466 0
v 0 59.500000005960466 0
v 0 59.500000005960466 0
v 0 59.500000005960466 0
v 0 59.500000005960466 0
v 0 59.500000005960466 0
v 0 59.500000005960466 0
v 0 59.500000005960466 0
v 0 59.500000005960466 0
v 0 59.500000005960466 0
v 0 59.500000005960466 0
v 0 59.500000005960466 0
v 0 59.500000005960466 0
v 0 59.500000005960466 0
v 0 59.500000005960466 0
v 0 59.500000005960466 0
v 0 59.500000005960466 0
v 0 59.500000005960466 0
v 0 59.500000005960466 0
v 0 59.500000005960466 0
v 0 59.500000005960466 0
v 0 59.500000005960466 0
v 0 59.500000005960466 0
v 0 59.500000005960466 0
v 0 59.500000005960466 0
v 0 59.500000005960466 0
v 0 59.500000005960466 0
v 0 59.500000005960466 0
v 0 59.500000005960466 0
v 0 59.500000005960466 0
v 0 59.500000005960466 0
v 0 59.500000005960466 0
v 0 59.500000005960466 0
v 0 59.500000005960466 0
v 0 59.500000005960466 0
v 0 59.500000005960466 0
v 0 59.500000005960466 0
v 0 59.500000005960466 0
v 0 59.500000005960466 0
v 0 59.500000005960466 0
v 0 59.500000005960466 0
v 0 59.500000005960466 0
v 0 59.500000005960466 0
v 0 59.500000005960466 0
v 0 59.500000005960466 0
v 0 59.500000005960466 1.8573999404907227
v 0.24243934452533722 59.500000005960466 1.8415096998214722
v 0.48073050379753113 59.500000005960466 1.794110655784607
v 0.7107962369918823 59.500000005960466 1.716013789176941
v 0.9286999702453613 59.500000005960466 1.608555555343628
v 1.1307134628295898 59.500000005960466 1.4735745191574097
v 1.3133801221847534 59.500000005960466 1.3133801221847534
v 1.4735745191574097 59.500000005960466 1.1307134628295898
v 1.608555555343628 59.500000005960466 0.9286999702453613
v 1.716013789176941 59.500000005960466 0.7107962369918823
v 1.794110655784607 59.500000005960466 0.48073050379753113
v 1.8415096998214722 59.500000005960466 0.24243934452533722
v 1.8573999404907227 59.500000005960466 1.1373295347751722e-16
v 1.8415096998214722 59.500000005960466 -0.24243934452533722
v 1.794110655784607 59.500000005960466 -0.48073050379753113
v 1.716013789176941 59.500000005960466 -0.7107962369918823
v 1.608555555343628 59.500000005960466 -0.9286999702453613
v 1.4735745191574097 59.500000005960466 -1.1307134628295898
v 1.3133801221847534 59.500000005960466 -1.3133801221847534
v 1.1307134628295898 59.500000005960466 -1.4735745191574097
v 0.9286999702453613 59.500000005960466 -1.608555555343628
v 0.7107962369918823 59.500000005960466 -1.716013789176941
v 0.48073050379753113 59.500000005960466 -1.794110655784607
v 0.24243934452533722 59.500000005960466 -1.8415096998214722
v 2.2746590695503445e-16 59.500000005960466 -1.8573999404907227
v -0.24243934452533722 59.500000005960466 -1.8415096998214722
v -0.48073050379753113 59.500000005960466 -1.794110655784607
v -0.7107962369918823 59.500000005960466 -1.716013789176941
v -0.9286999702453613 59.500000005960466 -1.608555555343628
v -1.1307134628295898 59.500000005960466 -1.4735745191574097
v -1.3133801221847534 59.500000005960466 -1.3133801221847534
v -1.4735745191574097 59.500000005960466 -1.1307134628295898
v -1.608555555343628 59.500000005960466 -0.9286999702453613
v -1.716013789176941 59.500000005960466 -0.7107962369918823
v -1.794110655784607 59.500000005960466 -0.48073050379753113
v -1.8415096998214722 59.500000005960466 -0.24243934452533722
v -1.8573999404907227 59.500000005960466 -3.4119884719766187e-16
v -1.8415096998214722 59.500000005960466 0.24243934452533722
v -1.794110655784607 59.500000005960466 0.48073050379753113
v -1.716013789176941 59.500000005960466 0.7107962369918823
v -1.608555555343628 59.500000005960466 0.9286999702453613
v -1.4735745191574097 59.500000005960466 1.1307134628295898
v -1.3133801221847534 59.500000005960466 1.3133801221847534
v -1.1307134628295898 59.500000005960466 1.4735745191574097
v -0.9286999702453613 59.500000005960466 1.608555555343628
v -0.7107962369918823 59.500000005960466 1.716013789176941
v -0.48073050379753113 59.500000005960466 1.794110655784607
v -0.24243934452533722 59.500000005960466 1.8415096998214722
v -4.549318139100689e-16 59.500000005960466 1.8573999404907227
vt 0 1
vt 0.02083333395421505 1
vt 0.0416666679084301 1
vt 0.0625 1
vt 0.0833333358168602 1
vt 0.1041666641831398 1
vt 0.125 1
vt 0.1458333283662796 1
vt 0.1666666716337204 1
vt 0.1875 1
vt 0.2083333283662796 1
vt 0.2291666716337204 1
vt 0.25 1
vt 0.2708333432674408 1
vt 0.2916666567325592 1
vt 0.3125 1
vt 0.3333333432674408 1
vt 0.3541666567325592 1
vt 0.375 1
vt 0.3958333432674408 1
vt 0.4166666567325592 1
vt 0.4375 1
vt 0.4583333432674408 1
vt 0.4791666567325592 1
vt 0.5 1
vt 0.5208333134651184 1
vt 0.5416666865348816 1
vt 0.5625 1
vt 0.5833333134651184 1
vt 0.6041666865348816 1
vt 0.625 1
vt 0.6458333134651184 1
vt 0.6666666865348816 1
vt 0.6875 1
vt 0.7083333134651184 1
vt 0.7291666865348816 1
vt 0.75 1
vt 0.7708333134651184 1
vt 0.7916666865348816 1
vt 0.8125 1
vt 0.8333333134651184 1
vt 0.8541666865348816 1
vt 0.875 1
vt 0.8958333134651184 1
vt 0.9166666865348816 1
vt 0.9375 1
vt 0.9583333134651184 1
vt 0.9791666865348816 1
vt 1 1
vt 0 0
vt 0.02083333395421505 0
vt 0.0416666679084301 0
vt 0.0625 0
vt 0.0833333358168602 0
vt 0.1041666641831398 0
vt 0.125 0
vt 0.1458333283662796 0
vt 0.1666666716337204 0
vt 0.1875 0
vt 0.2083333283662796 0
vt 0.2291666716337204 0
vt 0.25 0
vt 0.2708333432674408 0
vt 0.2916666567325592 0
vt 0.3125 0
vt 0.3333333432674408 0
vt 0.3541666567325592 0
vt 0.375 0
vt 0.3958333432674408 0
vt 0.4166666567325592 0
vt 0.4375 0
vt 0.4583333432674408 0
vt 0.4791666567325592 0
vt 0.5 0
vt 0.5208333134651184 0
vt 0.5416666865348816 0
vt 0.5625 0
vt 0.5833333134651184 0
vt 0.6041666865348816 0
vt 0.625 0
vt 0.6458333134651184 0
vt 0.6666666865348816 0
vt 0.6875 0
vt 0.7083333134651184 0
vt 0.7291666865348816 0
vt 0.75 0
vt 0.7708333134651184 0
vt 0.7916666865348816 0
vt 0.8125 0
vt 0.8333333134651184 0
vt 0.8541666865348816 0
vt 0.875 0
vt 0.8958333134651184 0
vt 0.9166666865348816 0
vt 0.9375 0
vt 0.9583333134651184 0
vt 0.9791666865348816 0
vt 1 0
vt 0.5 0.5
vt 0.5 0.5
vt 0.5 0.5
vt 0.5 0.5
vt 0.5 0.5
vt 0.5 0.5
vt 0.5 0.5
vt 0.5 0.5
vt 0.5 0.5
vt 0.5 0.5
vt 0.5 0.5
vt 0.5 0.5
vt 0.5 0.5
vt 0.5 0.5
vt 0.5 0.5
vt 0.5 0.5
vt 0.5 0.5
vt 0.5 0.5
vt 0.5 0.5
vt 0.5 0.5
vt 0.5 0.5
vt 0.5 0.5
vt 0.5 0.5
vt 0.5 0.5
vt 0.5 0.5
vt 0.5 0.5
vt 0.5 0.5
vt 0.5 0.5
vt 0.5 0.5
vt 0.5 0.5
vt 0.5 0.5
vt 0.5 0.5
vt 0.5 0.5
vt 0.5 0.5
vt 0.5 0.5
vt 0.5 0.5
vt 0.5 0.5
vt 0.5 0.5
vt 0.5 0.5
vt 0.5 0.5
vt 0.5 0.5
vt 0.5 0.5
vt 0.5 0.5
vt 0.5 0.5
vt 0.5 0.5
vt 0.5 0.5
vt 0.5 0.5
vt 0.5 0.5
vt 1 0.5
vt 0.9957224130630493 0.5652630925178528
vt 0.9829629063606262 0.6294095516204834
vt 0.9619397521018982 0.6913416981697083
vt 0.9330127239227295 0.75
vt 0.8966766595840454 0.8043807148933411
vt 0.8535534143447876 0.8535534143447876
vt 0.8043807148933411 0.8966766595840454
vt 0.75 0.9330127239227295
vt 0.6913416981697083 0.9619397521018982
vt 0.6294095516204834 0.9829629063606262
vt 0.5652630925178528 0.9957224130630493
vt 0.5 1
vt 0.4347369074821472 0.9957224130630493
vt 0.370590478181839 0.9829629063606262
vt 0.30865827202796936 0.9619397521018982
vt 0.25 0.9330127239227295
vt 0.19561928510665894 0.8966766595840454
vt 0.1464466154575348 0.8535534143447876
vt 0.10332333296537399 0.8043807148933411
vt 0.0669872984290123 0.75
vt 0.03806023299694061 0.6913416981697083
vt 0.017037086188793182 0.6294095516204834
vt 0.004277569241821766 0.5652630925178528
vt 0 0.5
vt 0.004277569241821766 0.4347369074821472
vt 0.017037086188793182 0.370590478181839
vt 0.03806023299694061 0.30865827202796936
vt 0.0669872984290123 0.25
vt 0.10332333296537399 0.19561928510665894
vt 0.1464466154575348 0.1464466154575348
vt 0.19561928510665894 0.10332333296537399
vt 0.25 0.0669872984290123
vt 0.30865827202796936 0.03806023299694061
vt 0.370590478181839 0.017037086188793182
vt 0.4347369074821472 0.004277569241821766
vt 0.5 0
vt 0.5652630925178528 0.004277569241821766
vt 0.6294095516204834 0.017037086188793182
vt 0.6913416981697083 0.03806023299694061
vt 0.75 0.0669872984290123
vt 0.8043807148933411 0.10332333296537399
vt 0.8535534143447876 0.1464466154575348
vt 0.8966766595840454 0.19561928510665894
vt 0.9330127239227295 0.25
vt 0.9619397521018982 0.30865827202796936
vt 0.9829629063606262 0.370590478181839
vt 0.9957224130630493 0.4347369074821472
vt 1 0.5
vt 0.5 0.5
vt 0.5 0.5
vt 0.5 0.5
vt 0.5 0.5
vt 0.5 0.5
vt 0.5 0.5
vt 0.5 0.5
vt 0.5 0.5
vt 0.5 0.5
vt 0.5 0.5
vt 0.5 0.5
vt 0.5 0.5
vt 0.5 0.5
vt 0.5 0.5
vt 0.5 0.5
vt 0.5 0.5
vt 0.5 0.5
vt 0.5 0.5
vt 0.5 0.5
vt 0.5 0.5
vt 0.5 0.5
vt 0.5 0.5
vt 0.5 0.5
vt 0.5 0.5
vt 0.5 0.5
vt 0.5 0.5
vt 0.5 0.5
vt 0.5 0.5
vt 0.5 0.5
vt 0.5 0.5
vt 0.5 0.5
vt 0.5 0.5
vt 0.5 0.5
vt 0.5 0.5
vt 0.5 0.5
vt 0.5 0.5
vt 0.5 0.5
vt 0.5 0.5
vt 0.5 0.5
vt 0.5 0.5
vt 0.5 0.5
vt 0.5 0.5
vt 0.5 0.5
vt 0.5 0.5
vt 0.5 0.5
vt 0.5 0.5
vt 0.5 0.5
vt 0.5 0.5
vt 1 0.5
vt 0.9957224130630493 0.4347369074821472
vt 0.9829629063606262 0.370590478181839
vt 0.9619397521018982 0.30865827202796936
vt 0.9330127239227295 0.25
vt 0.8966766595840454 0.19561928510665894
vt 0.8535534143447876 0.1464466154575348
vt 0.8043807148933411 0.10332333296537399
vt 0.75 0.0669872984290123
vt 0.6913416981697083 0.03806023299694061
vt 0.6294095516204834 0.017037086188793182
vt 0.5652630925178528 0.004277569241821766
vt 0.5 0
vt 0.4347369074821472 0.004277569241821766
vt 0.370590478181839 0.017037086188793182
vt 0.30865827202796936 0.03806023299694061
vt 0.25 0.0669872984290123
vt 0.19561928510665894 0.10332333296537399
vt 0.1464466154575348 0.1464466154575348
vt 0.10332333296537399 0.19561928510665894
vt 0.0669872984290123 0.25
vt 0.03806023299694061 0.30865827202796936
vt 0.017037086188793182 0.370590478181839
vt 0.004277569241821766 0.4347369074821472
vt 0 0.5
vt 0.004277569241821766 0.5652630925178528
vt 0.017037086188793182 0.6294095516204834
vt 0.03806023299694061 0.6913416981697083
vt 0.0669872984290123 0.75
vt 0.10332333296537399 0.8043807148933411
vt 0.1464466154575348 0.8535534143447876
vt 0.19561928510665894 0.8966766595840454
vt 0.25 0.9330127239227295
vt 0.30865827202796936 0.9619397521018982
vt 0.370590478181839 0.9829629063606262
vt 0.4347369074821472 0.9957224130630493
vt 0.5 1
vt 0.5652630925178528 0.9957224130630493
vt 0.6294095516204834 0.9829629063606262
vt 0.6913416981697083 0.9619397521018982
vt 0.75 0.9330127239227295
vt 0.8043807148933411 0.8966766595840454
vt 0.8535534143447876 0.8535534143447876
vt 0.8966766595840454 0.8043807148933411
vt 0.9330127239227295 0.75
vt 0.9619397521018982 0.6913416981697083
vt 0.9829629063606262 0.6294095516204834
vt 0.9957224130630493 0.5652630925178528
vt 1 0.5
vn 0 0 1
vn 0.13052618200608704 0 0.9914448627185043
vn 0.2588190471264927 0 0.9659258257467466
vn 0.3826834370613369 0 0.9238795305660377
vn 0.5000000067305869 0 0.8660253998985324
vn 0.6087614397000725 0 0.7933533320874723
vn 0.7071067811865476 0 0.7071067811865476
vn 0.7933533320874723 0 0.6087614397000725
vn 0.8660253998985324 0 0.5000000067305869
vn 0.9238795305660377 0 0.3826834370613369
vn 0.9659258257467466 0 0.2588190471264927
vn 0.9914448627185043 0 0.13052618200608704
vn 1 0 6.123234262925839e-17
vn 0.9914448627185043 0 -0.13052618200608704
vn 0.9659258257467466 0 -0.2588190471264927
vn 0.9238795305660377 0 -0.3826834370613369
vn 0.8660253998985324 0 -0.5000000067305869
vn 0.7933533320874723 0 -0.6087614397000725
vn 0.7071067811865476 0 -0.7071067811865476
vn 0.6087614397000725 0 -0.7933533320874723
vn 0.5000000067305869 0 -0.8660253998985324
vn 0.3826834370613369 0 -0.9238795305660377
vn 0.2588190471264927 0 -0.9659258257467466
vn 0.13052618200608704 0 -0.9914448627185043
vn 1.2246468525851679e-16 0 -1
vn -0.13052618200608704 0 -0.9914448627185043
vn -0.2588190471264927 0 -0.9659258257467466
vn -0.3826834370613369 0 -0.9238795305660377
vn -0.5000000067305869 0 -0.8660253998985324
vn -0.6087614397000725 0 -0.7933533320874723
vn -0.7071067811865476 0 -0.7071067811865476
vn -0.7933533320874723 0 -0.6087614397000725
vn -0.8660253998985324 0 -0.5000000067305869
vn -0.9238795305660377 0 -0.3826834370613369
vn -0.9659258257467466 0 -0.2588190471264927
vn -0.9914448627185043 0 -0.13052618200608704
vn -1 0 -1.8369701465288538e-16
vn -0.9914448627185043 0 0.13052618200608704
vn -0.9659258257467466 0 0.2588190471264927
vn -0.9238795305660377 0 0.3826834370613369
vn -0.8660253998985324 0 0.5000000067305869
vn -0.7933533320874723 0 0.6087614397000725
vn -0.7071067811865476 0 0.7071067811865476
vn -0.6087614397000725 0 0.7933533320874723
vn -0.5000000067305869 0 0.8660253998985324
vn -0.3826834370613369 0 0.9238795305660377
vn -0.2588190471264927 0 0.9659258257467466
vn -0.13052618200608704 0 0.9914448627185043
vn -2.4492937051703357e-16 0 1
vn 0 0 1
vn 0.13052618200608704 0 0.9914448627185043
vn 0.2588190471264927 0 0.9659258257467466
vn 0.3826834370613369 0 0.9238795305660377
vn 0.5000000067305869 0 0.8660253998985324
vn 0.6087614397000725 0 0.7933533320874723
vn 0.7071067811865476 0 0.7071067811865476
vn 0.7933533320874723 0 0.6087614397000725
vn 0.8660253998985324 0 0.5000000067305869
vn 0.9238795305660377 0 0.3826834370613369
vn 0.9659258257467466 0 0.2588190471264927
vn 0.9914448627185043 0 0.13052618200608704
vn 1 0 6.123234262925839e-17
vn 0.9914448627185043 0 -0.13052618200608704
vn 0.9659258257467466 0 -0.2588190471264927
vn 0.9238795305660377 0 -0.3826834370613369
vn 0.8660253998985324 0 -0.5000000067305869
vn 0.7933533320874723 0 -0.6087614397000725
vn 0.7071067811865476 0 -0.7071067811865476
vn 0.6087614397000725 0 -0.7933533320874723
vn 0.5000000067305869 0 -0.8660253998985324
vn 0.3826834370613369 0 -0.9238795305660377
vn 0.2588190471264927 0 -0.9659258257467466
vn 0.13052618200608704 0 -0.9914448627185043
vn 1.2246468525851679e-16 0 -1
vn -0.13052618200608704 0 -0.9914448627185043
vn -0.2588190471264927 0 -0.9659258257467466
vn -0.3826834370613369 0 -0.9238795305660377
vn -0.5000000067305869 0 -0.8660253998985324
vn -0.6087614397000725 0 -0.7933533320874723
vn -0.7071067811865476 0 -0.7071067811865476
vn -0.7933533320874723 0 -0.6087614397000725
vn -0.8660253998985324 0 -0.5000000067305869
vn -0.9238795305660377 0 -0.3826834370613369
vn -0.9659258257467466 0 -0.2588190471264927
vn -0.9914448627185043 0 -0.13052618200608704
vn -1 0 -1.8369701465288538e-16
vn -0.9914448627185043 0 0.13052618200608704
vn -0.9659258257467466 0 0.2588190471264927
vn -0.9238795305660377 0 0.3826834370613369
vn -0.8660253998985324 0 0.5000000067305869
vn -0.7933533320874723 0 0.6087614397000725
vn -0.7071067811865476 0 0.7071067811865476
vn -0.6087614397000725 0 0.7933533320874723
vn -0.5000000067305869 0 0.8660253998985324
vn -0.3826834370613369 0 0.9238795305660377
vn -0.2588190471264927 0 0.9659258257467466
vn -0.13052618200608704 0 0.9914448627185043
vn -2.4492937051703357e-16 0 1
vn 0 1 0
vn 0 1 0
vn 0 1 0
vn 0 1 0
vn 0 1 0
vn 0 1 0
vn 0 1 0
vn 0 1 0
vn 0 1 0
vn 0 1 0
vn 0 1 0
vn 0 1 0
vn 0 1 0
vn 0 1 0
vn 0 1 0
vn 0 1 0
vn 0 1 0
vn 0 1 0
vn 0 1 0
vn 0 1 0
vn 0 1 0
vn 0 1 0
vn 0 1 0
vn 0 1 0
vn 0 1 0
vn 0 1 0
vn 0 1 0
vn 0 1 0
vn 0 1 0
vn 0 1 0
vn 0 1 0
vn 0 1 0
vn 0 1 0
vn 0 1 0
vn 0 1 0
vn 0 1 0
vn 0 1 0
vn 0 1 0
vn 0 1 0
vn 0 1 0
vn 0 1 0
vn 0 1 0
vn 0 1 0
vn 0 1 0
vn 0 1 0
vn 0 1 0
vn 0 1 0
vn 0 1 0
vn 0 1 0
vn 0 1 0
vn 0 1 0
vn 0 1 0
vn 0 1 0
vn 0 1 0
vn 0 1 0
vn 0 1 0
vn 0 1 0
vn 0 1 0
vn 0 1 0
vn 0 1 0
vn 0 1 0
vn 0 1 0
vn 0 1 0
vn 0 1 0
vn 0 1 0
vn 0 1 0
vn 0 1 0
vn 0 1 0
vn 0 1 0
vn 0 1 0
vn 0 1 0
vn 0 1 0
vn 0 1 0
vn 0 1 0
vn 0 1 0
vn 0 1 0
vn 0 1 0
vn 0 1 0
vn 0 1 0
vn 0 1 0
vn 0 1 0
vn 0 1 0
vn 0 1 0
vn 0 1 0
vn 0 1 0
vn 0 1 0
vn 0 1 0
vn 0 1 0
vn 0 1 0
vn 0 1 0
vn 0 1 0
vn 0 1 0
vn 0 1 0
vn 0 1 0
vn 0 1 0
vn 0 1 0
vn 0 1 0
vn 0 -1 0
vn 0 -1 0
vn 0 -1 0
vn 0 -1 0
vn 0 -1 0
vn 0 -1 0
vn 0 -1 0
vn 0 -1 0
vn 0 -1 0
vn 0 -1 0
vn 0 -1 0
vn 0 -1 0
vn 0 -1 0
vn 0 -1 0
vn 0 -1 0
vn 0 -1 0
vn 0 -1 0
vn 0 -1 0
vn 0 -1 0
vn 0 -1 0
vn 0 -1 0
vn 0 -1 0
vn 0 -1 0
vn 0 -1 0
vn 0 -1 0
vn 0 -1 0
vn 0 -1 0
vn 0 -1 0
vn 0 -1 0
vn 0 -1 0
vn 0 -1 0
vn 0 -1 0
vn 0 -1 0
vn 0 -1 0
vn 0 -1 0
vn 0 -1 0
vn 0 -1 0
vn 0 -1 0
vn 0 -1 0
vn 0 -1 0
vn 0 -1 0
vn 0 -1 0
vn 0 -1 0
vn 0 -1 0
vn 0 -1 0
vn 0 -1 0
vn 0 -1 0
vn 0 -1 0
vn 0 -1 0
vn 0 -1 0
vn 0 -1 0
vn 0 -1 0
vn 0 -1 0
vn 0 -1 0
vn 0 -1 0
vn 0 -1 0
vn 0 -1 0
vn 0 -1 0
vn 0 -1 0
vn 0 -1 0
vn 0 -1 0
vn 0 -1 0
vn 0 -1 0
vn 0 -1 0
vn 0 -1 0
vn 0 -1 0
vn 0 -1 0
vn 0 -1 0
vn 0 -1 0
vn 0 -1 0
vn 0 -1 0
vn 0 -1 0
vn 0 -1 0
vn 0 -1 0
vn 0 -1 0
vn 0 -1 0
vn 0 -1 0
vn 0 -1 0
vn 0 -1 0
vn 0 -1 0
vn 0 -1 0
vn 0 -1 0
vn 0 -1 0
vn 0 -1 0
vn 0 -1 0
vn 0 -1 0
vn 0 -1 0
vn 0 -1 0
vn 0 -1 0
vn 0 -1 0
vn 0 -1 0
vn 0 -1 0
vn 0 -1 0
vn 0 -1 0
vn 0 -1 0
vn 0 -1 0
vn 0 -1 0
f 3377/3377/3377 3426/3426/3426 3378/3378/3378
f 3426/3426/3426 3427/3427/3427 3378/3378/3378
f 3378/3378/3378 3427/3427/3427 3379/3379/3379
f 3427/3427/3427 3428/3428/3428 3379/3379/3379
f 3379/3379/3379 3428/3428/3428 3380/3380/3380
f 3428/3428/3428 3429/3429/3429 3380/3380/3380
f 3380/3380/3380 3429/3429/3429 3381/3381/3381
f 3429/3429/3429 3430/3430/3430 3381/3381/3381
f 3381/3381/3381 3430/3430/3430 3382/3382/3382
f 3430/3430/3430 3431/3431/3431 3382/3382/3382
f 3382/3382/3382 3431/3431/3431 3383/3383/3383
f 3431/3431/3431 3432/3432/3432 3383/3383/3383
f 3383/3383/3383 3432/3432/3432 3384/3384/3384
f 3432/3432/3432 3433/3433/3433 3384/3384/3384
f 3384/3384/3384 3433/3433/3433 3385/3385/3385
f 3433/3433/3433 3434/3434/3434 3385/3385/3385
f 3385/3385/3385 3434/3434/3434 3386/3386/3386
f 3434/3434/3434 3435/3435/3435 3386/3386/3386
f 3386/3386/3386 3435/3435/3435 3387/3387/3387
f 3435/3435/3435 3436/3436/3436 3387/3387/3387
f 3387/3387/3387 3436/3436/3436 3388/3388/3388
f 3436/3436/3436 3437/3437/3437 3388/3388/3388
f 3388/3388/3388 3437/3437/3437 3389/3389/3389
f 3437/3437/3437 3438/3438/3438 3389/3389/3389
f 3389/3389/3389 3438/3438/3438 3390/3390/3390
f 3438/3438/3438 3439/3439/3439 3390/3390/3390
f 3390/3390/3390 3439/3439/3439 3391/3391/3391
f 3439/3439/3439 3440/3440/3440 3391/3391/3391
f 3391/3391/3391 3440/3440/3440 3392/3392/3392
f 3440/3440/3440 3441/3441/3441 3392/3392/3392
f 3392/3392/3392 3441/3441/3441 3393/3393/3393
f 3441/3441/3441 3442/3442/3442 3393/3393/3393
f 3393/3393/3393 3442/3442/3442 3394/3394/3394
f 3442/3442/3442 3443/3443/3443 3394/3394/3394
f 3394/3394/3394 3443/3443/3443 3395/3395/3395
f 3443/3443/3443 3444/3444/3444 3395/3395/3395
f 3395/3395/3395 3444/3444/3444 3396/3396/3396
f 3444/3444/3444 3445/3445/3445 3396/3396/3396
f 3396/3396/3396 3445/3445/3445 3397/3397/3397
f 3445/3445/3445 3446/3446/3446 3397/3397/3397
f 3397/3397/3397 3446/3446/3446 3398/3398/3398
f 3446/3446/3446 3447/3447/3447 3398/3398/3398
f 3398/3398/3398 3447/3447/3447 3399/3399/3399
f 3447/3447/3447 3448/3448/3448 3399/3399/3399
f 3399/3399/3399 3448/3448/3448 3400/3400/3400
f 3448/3448/3448 3449/3449/3449 3400/3400/3400
f 3400/3400/3400 3449/3449/3449 3401/3401/3401
f 3449/3449/3449 3450/3450/3450 3401/3401/3401
f 3401/3401/3401 3450/3450/3450 3402/3402/3402
f 3450/3450/3450 3451/3451/3451 3402/3402/3402
f 3402/3402/3402 3451/3451/3451 3403/3403/3403
f 3451/3451/3451 3452/3452/3452 3403/3403/3403
f 3403/3403/3403 3452/3452/3452 3404/3404/3404
f 3452/3452/3452 3453/3453/3453 3404/3404/3404
f 3404/3404/3404 3453/3453/3453 3405/3405/3405
f 3453/3453/3453 3454/3454/3454 3405/3405/3405
f 3405/3405/3405 3454/3454/3454 3406/3406/3406
f 3454/3454/3454 3455/3455/3455 3406/3406/3406
f 3406/3406/3406 3455/3455/3455 3407/3407/3407
f 3455/3455/3455 3456/3456/3456 3407/3407/3407
f 3407/3407/3407 3456/3456/3456 3408/3408/3408
f 3456/3456/3456 3457/3457/3457 3408/3408/3408
f 3408/3408/3408 3457/3457/3457 3409/3409/3409
f 3457/3457/3457 3458/3458/3458 3409/3409/3409
f 3409/3409/3409 3458/3458/3458 3410/3410/3410
f 3458/3458/3458 3459/3459/3459 3410/3410/3410
f 3410/3410/3410 3459/3459/3459 3411/3411/3411
f 3459/3459/3459 3460/3460/3460 3411/3411/3411
f 3411/3411/3411 3460/3460/3460 3412/3412/3412
f 3460/3460/3460 3461/3461/3461 3412/3412/3412
f 3412/3412/3412 3461/3461/3461 3413/3413/3413
f 3461/3461/3461 3462/3462/3462 3413/3413/3413
f 3413/3413/3413 3462/3462/3462 3414/3414/3414
f 3462/3462/3462 3463/3463/3463 3414/3414/3414
f 3414/3414/3414 3463/3463/3463 3415/3415/3415
f 3463/3463/3463 3464/3464/3464 3415/3415/3415
f 3415/3415/3415 3464/3464/3464 3416/3416/3416
f 3464/3464/3464 3465/3465/3465 3416/3416/3416
f 3416/3416/3416 3465/3465/3465 3417/3417/3417
f 3465/3465/3465 3466/3466/3466 3417/3417/3417
f 3417/3417/3417 3466/3466/3466 3418/3418/3418
f 3466/3466/3466 3467/3467/3467 3418/3418/3418
f 3418/3418/3418 3467/3467/3467 3419/3419/3419
f 3467/3467/3467 3468/3468/3468 3419/3419/3419
f 3419/3419/3419 3468/3468/3468 3420/3420/3420
f 3468/3468/3468 3469/3469/3469 3420/3420/3420
f 3420/3420/3420 3469/3469/3469 3421/3421/3421
f 3469/3469/3469 3470/3470/3470 3421/3421/3421
f 3421/3421/3421 3470/3470/3470 3422/3422/3422
f 3470/3470/3470 3471/3471/3471 3422/3422/3422
f 3422/3422/3422 3471/3471/3471 3423/3423/3423
f 3471/3471/3471 3472/3472/3472 3423/3423/3423
f 3423/3423/3423 3472/3472/3472 3424/3424/3424
f 3472/3472/3472 3473/3473/3473 3424/3424/3424
f 3424/3424/3424 3473/3473/3473 3425/3425/3425
f 3473/3473/3473 3474/3474/3474 3425/3425/3425
f 3523/3523/3523 3524/3524/3524 3475/3475/3475
f 3524/3524/3524 3525/3525/3525 3476/3476/3476
f 3525/3525/3525 3526/3526/3526 3477/3477/3477
f 3526/3526/3526 3527/3527/3527 3478/3478/3478
f 3527/3527/3527 3528/3528/3528 3479/3479/3479
f 3528/3528/3528 3529/3529/3529 3480/3480/3480
f 3529/3529/3529 3530/3530/3530 3481/3481/3481
f 3530/3530/3530 3531/3531/3531 3482/3482/3482
f 3531/3531/3531 3532/3532/3532 3483/3483/3483
f 3532/3532/3532 3533/3533/3533 3484/3484/3484
f 3533/3533/3533 3534/3534/3534 3485/3485/3485
f 3534/3534/3534 3535/3535/3535 3486/3486/3486
f 3535/3535/3535 3536/3536/3536 3487/3487/3487
f 3536/3536/3536 3537/3537/3537 3488/3488/3488
f 3537/3537/3537 3538/3538/3538 3489/3489/3489
f 3538/3538/3538 3539/3539/3539 3490/3490/3490
f 3539/3539/3539 3540/3540/3540 3491/3491/3491
f 3540/3540/3540 3541/3541/3541 3492/3492/3492
f 3541/3541/3541 3542/3542/3542 3493/3493/3493
f 3542/3542/3542 3543/3543/3543 3494/3494/3494
f 3543/3543/3543 3544/3544/3544 3495/3495/3495
f 3544/3544/3544 3545/3545/3545 3496/3496/3496
f 3545/3545/3545 3546/3546/3546 3497/3497/3497
f 3546/3546/3546 3547/3547/3547 3498/3498/3498
f 3547/3547/3547 3548/3548/3548 3499/3499/3499
f 3548/3548/3548 3549/3549/3549 3500/3500/3500
f 3549/3549/3549 3550/3550/3550 3501/3501/3501
f 3550/3550/3550 3551/3551/3551 3502/3502/3502
f 3551/3551/3551 3552/3552/3552 3503/3503/3503
f 3552/3552/3552 3553/3553/3553 3504/3504/3504
f 3553/3553/3553 3554/3554/3554 3505/3505/3505
f 3554/3554/3554 3555/3555/3555 3506/3506/3506
f 3555/3555/3555 3556/3556/3556 3507/3507/3507
f 3556/3556/3556 3557/3557/3557 3508/3508/3508
f 3557/3557/3557 3558/3558/3558 3509/3509/3509
f 3558/3558/3558 3559/3559/3559 3510/3510/3510
f 3559/3559/3559 3560/3560/3560 3511/3511/3511
f 3560/3560/3560 3561/3561/3561 3512/3512/3512
f 3561/3561/3561 3562/3562/3562 3513/3513/3513
f 3562/3562/3562 3563/3563/3563 3514/3514/3514
f 3563/3563/3563 3564/3564/3564 3515/3515/3515
f 3564/3564/3564 3565/3565/3565 3516/3516/3516
f 3565/3565/3565 3566/3566/3566 3517/3517/3517
f 3566/3566/3566 3567/3567/3567 3518/3518/3518
f 3567/3567/3567 3568/3568/3568 3519/3519/3519
f 3568/3568/3568 3569/3569/3569 3520/3520/3520
f 3569/3569/3569 3570/3570/3570 3521/3521/3521
f 3570/3570/3570 3571/3571/3571 3522/3522/3522
f 3621/3621/3621 3620/3620/3620 3572/3572/3572
f 3622/3622/3622 3621/3621/3621 3573/3573/3573
f 3623/3623/3623 3622/3622/3622 3574/3574/3574
f 3624/3624/3624 3623/3623/3623 3575/3575/3575
f 3625/3625/3625 3624/3624/3624 3576/3576/3576
f 3626/3626/3626 3625/3625/3625 3577/3577/3577
f 3627/3627/3627 3626/3626/3626 3578/3578/3578
f 3628/3628/3628 3627/3627/3627 3579/3579/3579
f 3629/3629/3629 3628/3628/3628 3580/3580/3580
f 3630/3630/3630 3629/3629/3629 3581/3581/3581
f 3631/3631/3631 3630/3630/3630 3582/3582/3582
f 3632/3632/3632 3631/3631/3631 3583/3583/3583
f 3633/3633/3633 3632/3632/3632 3584/3584/3584
f 3634/3634/3634 3633/3633/3633 3585/3585/3585
f 3635/3635/3635 3634/3634/3634 3586/3586/3586
f 3636/3636/3636 3635/3635/3635 3587/3587/3587
f 3637/3637/3637 3636/3636/3636 3588/3588/3588
f 3638/3638/3638 3637/3637/3637 3589/3589/3589
f 3639/3639/3639 3638/3638/3638 3590/3590/3590
f 3640/3640/3640 3639/3639/3639 3591/3591/3591
f 3641/3641/3641 3640/3640/3640 3592/3592/3592
f 3642/3642/3642 3641/3641/3641 3593/3593/3593
f 3643/3643/3643 3642/3642/3642 3594/3594/3594
f 3644/3644/3644 3643/3643/3643 3595/3595/3595
f 3645/3645/3645 3644/3644/3644 3596/3596/3596
f 3646/3646/3646 3645/3645/3645 3597/3597/3597
f 3647/3647/3647 3646/3646/3646 3598/3598/3598
f 3648/3648/3648 3647/3647/3647 3599/3599/3599
f 3649/3649/3649 3648/3648/3648 3600/3600/3600
f 3650/3650/3650 3649/3649/3649 3601/3601/3601
f 3651/3651/3651 3650/3650/3650 3602/3602/3602
f 3652/3652/3652 3651/3651/3651 3603/3603/3603
f 3653/3653/3653 3652/3652/3652 3604/3604/3604
f 3654/3654/3654 3653/3653/3653 3605/3605/3605
f 3655/3655/3655 3654/3654/3654 3606/3606/3606
f 3656/3656/3656 3655/3655/3655 3607/3607/3607
f 3657/3657/3657 3656/3656/3656 3608/3608/3608
f 3658/3658/3658 3657/3657/3657 3609/3609/3609
f 3659/3659/3659 3658/3658/3658 3610/3610/3610
f 3660/3660/3660 3659/3659/3659 3611/3611/3611
f 3661/3661/3661 3660/3660/3660 3612/3612/3612
f 3662/3662/3662 3661/3661/3661 3613/3613/3613
f 3663/3663/3663 3662/3662/3662 3614/3614/3614
f 3664/3664/3664 3663/3663/3663 3615/3615/3615
f 3665/3665/3665 3664/3664/3664 3616/3616/3616
f 3666/3666/3666 3665/3665/3665 3617/3617/3617
f 3667/3667/3667 3666/3666/3666 3618/3618/3618
f 3668/3668/3668 3667/3667/3667 3619/3619/3619
o fairing_boattail
usemtl hull_white
v 0 63 1.850000023841858
v 0.24147345125675201 63 1.8341729640960693
v 0.4788152277469635 63 1.7869627475738525
v 0.7079643607139587 63 1.7091771364212036
v 0.925000011920929 63 1.6021469831466675
v 1.1262086629867554 63 1.4677037000656128
v 1.3081475496292114 63 1.3081475496292114
v 1.4677037000656128 63 1.1262086629867554
v 1.6021469831466675 63 0.925000011920929
v 1.7091771364212036 63 0.7079643607139587
v 1.7869627475738525 63 0.4788152277469635
v 1.8341729640960693 63 0.24147345125675201
v 1.850000023841858 63 1.1327983055540558e-16
v 1.8341729640960693 63 -0.24147345125675201
v 1.7869627475738525 63 -0.4788152277469635
v 1.7091771364212036 63 -0.7079643607139587
v 1.6021469831466675 63 -0.925000011920929
v 1.4677037000656128 63 -1.1262086629867554
v 1.3081475496292114 63 -1.3081475496292114
v 1.1262086629867554 63 -1.4677037000656128
v 0.925000011920929 63 -1.6021469831466675
v 0.7079643607139587 63 -1.7091771364212036
v 0.4788152277469635 63 -1.7869627475738525
v 0.24147345125675201 63 -1.8341729640960693
v 2.2655966111081115e-16 63 -1.850000023841858
v -0.24147345125675201 63 -1.8341729640960693
v -0.4788152277469635 63 -1.7869627475738525
v -0.7079643607139587 63 -1.7091771364212036
v -0.925000011920929 63 -1.6021469831466675
v -1.1262086629867554 63 -1.4677037000656128
v -1.3081475496292114 63 -1.3081475496292114
v -1.4677037000656128 63 -1.1262086629867554
v -1.6021469831466675 63 -0.925000011920929
v -1.7091771364212036 63 -0.7079643607139587
v -1.7869627475738525 63 -0.4788152277469635
v -1.8341729640960693 63 -0.24147345125675201
v -1.850000023841858 63 -3.3983949166621673e-16
v -1.8341729640960693 63 0.24147345125675201
v -1.7869627475738525 63 0.4788152277469635
v -1.7091771364212036 63 0.7079643607139587
v -1.6021469831466675 63 0.925000011920929
v -1.4677037000656128 63 1.1262086629867554
v -1.3081475496292114 63 1.3081475496292114
v -1.1262086629867554 63 1.4677037000656128
v -0.925000011920929 63 1.6021469831466675
v -0.7079643607139587 63 1.7091771364212036
v -0.4788152277469635 63 1.7869627475738525
v -0.24147345125675201 63 1.8341729640960693
v -4.531193222216223e-16 63 1.850000023841858
v 0 61 2.5999999046325684
v 0.3393681049346924 61 2.577756643295288
v 0.6729295253753662 61 2.5114071369171143
v 0.9949769377708435 61 2.4020867347717285
v 1.2999999523162842 61 2.2516660690307617
v 1.5827797651290894 61 2.062718629837036
v 1.838477611541748 61 1.838477611541748
v 2.062718629837036 61 1.5827797651290894
v 2.2516660690307617 61 1.2999999523162842
v 2.4020867347717285 61 0.9949769377708435
v 2.5114071369171143 61 0.6729295253753662
v 2.577756643295288 61 0.3393681049346924
v 2.5999999046325684 61 1.5920407760118202e-16
v 2.577756643295288 61 -0.3393681049346924
v 2.5114071369171143 61 -0.6729295253753662
v 2.4020867347717285 61 -0.9949769377708435
v 2.2516660690307617 61 -1.2999999523162842
v 2.062718629837036 61 -1.5827797651290894
v 1.838477611541748 61 -1.838477611541748
v 1.5827797651290894 61 -2.062718629837036
v 1.2999999523162842 61 -2.2516660690307617
v 0.9949769377708435 61 -2.4020867347717285
v 0.6729295253753662 61 -2.5114071369171143
v 0.3393681049346924 61 -2.577756643295288
v 3.1840815520236404e-16 61 -2.5999999046325684
v -0.3393681049346924 61 -2.577756643295288
v -0.6729295253753662 61 -2.5114071369171143
v -0.9949769377708435 61 -2.4020867347717285
v -1.2999999523162842 61 -2.2516660690307617
v -1.5827797651290894 61 -2.062718629837036
v -1.838477611541748 61 -1.838477611541748
v -2.062718629837036 61 -1.5827797651290894
v -2.2516660690307617 61 -1.2999999523162842
v -2.4020867347717285 61 -0.9949769377708435
v -2.5114071369171143 61 -0.6729295253753662
v -2.577756643295288 61 -0.3393681049346924
v -2.5999999046325684 61 -4.776122328035461e-16
v -2.577756643295288 61 0.3393681049346924
v -2.5114071369171143 61 0.6729295253753662
v -2.4020867347717285 61 0.9949769377708435
v -2.2516660690307617 61 1.2999999523162842
v -2.062718629837036 61 1.5827797651290894
v -1.838477611541748 61 1.838477611541748
v -1.5827797651290894 61 2.062718629837036
v -1.2999999523162842 61 2.2516660690307617
v -0.9949769377708435 61 2.4020867347717285
v -0.6729295253753662 61 2.5114071369171143
v -0.3393681049346924 61 2.577756643295288
v -6.368163104047281e-16 61 2.5999999046325684
v 0 63 0
v 0 63 0
v 0 63 0
v 0 63 0
v 0 63 0
v 0 63 0
v 0 63 0
v 0 63 0
v 0 63 0
v 0 63 0
v 0 63 0
v 0 63 0
v 0 63 0
v 0 63 0
v 0 63 0
v 0 63 0
v 0 63 0
v 0 63 0
v 0 63 0
v 0 63 0
v 0 63 0
v 0 63 0
v 0 63 0
v 0 63 0
v 0 63 0
v 0 63 0
v 0 63 0
v 0 63 0
v 0 63 0
v 0 63 0
v 0 63 0
v 0 63 0
v 0 63 0
v 0 63 0
v 0 63 0
v 0 63 0
v 0 63 0
v 0 63 0
v 0 63 0
v 0 63 0
v 0 63 0
v 0 63 0
v 0 63 0
v 0 63 0
v 0 63 0
v 0 63 0
v 0 63 0
v 0 63 0
v 0 63 1.850000023841858
v 0.24147345125675201 63 1.8341729640960693
v 0.4788152277469635 63 1.7869627475738525
v 0.7079643607139587 63 1.7091771364212036
v 0.925000011920929 63 1.6021469831466675
v 1.1262086629867554 63 1.4677037000656128
v 1.3081475496292114 63 1.3081475496292114
v 1.4677037000656128 63 1.1262086629867554
v 1.6021469831466675 63 0.925000011920929
v 1.7091771364212036 63 0.7079643607139587
v 1.7869627475738525 63 0.4788152277469635
v 1.8341729640960693 63 0.24147345125675201
v 1.850000023841858 63 1.1327983055540558e-16
v 1.8341729640960693 63 -0.24147345125675201
v 1.7869627475738525 63 -0.4788152277469635
v 1.7091771364212036 63 -0.7079643607139587
v 1.6021469831466675 63 -0.925000011920929
v 1.4677037000656128 63 -1.1262086629867554
v 1.3081475496292114 63 -1.3081475496292114
v 1.1262086629867554 63 -1.4677037000656128
v 0.925000011920929 63 -1.6021469831466675
v 0.7079643607139587 63 -1.7091771364212036
v 0.4788152277469635 63 -1.7869627475738525
v 0.24147345125675201 63 -1.8341729640960693
v 2.2655966111081115e-16 63 -1.850000023841858
v -0.24147345125675201 63 -1.8341729640960693
v -0.4788152277469635 63 -1.7869627475738525
v -0.7079643607139587 63 -1.7091771364212036
v -0.925000011920929 63 -1.6021469831466675
v -1.1262086629867554 63 -1.4677037000656128
v -1.3081475496292114 63 -1.3081475496292114
v -1.4677037000656128 63 -1.1262086629867554
v -1.6021469831466675 63 -0.925000011920929
v -1.7091771364212036 63 -0.7079643607139587
v -1.7869627475738525 63 -0.4788152277469635
v -1.8341729640960693 63 -0.24147345125675201
v -1.850000023841858 63 -3.3983949166621673e-16
v -1.8341729640960693 63 0.24147345125675201
v -1.7869627475738525 63 0.4788152277469635
v -1.7091771364212036 63 0.7079643607139587
v -1.6021469831466675 63 0.925000011920929
v -1.4677037000656128 63 1.1262086629867554
v -1.3081475496292114 63 1.3081475496292114
v -1.1262086629867554 63 1.4677037000656128
v -0.925000011920929 63 1.6021469831466675
v -0.7079643607139587 63 1.7091771364212036
v -0.4788152277469635 63 1.7869627475738525
v -0.24147345125675201 63 1.8341729640960693
v -4.531193222216223e-16 63 1.850000023841858
v 0 61 0
v 0 61 0
v 0 61 0
v 0 61 0
v 0 61 0
v 0 61 0
v 0 61 0
v 0 61 0
v 0 61 0
v 0 61 0
v 0 61 0
v 0 61 0
v 0 61 0
v 0 61 0
v 0 61 0
v 0 61 0
v 0 61 0
v 0 61 0
v 0 61 0
v 0 61 0
v 0 61 0
v 0 61 0
v 0 61 0
v 0 61 0
v 0 61 0
v 0 61 0
v 0 61 0
v 0 61 0
v 0 61 0
v 0 61 0
v 0 61 0
v 0 61 0
v 0 61 0
v 0 61 0
v 0 61 0
v 0 61 0
v 0 61 0
v 0 61 0
v 0 61 0
v 0 61 0
v 0 61 0
v 0 61 0
v 0 61 0
v 0 61 0
v 0 61 0
v 0 61 0
v 0 61 0
v 0 61 0
v 0 61 2.5999999046325684
v 0.3393681049346924 61 2.577756643295288
v 0.6729295253753662 61 2.5114071369171143
v 0.9949769377708435 61 2.4020867347717285
v 1.2999999523162842 61 2.2516660690307617
v 1.5827797651290894 61 2.062718629837036
v 1.838477611541748 61 1.838477611541748
v 2.062718629837036 61 1.5827797651290894
v 2.2516660690307617 61 1.2999999523162842
v 2.4020867347717285 61 0.9949769377708435
v 2.5114071369171143 61 0.6729295253753662
v 2.577756643295288 61 0.3393681049346924
v 2.5999999046325684 61 1.5920407760118202e-16
v 2.577756643295288 61 -0.3393681049346924
v 2.5114071369171143 61 -0.6729295253753662
v 2.4020867347717285 61 -0.9949769377708435
v 2.2516660690307617 61 -1.2999999523162842
v 2.062718629837036 61 -1.5827797651290894
v 1.838477611541748 61 -1.838477611541748
v 1.5827797651290894 61 -2.062718629837036
v 1.2999999523162842 61 -2.2516660690307617
v 0.9949769377708435 61 -2.4020867347717285
v 0.6729295253753662 61 -2.5114071369171143
v 0.3393681049346924 61 -2.577756643295288
v 3.1840815520236404e-16 61 -2.5999999046325684
v -0.3393681049346924 61 -2.577756643295288
v -0.6729295253753662 61 -2.5114071369171143
v -0.9949769377708435 61 -2.4020867347717285
v -1.2999999523162842 61 -2.2516660690307617
v -1.5827797651290894 61 -2.062718629837036
v -1.838477611541748 61 -1.838477611541748
v -2.062718629837036 61 -1.5827797651290894
v -2.2516660690307617 61 -1.2999999523162842
v -2.4020867347717285 61 -0.9949769377708435
v -2.5114071369171143 61 -0.6729295253753662
v -2.577756643295288 61 -0.3393681049346924
v -2.5999999046325684 61 -4.776122328035461e-16
v -2.577756643295288 61 0.3393681049346924
v -2.5114071369171143 61 0.6729295253753662
v -2.4020867347717285 61 0.9949769377708435
v -2.2516660690307617 61 1.2999999523162842
v -2.062718629837036 61 1.5827797651290894
v -1.838477611541748 61 1.838477611541748
v -1.5827797651290894 61 2.062718629837036
v -1.2999999523162842 61 2.2516660690307617
v -0.9949769377708435 61 2.4020867347717285
v -0.6729295253753662 61 2.5114071369171143
v -0.3393681049346924 61 2.577756643295288
v -6.368163104047281e-16 61 2.5999999046325684
vt 0 1
vt 0.02083333395421505 1
vt 0.0416666679084301 1
vt 0.0625 1
vt 0.0833333358168602 1
vt 0.1041666641831398 1
vt 0.125 1
vt 0.1458333283662796 1
vt 0.1666666716337204 1
vt 0.1875 1
vt 0.2083333283662796 1
vt 0.2291666716337204 1
vt 0.25 1
vt 0.2708333432674408 1
vt 0.2916666567325592 1
vt 0.3125 1
vt 0.3333333432674408 1
vt 0.3541666567325592 1
vt 0.375 1
vt 0.3958333432674408 1
vt 0.4166666567325592 1
vt 0.4375 1
vt 0.4583333432674408 1
vt 0.4791666567325592 1
vt 0.5 1
vt 0.5208333134651184 1
vt 0.5416666865348816 1
vt 0.5625 1
vt 0.5833333134651184 1
vt 0.6041666865348816 1
vt 0.625 1
vt 0.6458333134651184 1
vt 0.6666666865348816 1
vt 0.6875 1
vt 0.7083333134651184 1
vt 0.7291666865348816 1
vt 0.75 1
vt 0.7708333134651184 1
vt 0.7916666865348816 1
vt 0.8125 1
vt 0.8333333134651184 1
vt 0.8541666865348816 1
vt 0.875 1
vt 0.8958333134651184 1
vt 0.9166666865348816 1
vt 0.9375 1
vt 0.9583333134651184 1
vt 0.9791666865348816 1
vt 1 1
vt 0 0
vt 0.02083333395421505 0
vt 0.0416666679084301 0
vt 0.0625 0
vt 0.0833333358168602 0
vt 0.1041666641831398 0
vt 0.125 0
vt 0.1458333283662796 0
vt 0.1666666716337204 0
vt 0.1875 0
vt 0.2083333283662796 0
vt 0.2291666716337204 0
vt 0.25 0
vt 0.2708333432674408 0
vt 0.2916666567325592 0
vt 0.3125 0
vt 0.3333333432674408 0
vt 0.3541666567325592 0
vt 0.375 0
vt 0.3958333432674408 0
vt 0.4166666567325592 0
vt 0.4375 0
vt 0.4583333432674408 0
vt 0.4791666567325592 0
vt 0.5 0
vt 0.5208333134651184 0
vt 0.5416666865348816 0
vt 0.5625 0
vt 0.5833333134651184 0
vt 0.6041666865348816 0
vt 0.625 0
vt 0.6458333134651184 0
vt 0.6666666865348816 0
vt 0.6875 0
vt 0.7083333134651184 0
vt 0.7291666865348816 0
vt 0.75 0
vt 0.7708333134651184 0
vt 0.7916666865348816 0
vt 0.8125 0
vt 0.8333333134651184 0
vt 0.8541666865348816 0
vt 0.875 0
vt 0.8958333134651184 0
vt 0.9166666865348816 0
vt 0.9375 0
vt 0.9583333134651184 0
vt 0.9791666865348816 0
vt 1 0
vt 0.5 0.5
vt 0.5 0.5
vt 0.5 0.5
vt 0.5 0.5
vt 0.5 0.5
vt 0.5 0.5
vt 0.5 0.5
vt 0.5 0.5
vt 0.5 0.5
vt 0.5 0.5
vt 0.5 0.5
vt 0.5 0.5
vt 0.5 0.5
vt 0.5 0.5
vt 0.5 0.5
vt 0.5 0.5
vt 0.5 0.5
vt 0.5 0.5
vt 0.5 0.5
vt 0.5 0.5
vt 0.5 0.5
vt 0.5 0.5
vt 0.5 0.5
vt 0.5 0.5
vt 0.5 0.5
vt 0.5 0.5
vt 0.5 0.5
vt 0.5 0.5
vt 0.5 0.5
vt 0.5 0.5
vt 0.5 0.5
vt 0.5 0.5
vt 0.5 0.5
vt 0.5 0.5
vt 0.5 0.5
vt 0.5 0.5
vt 0.5 0.5
vt 0.5 0.5
vt 0.5 0.5
vt 0.5 0.5
vt 0.5 0.5
vt 0.5 0.5
vt 0.5 0.5
vt 0.5 0.5
vt 0.5 0.5
vt 0.5 0.5
vt 0.5 0.5
vt 0.5 0.5
vt 1 0.5
vt 0.9957224130630493 0.5652630925178528
vt 0.9829629063606262 0.6294095516204834
vt 0.9619397521018982 0.6913416981697083
vt 0.9330127239227295 0.75
vt 0.8966766595840454 0.8043807148933411
vt 0.8535534143447876 0.8535534143447876
vt 0.8043807148933411 0.8966766595840454
vt 0.75 0.9330127239227295
vt 0.6913416981697083 0.9619397521018982
vt 0.6294095516204834 0.9829629063606262
vt 0.5652630925178528 0.9957224130630493
vt 0.5 1
vt 0.4347369074821472 0.9957224130630493
vt 0.370590478181839 0.9829629063606262
vt 0.30865827202796936 0.9619397521018982
vt 0.25 0.9330127239227295
vt 0.19561928510665894 0.8966766595840454
vt 0.1464466154575348 0.8535534143447876
vt 0.10332333296537399 0.8043807148933411
vt 0.0669872984290123 0.75
vt 0.03806023299694061 0.6913416981697083
vt 0.017037086188793182 0.6294095516204834
vt 0.004277569241821766 0.5652630925178528
vt 0 0.5
vt 0.004277569241821766 0.4347369074821472
vt 0.017037086188793182 0.370590478181839
vt 0.03806023299694061 0.30865827202796936
vt 0.0669872984290123 0.25
vt 0.10332333296537399 0.19561928510665894
vt 0.1464466154575348 0.1464466154575348
vt 0.19561928510665894 0.10332333296537399
vt 0.25 0.0669872984290123
vt 0.30865827202796936 0.03806023299694061
vt 0.370590478181839 0.017037086188793182
vt 0.4347369074821472 0.004277569241821766
vt 0.5 0
vt 0.5652630925178528 0.004277569241821766
vt 0.6294095516204834 0.017037086188793182
vt 0.6913416981697083 0.03806023299694061
vt 0.75 0.0669872984290123
vt 0.8043807148933411 0.10332333296537399
vt 0.8535534143447876 0.1464466154575348
vt 0.8966766595840454 0.19561928510665894
vt 0.9330127239227295 0.25
vt 0.9619397521018982 0.30865827202796936
vt 0.9829629063606262 0.370590478181839
vt 0.9957224130630493 0.4347369074821472
vt 1 0.5
vt 0.5 0.5
vt 0.5 0.5
vt 0.5 0.5
vt 0.5 0.5
vt 0.5 0.5
vt 0.5 0.5
vt 0.5 0.5
vt 0.5 0.5
vt 0.5 0.5
vt 0.5 0.5
vt 0.5 0.5
vt 0.5 0.5
vt 0.5 0.5
vt 0.5 0.5
vt 0.5 0.5
vt 0.5 0.5
vt 0.5 0.5
vt 0.5 0.5
vt 0.5 0.5
vt 0.5 0.5
vt 0.5 0.5
vt 0.5 0.5
vt 0.5 0.5
vt 0.5 0.5
vt 0.5 0.5
vt 0.5 0.5
vt 0.5 0.5
vt 0.5 0.5
vt 0.5 0.5
vt 0.5 0.5
vt 0.5 0.5
vt 0.5 0.5
vt 0.5 0.5
vt 0.5 0.5
vt 0.5 0.5
vt 0.5 0.5
vt 0.5 0.5
vt 0.5 0.5
vt 0.5 0.5
vt 0.5 0.5
vt 0.5 0.5
vt 0.5 0.5
vt 0.5 0.5
vt 0.5 0.5
vt 0.5 0.5
vt 0.5 0.5
vt 0.5 0.5
vt 0.5 0.5
vt 1 0.5
vt 0.9957224130630493 0.4347369074821472
vt 0.9829629063606262 0.370590478181839
vt 0.9619397521018982 0.30865827202796936
vt 0.9330127239227295 0.25
vt 0.8966766595840454 0.19561928510665894
vt 0.8535534143447876 0.1464466154575348
vt 0.8043807148933411 0.10332333296537399
vt 0.75 0.0669872984290123
vt 0.6913416981697083 0.03806023299694061
vt 0.6294095516204834 0.017037086188793182
vt 0.5652630925178528 0.004277569241821766
vt 0.5 0
vt 0.4347369074821472 0.004277569241821766
vt 0.370590478181839 0.017037086188793182
vt 0.30865827202796936 0.03806023299694061
vt 0.25 0.0669872984290123
vt 0.19561928510665894 0.10332333296537399
vt 0.1464466154575348 0.1464466154575348
vt 0.10332333296537399 0.19561928510665894
vt 0.0669872984290123 0.25
vt 0.03806023299694061 0.30865827202796936
vt 0.017037086188793182 0.370590478181839
vt 0.004277569241821766 0.4347369074821472
vt 0 0.5
vt 0.004277569241821766 0.5652630925178528
vt 0.017037086188793182 0.6294095516204834
vt 0.03806023299694061 0.6913416981697083
vt 0.0669872984290123 0.75
vt 0.10332333296537399 0.8043807148933411
vt 0.1464466154575348 0.8535534143447876
vt 0.19561928510665894 0.8966766595840454
vt 0.25 0.9330127239227295
vt 0.30865827202796936 0.9619397521018982
vt 0.370590478181839 0.9829629063606262
vt 0.4347369074821472 0.9957224130630493
vt 0.5 1
vt 0.5652630925178528 0.9957224130630493
vt 0.6294095516204834 0.9829629063606262
vt 0.6913416981697083 0.9619397521018982
vt 0.75 0.9330127239227295
vt 0.8043807148933411 0.8966766595840454
vt 0.8535534143447876 0.8535534143447876
vt 0.8966766595840454 0.8043807148933411
vt 0.9330127239227295 0.75
vt 0.9619397521018982 0.6913416981697083
vt 0.9829629063606262 0.6294095516204834
vt 0.9957224130630493 0.5652630925178528
vt 1 0.5
vn 0 0.35112344812040747 0.9363291751195385
vn 0.12221548063929139 0.35112345513697213 0.9283187467377687
vn 0.2423398160143063 0.3511234468902914 0.9044245345069057
vn 0.3583176646120577 0.3511234437648667 0.8650553615033325
vn 0.4681645981941268 0.3511234560961758 0.8108848423646904
vn 0.5700010741993992 0.35112345740312995 0.7428398838732363
vn 0.6620847069133904 0.3511234565545569 0.6620847069133904
vn 0.7428398838732363 0.35112345740312995 0.5700010741993992
vn 0.8108848423646904 0.3511234560961758 0.4681645981941268
vn 0.8650553615033325 0.3511234437648667 0.3583176646120577
vn 0.9044245345069057 0.3511234468902914 0.2423398160143063
vn 0.9283187467377687 0.35112345513697213 0.12221548063929139
vn 0.9363291751195385 0.35112344812040747 5.73336279801084e-17
vn 0.9283187467377687 0.35112345513697213 -0.12221548063929139
vn 0.9044245345069057 0.3511234468902914 -0.2423398160143063
vn 0.8650553615033325 0.3511234437648667 -0.3583176646120577
vn 0.8108848423646904 0.3511234560961758 -0.4681645981941268
vn 0.7428398838732363 0.35112345740312995 -0.5700010741993992
vn 0.6620847069133904 0.3511234565545569 -0.6620847069133904
vn 0.5700010741993992 0.35112345740312995 -0.7428398838732363
vn 0.4681645981941268 0.3511234560961758 -0.8108848423646904
vn 0.3583176646120577 0.3511234437648667 -0.8650553615033325
vn 0.2423398160143063 0.3511234468902914 -0.9044245345069057
vn 0.12221548063929139 0.35112345513697213 -0.9283187467377687
vn 1.146672559602168e-16 0.35112344812040747 -0.9363291751195385
vn -0.12221548063929139 0.35112345513697213 -0.9283187467377687
vn -0.2423398160143063 0.3511234468902914 -0.9044245345069057
vn -0.3583176646120577 0.3511234437648667 -0.8650553615033325
vn -0.4681645981941268 0.3511234560961758 -0.8108848423646904
vn -0.5700010741993992 0.35112345740312995 -0.7428398838732363
vn -0.6620847069133904 0.3511234565545569 -0.6620847069133904
vn -0.7428398838732363 0.35112345740312995 -0.5700010741993992
vn -0.8108848423646904 0.3511234560961758 -0.4681645981941268
vn -0.8650553615033325 0.3511234437648667 -0.3583176646120577
vn -0.9044245345069057 0.3511234468902914 -0.2423398160143063
vn -0.9283187467377687 0.35112345513697213 -0.12221548063929139
vn -0.9363291751195385 0.35112344812040747 -1.7200087732288036e-16
vn -0.9283187467377687 0.35112345513697213 0.12221548063929139
vn -0.9044245345069057 0.3511234468902914 0.2423398160143063
vn -0.8650553615033325 0.3511234437648667 0.3583176646120577
vn -0.8108848423646904 0.3511234560961758 0.4681645981941268
vn -0.7428398838732363 0.35112345740312995 0.5700010741993992
vn -0.6620847069133904 0.3511234565545569 0.6620847069133904
vn -0.5700010741993992 0.35112345740312995 0.7428398838732363
vn -0.4681645981941268 0.3511234560961758 0.8108848423646904
vn -0.3583176646120577 0.3511234437648667 0.8650553615033325
vn -0.2423398160143063 0.3511234468902914 0.9044245345069057
vn -0.12221548063929139 0.35112345513697213 0.9283187467377687
vn -2.293345119204336e-16 0.35112344812040747 0.9363291751195385
vn 0 0.35112344812040747 0.9363291751195385
vn 0.12221548063929139 0.35112345513697213 0.9283187467377687
vn 0.2423398160143063 0.3511234468902914 0.9044245345069057
vn 0.3583176646120577 0.3511234437648667 0.8650553615033325
vn 0.4681645981941268 0.3511234560961758 0.8108848423646904
vn 0.5700010741993992 0.35112345740312995 0.7428398838732363
vn 0.6620847069133904 0.3511234565545569 0.6620847069133904
vn 0.7428398838732363 0.35112345740312995 0.5700010741993992
vn 0.8108848423646904 0.3511234560961758 0.4681645981941268
vn 0.8650553615033325 0.3511234437648667 0.3583176646120577
vn 0.9044245345069057 0.3511234468902914 0.2423398160143063
vn 0.9283187467377687 0.35112345513697213 0.12221548063929139
vn 0.9363291751195385 0.35112344812040747 5.73336279801084e-17
vn 0.9283187467377687 0.35112345513697213 -0.12221548063929139
vn 0.9044245345069057 0.3511234468902914 -0.2423398160143063
vn 0.8650553615033325 0.3511234437648667 -0.3583176646120577
vn 0.8108848423646904 0.3511234560961758 -0.4681645981941268
vn 0.7428398838732363 0.35112345740312995 -0.5700010741993992
vn 0.6620847069133904 0.3511234565545569 -0.6620847069133904
vn 0.5700010741993992 0.35112345740312995 -0.7428398838732363
vn 0.4681645981941268 0.3511234560961758 -0.8108848423646904
vn 0.3583176646120577 0.3511234437648667 -0.8650553615033325
vn 0.2423398160143063 0.3511234468902914 -0.9044245345069057
vn 0.12221548063929139 0.35112345513697213 -0.9283187467377687
vn 1.146672559602168e-16 0.35112344812040747 -0.9363291751195385
vn -0.12221548063929139 0.35112345513697213 -0.9283187467377687
vn -0.2423398160143063 0.3511234468902914 -0.9044245345069057
vn -0.3583176646120577 0.3511234437648667 -0.8650553615033325
vn -0.4681645981941268 0.3511234560961758 -0.8108848423646904
vn -0.5700010741993992 0.35112345740312995 -0.7428398838732363
vn -0.6620847069133904 0.3511234565545569 -0.6620847069133904
vn -0.7428398838732363 0.35112345740312995 -0.5700010741993992
vn -0.8108848423646904 0.3511234560961758 -0.4681645981941268
vn -0.8650553615033325 0.3511234437648667 -0.3583176646120577
vn -0.9044245345069057 0.3511234468902914 -0.2423398160143063
vn -0.9283187467377687 0.35112345513697213 -0.12221548063929139
vn -0.9363291751195385 0.35112344812040747 -1.7200087732288036e-16
vn -0.9283187467377687 0.35112345513697213 0.12221548063929139
vn -0.9044245345069057 0.3511234468902914 0.2423398160143063
vn -0.8650553615033325 0.3511234437648667 0.3583176646120577
vn -0.8108848423646904 0.3511234560961758 0.4681645981941268
vn -0.7428398838732363 0.35112345740312995 0.5700010741993992
vn -0.6620847069133904 0.3511234565545569 0.6620847069133904
vn -0.5700010741993992 0.35112345740312995 0.7428398838732363
vn -0.4681645981941268 0.3511234560961758 0.8108848423646904
vn -0.3583176646120577 0.3511234437648667 0.8650553615033325
vn -0.2423398160143063 0.3511234468902914 0.9044245345069057
vn -0.12221548063929139 0.35112345513697213 0.9283187467377687
vn -2.293345119204336e-16 0.35112344812040747 0.9363291751195385
vn 0 1 0
vn 0 1 0
vn 0 1 0
vn 0 1 0
vn 0 1 0
vn 0 1 0
vn 0 1 0
vn 0 1 0
vn 0 1 0
vn 0 1 0
vn 0 1 0
vn 0 1 0
vn 0 1 0
vn 0 1 0
vn 0 1 0
vn 0 1 0
vn 0 1 0
vn 0 1 0
vn 0 1 0
vn 0 1 0
vn 0 1 0
vn 0 1 0
vn 0 1 0
vn 0 1 0
vn 0 1 0
vn 0 1 0
vn 0 1 0
vn 0 1 0
vn 0 1 0
vn 0 1 0
vn 0 1 0
vn 0 1 0
vn 0 1 0
vn 0 1 0
vn 0 1 0
vn 0 1 0
vn 0 1 0
vn 0 1 0
vn 0 1 0
vn 0 1 0
vn 0 1 0
vn 0 1 0
vn 0 1 0
vn 0 1 0
vn 0 1 0
vn 0 1 0
vn 0 1 0
vn 0 1 0
vn 0 1 0
vn 0 1 0
vn 0 1 0
vn 0 1 0
vn 0 1 0
vn 0 1 0
vn 0 1 0
vn 0 1 0
vn 0 1 0
vn 0 1 0
vn 0 1 0
vn 0 1 0
vn 0 1 0
vn 0 1 0
vn 0 1 0
vn 0 1 0
vn 0 1 0
vn 0 1 0
vn 0 1 0
vn 0 1 0
vn 0 1 0
vn 0 1 0
vn 0 1 0
vn 0 1 0
vn 0 1 0
vn 0 1 0
vn 0 1 0
vn 0 1 0
vn 0 1 0
vn 0 1 0
vn 0 1 0
vn 0 1 0
vn 0 1 0
vn 0 1 0
vn 0 1 0
vn 0 1 0
vn 0 1 0
vn 0 1 0
vn 0 1 0
vn 0 1 0
vn 0 1 0
vn 0 1 0
vn 0 1 0
vn 0 1 0
vn 0 1 0
vn 0 1 0
vn 0 1 0
vn 0 1 0
vn 0 1 0
vn 0 -1 0
vn 0 -1 0
vn 0 -1 0
vn 0 -1 0
vn 0 -1 0
vn 0 -1 0
vn 0 -1 0
vn 0 -1 0
vn 0 -1 0
vn 0 -1 0
vn 0 -1 0
vn 0 -1 0
vn 0 -1 0
vn 0 -1 0
vn 0 -1 0
vn 0 -1 0
vn 0 -1 0
vn 0 -1 0
vn 0 -1 0
vn 0 -1 0
vn 0 -1 0
vn 0 -1 0
vn 0 -1 0
vn 0 -1 0
vn 0 -1 0
vn 0 -1 0
vn 0 -1 0
vn 0 -1 0
vn 0 -1 0
vn 0 -1 0
vn 0 -1 0
vn 0 -1 0
vn 0 -1 0
vn 0 -1 0
vn 0 -1 0
vn 0 -1 0
vn 0 -1 0
vn 0 -1 0
vn 0 -1 0
vn 0 -1 0
vn 0 -1 0
vn 0 -1 0
vn 0 -1 0
vn 0 -1 0
vn 0 -1 0
vn 0 -1 0
vn 0 -1 0
vn 0 -1 0
vn 0 -1 0
vn 0 -1 0
vn 0 -1 0
vn 0 -1 0
vn 0 -1 0
vn 0 -1 0
vn 0 -1 0
vn 0 -1 0
vn 0 -1 0
vn 0 -1 0
vn 0 -1 0
vn 0 -1 0
vn 0 -1 0
vn 0 -1 0
vn 0 -1 0
vn 0 -1 0
vn 0 -1 0
vn 0 -1 0
vn 0 -1 0
vn 0 -1 0
vn 0 -1 0
vn 0 -1 0
vn 0 -1 0
vn 0 -1 0
vn 0 -1 0
vn 0 -1 0
vn 0 -1 0
vn 0 -1 0
vn 0 -1 0
vn 0 -1 0
vn 0 -1 0
vn 0 -1 0
vn 0 -1 0
vn 0 -1 0
vn 0 -1 0
vn 0 -1 0
vn 0 -1 0
vn 0 -1 0
vn 0 -1 0
vn 0 -1 0
vn 0 -1 0
vn 0 -1 0
vn 0 -1 0
vn 0 -1 0
vn 0 -1 0
vn 0 -1 0
vn 0 -1 0
vn 0 -1 0
vn 0 -1 0
f 3669/3669/3669 3718/3718/3718 3670/3670/3670
f 3718/3718/3718 3719/3719/3719 3670/3670/3670
f 3670/3670/3670 3719/3719/3719 3671/3671/3671
f 3719/3719/3719 3720/3720/3720 3671/3671/3671
f 3671/3671/3671 3720/3720/3720 3672/3672/3672
f 3720/3720/3720 3721/3721/3721 3672/3672/3672
f 3672/3672/3672 3721/3721/3721 3673/3673/3673
f 3721/3721/3721 3722/3722/3722 3673/3673/3673
f 3673/3673/3673 3722/3722/3722 3674/3674/3674
f 3722/3722/3722 3723/3723/3723 3674/3674/3674
f 3674/3674/3674 3723/3723/3723 3675/3675/3675
f 3723/3723/3723 3724/3724/3724 3675/3675/3675
f 3675/3675/3675 3724/3724/3724 3676/3676/3676
f 3724/3724/3724 3725/3725/3725 3676/3676/3676
f 3676/3676/3676 3725/3725/3725 3677/3677/3677
f 3725/3725/3725 3726/3726/3726 3677/3677/3677
f 3677/3677/3677 3726/3726/3726 3678/3678/3678
f 3726/3726/3726 3727/3727/3727 3678/3678/3678
f 3678/3678/3678 3727/3727/3727 3679/3679/3679
f 3727/3727/3727 3728/3728/3728 3679/3679/3679
f 3679/3679/3679 3728/3728/3728 3680/3680/3680
f 3728/3728/3728 3729/3729/3729 3680/3680/3680
f 3680/3680/3680 3729/3729/3729 3681/3681/3681
f 3729/3729/3729 3730/3730/3730 3681/3681/3681
f 3681/3681/3681 3730/3730/3730 3682/3682/3682
f 3730/3730/3730 3731/3731/3731 3682/3682/3682
f 3682/3682/3682 3731/3731/3731 3683/3683/3683
f 3731/3731/3731 3732/3732/3732 3683/3683/3683
f 3683/3683/3683 3732/3732/3732 3684/3684/3684
f 3732/3732/3732 3733/3733/3733 3684/3684/3684
f 3684/3684/3684 3733/3733/3733 3685/3685/3685
f 3733/3733/3733 3734/3734/3734 3685/3685/3685
f 3685/3685/3685 3734/3734/3734 3686/3686/3686
f 3734/3734/3734 3735/3735/3735 3686/3686/3686
f 3686/3686/3686 3735/3735/3735 3687/3687/3687
f 3735/3735/3735 3736/3736/3736 3687/3687/3687
f 3687/3687/3687 3736/3736/3736 3688/3688/3688
f 3736/3736/3736 3737/3737/3737 3688/3688/3688
f 3688/3688/3688 3737/3737/3737 3689/3689/3689
f 3737/3737/3737 3738/3738/3738 3689/3689/3689
f 3689/3689/3689 3738/3738/3738 3690/3690/3690
f 3738/3738/3738 3739/3739/3739 3690/3690/3690
f 3690/3690/3690 3739/3739/3739 3691/3691/3691
f 3739/3739/3739 3740/3740/3740 3691/3691/3691
f 3691/3691/3691 3740/3740/3740 3692/3692/3692
f 3740/3740/3740 3741/3741/3741 3692/3692/3692
f 3692/3692/3692 3741/3741/3741 3693/3693/3693
f 3741/3741/3741 3742/3742/3742 3693/3693/3693
f 3693/3693/3693 3742/3742/3742 3694/3694/3694
f 3742/3742/3742 3743/3743/3743 3694/3694/3694
f 3694/3694/3694 3743/3743/3743 3695/3695/3695
f 3743/3743/3743 3744/3744/3744 3695/3695/3695
f 3695/3695/3695 3744/3744/3744 3696/3696/3696
f 3744/3744/3744 3745/3745/3745 3696/3696/3696
f 3696/3696/3696 3745/3745/3745 3697/3697/3697
f 3745/3745/3745 3746/3746/3746 3697/3697/3697
f 3697/3697/3697 3746/3746/3746 3698/3698/3698
f 3746/3746/3746 3747/3747/3747 3698/3698/3698
f 3698/3698/3698 3747/3747/3747 3699/3699/3699
f 3747/3747/3747 3748/3748/3748 3699/3699/3699
f 3699/3699/3699 3748/3748/3748 3700/3700/3700
f 3748/3748/3748 3749/3749/3749 3700/3700/3700
f 3700/3700/3700 3749/3749/3749 3701/3701/3701
f 3749/3749/3749 3750/3750/3750 3701/3701/3701
f 3701/3701/3701 3750/3750/3750 3702/3702/3702
f 3750/3750/3750 3751/3751/3751 3702/3702/3702
f 3702/3702/3702 3751/3751/3751 3703/3703/3703
f 3751/3751/3751 3752/3752/3752 3703/3703/3703
f 3703/3703/3703 3752/3752/3752 3704/3704/3704
f 3752/3752/3752 3753/3753/3753 3704/3704/3704
f 3704/3704/3704 3753/3753/3753 3705/3705/3705
f 3753/3753/3753 3754/3754/3754 3705/3705/3705
f 3705/3705/3705 3754/3754/3754 3706/3706/3706
f 3754/3754/3754 3755/3755/3755 3706/3706/3706
f 3706/3706/3706 3755/3755/3755 3707/3707/3707
f 3755/3755/3755 3756/3756/3756 3707/3707/3707
f 3707/3707/3707 3756/3756/3756 3708/3708/3708
f 3756/3756/3756 3757/3757/3757 3708/3708/3708
f 3708/3708/3708 3757/3757/3757 3709/3709/3709
f 3757/3757/3757 3758/3758/3758 3709/3709/3709
f 3709/3709/3709 3758/3758/3758 3710/3710/3710
f 3758/3758/3758 3759/3759/3759 3710/3710/3710
f 3710/3710/3710 3759/3759/3759 3711/3711/3711
f 3759/3759/3759 3760/3760/3760 3711/3711/3711
f 3711/3711/3711 3760/3760/3760 3712/3712/3712
f 3760/3760/3760 3761/3761/3761 3712/3712/3712
f 3712/3712/3712 3761/3761/3761 3713/3713/3713
f 3761/3761/3761 3762/3762/3762 3713/3713/3713
f 3713/3713/3713 3762/3762/3762 3714/3714/3714
f 3762/3762/3762 3763/3763/3763 3714/3714/3714
f 3714/3714/3714 3763/3763/3763 3715/3715/3715
f 3763/3763/3763 3764/3764/3764 3715/3715/3715
f 3715/3715/3715 3764/3764/3764 3716/3716/3716
f 3764/3764/3764 3765/3765/3765 3716/3716/3716
f 3716/3716/3716 3765/3765/3765 3717/3717/3717
f 3765/3765/3765 3766/3766/3766 3717/3717/3717
f 3815/3815/3815 3816/3816/3816 3767/3767/3767
f 3816/3816/3816 3817/3817/3817 3768/3768/3768
f 3817/3817/3817 3818/3818/3818 3769/3769/3769
f 3818/3818/3818 3819/3819/3819 3770/3770/3770
f 3819/3819/3819 3820/3820/3820 3771/3771/3771
f 3820/3820/3820 3821/3821/3821 3772/3772/3772
f 3821/3821/3821 3822/3822/3822 3773/3773/3773
f 3822/3822/3822 3823/3823/3823 3774/3774/3774
f 3823/3823/3823 3824/3824/3824 3775/3775/3775
f 3824/3824/3824 3825/3825/3825 3776/3776/3776
f 3825/3825/3825 3826/3826/3826 3777/3777/3777
f 3826/3826/3826 3827/3827/3827 3778/3778/3778
f 3827/3827/3827 3828/3828/3828 3779/3779/3779
f 3828/3828/3828 3829/3829/3829 3780/3780/3780
f 3829/3829/3829 3830/3830/3830 3781/3781/3781
f 3830/3830/3830 3831/3831/3831 3782/3782/3782
f 3831/3831/3831 3832/3832/3832 3783/3783/3783
f 3832/3832/3832 3833/3833/3833 3784/3784/3784
f 3833/3833/3833 3834/3834/3834 3785/3785/3785
f 3834/3834/3834 3835/3835/3835 3786/3786/3786
f 3835/3835/3835 3836/3836/3836 3787/3787/3787
f 3836/3836/3836 3837/3837/3837 3788/3788/3788
f 3837/3837/3837 3838/3838/3838 3789/3789/3789
f 3838/3838/3838 3839/3839/3839 3790/3790/3790
f 3839/3839/3839 3840/3840/3840 3791/3791/3791
f 3840/3840/3840 3841/3841/3841 3792/3792/3792
f 3841/3841/3841 3842/3842/3842 3793/3793/3793
f 3842/3842/3842 3843/3843/3843 3794/3794/3794
f 3843/3843/3843 3844/3844/3844 3795/3795/3795
f 3844/3844/3844 3845/3845/3845 3796/3796/3796
f 3845/3845/3845 3846/3846/3846 3797/3797/3797
f 3846/3846/3846 3847/3847/3847 3798/3798/3798
f 3847/3847/3847 3848/3848/3848 3799/3799/3799
f 3848/3848/3848 3849/3849/3849 3800/3800/3800
f 3849/3849/3849 3850/3850/3850 3801/3801/3801
f 3850/3850/3850 3851/3851/3851 3802/3802/3802
f 3851/3851/3851 3852/3852/3852 3803/3803/3803
f 3852/3852/3852 3853/3853/3853 3804/3804/3804
f 3853/3853/3853 3854/3854/3854 3805/3805/3805
f 3854/3854/3854 3855/3855/3855 3806/3806/3806
f 3855/3855/3855 3856/3856/3856 3807/3807/3807
f 3856/3856/3856 3857/3857/3857 3808/3808/3808
f 3857/3857/3857 3858/3858/3858 3809/3809/3809
f 3858/3858/3858 3859/3859/3859 3810/3810/3810
f 3859/3859/3859 3860/3860/3860 3811/3811/3811
f 3860/3860/3860 3861/3861/3861 3812/3812/3812
f 3861/3861/3861 3862/3862/3862 3813/3813/3813
f 3862/3862/3862 3863/3863/3863 3814/3814/3814
f 3913/3913/3913 3912/3912/3912 3864/3864/3864
f 3914/3914/3914 3913/3913/3913 3865/3865/3865
f 3915/3915/3915 3914/3914/3914 3866/3866/3866
f 3916/3916/3916 3915/3915/3915 3867/3867/3867
f 3917/3917/3917 3916/3916/3916 3868/3868/3868
f 3918/3918/3918 3917/3917/3917 3869/3869/3869
f 3919/3919/3919 3918/3918/3918 3870/3870/3870
f 3920/3920/3920 3919/3919/3919 3871/3871/3871
f 3921/3921/3921 3920/3920/3920 3872/3872/3872
f 3922/3922/3922 3921/3921/3921 3873/3873/3873
f 3923/3923/3923 3922/3922/3922 3874/3874/3874
f 3924/3924/3924 3923/3923/3923 3875/3875/3875
f 3925/3925/3925 3924/3924/3924 3876/3876/3876
f 3926/3926/3926 3925/3925/3925 3877/3877/3877
f 3927/3927/3927 3926/3926/3926 3878/3878/3878
f 3928/3928/3928 3927/3927/3927 3879/3879/3879
f 3929/3929/3929 3928/3928/3928 3880/3880/3880
f 3930/3930/3930 3929/3929/3929 3881/3881/3881
f 3931/3931/3931 3930/3930/3930 3882/3882/3882
f 3932/3932/3932 3931/3931/3931 3883/3883/3883
f 3933/3933/3933 3932/3932/3932 3884/3884/3884
f 3934/3934/3934 3933/3933/3933 3885/3885/3885
f 3935/3935/3935 3934/3934/3934 3886/3886/3886
f 3936/3936/3936 3935/3935/3935 3887/3887/3887
f 3937/3937/3937 3936/3936/3936 3888/3888/3888
f 3938/3938/3938 3937/3937/3937 3889/3889/3889
f 3939/3939/3939 3938/3938/3938 3890/3890/3890
f 3940/3940/3940 3939/3939/3939 3891/3891/3891
f 3941/3941/3941 3940/3940/3940 3892/3892/3892
f 3942/3942/3942 3941/3941/3941 3893/3893/3893
f 3943/3943/3943 3942/3942/3942 3894/3894/3894
f 3944/3944/3944 3943/3943/3943 3895/3895/3895
f 3945/3945/3945 3944/3944/3944 3896/3896/3896
f 3946/3946/3946 3945/3945/3945 3897/3897/3897
f 3947/3947/3947 3946/3946/3946 3898/3898/3898
f 3948/3948/3948 3947/3947/3947 3899/3899/3899
f 3949/3949/3949 3948/3948/3948 3900/3900/3900
f 3950/3950/3950 3949/3949/3949 3901/3901/3901
f 3951/3951/3951 3950/3950/3950 3902/3902/3902
f 3952/3952/3952 3951/3951/3951 3903/3903/3903
f 3953/3953/3953 3952/3952/3952 3904/3904/3904
f 3954/3954/3954 3953/3953/3953 3905/3905/3905
f 3955/3955/3955 3954/3954/3954 3906/3906/3906
f 3956/3956/3956 3955/3955/3955 3907/3907/3907
f 3957/3957/3957 3956/3956/3956 3908/3908/3908
f 3958/3958/3958 3957/3957/3957 3909/3909/3909
f 3959/3959/3959 3958/3958/3958 3910/3910/3910
f 3960/3960/3960 3959/3959/3959 3911/3911/3911
o fairing_barrel
usemtl hull_white
v 0 68.19999990463256 2.5999999046325684
v 0.3393681049346924 68.19999990463256 2.577756643295288
v 0.6729295253753662 68.19999990463256 2.5114071369171143
v 0.9949769377708435 68.19999990463256 2.4020867347717285
v 1.2999999523162842 68.19999990463256 2.2516660690307617
v 1.5827797651290894 68.19999990463256 2.062718629837036
v 1.838477611541748 68.19999990463256 1.838477611541748
v 2.062718629837036 68.19999990463256 1.5827797651290894
v 2.2516660690307617 68.19999990463256 1.2999999523162842
v 2.4020867347717285 68.19999990463256 0.9949769377708435
v 2.5114071369171143 68.19999990463256 0.6729295253753662
v 2.577756643295288 68.19999990463256 0.3393681049346924
v 2.5999999046325684 68.19999990463256 1.5920407760118202e-16
v 2.577756643295288 68.19999990463256 -0.3393681049346924
v 2.5114071369171143 68.19999990463256 -0.6729295253753662
v 2.4020867347717285 68.19999990463256 -0.9949769377708435
v 2.2516660690307617 68.19999990463256 -1.2999999523162842
v 2.062718629837036 68.19999990463256 -1.5827797651290894
v 1.838477611541748 68.19999990463256 -1.838477611541748
v 1.5827797651290894 68.19999990463256 -2.062718629837036
v 1.2999999523162842 68.19999990463256 -2.2516660690307617
v 0.9949769377708435 68.19999990463256 -2.4020867347717285
v 0.6729295253753662 68.19999990463256 -2.5114071369171143
v 0.3393681049346924 68.19999990463256 -2.577756643295288
v 3.1840815520236404e-16 68.19999990463256 -2.5999999046325684
v -0.3393681049346924 68.19999990463256 -2.577756643295288
v -0.6729295253753662 68.19999990463256 -2.5114071369171143
v -0.9949769377708435 68.19999990463256 -2.4020867347717285
v -1.2999999523162842 68.19999990463256 -2.2516660690307617
v -1.5827797651290894 68.19999990463256 -2.062718629837036
v -1.838477611541748 68.19999990463256 -1.838477611541748
v -2.062718629837036 68.19999990463256 -1.5827797651290894
v -2.2516660690307617 68.19999990463256 -1.2999999523162842
v -2.4020867347717285 68.19999990463256 -0.9949769377708435
v -2.5114071369171143 68.19999990463256 -0.6729295253753662
v -2.577756643295288 68.19999990463256 -0.3393681049346924
v -2.5999999046325684 68.19999990463256 -4.776122328035461e-16
v -2.577756643295288 68.19999990463256 0.3393681049346924
v -2.5114071369171143 68.19999990463256 0.6729295253753662
v -2.4020867347717285 68.19999990463256 0.9949769377708435
v -2.2516660690307617 68.19999990463256 1.2999999523162842
v -2.062718629837036 68.19999990463256 1.5827797651290894
v -1.838477611541748 68.19999990463256 1.838477611541748
v -1.5827797651290894 68.19999990463256 2.062718629837036
v -1.2999999523162842 68.19999990463256 2.2516660690307617
v -0.9949769377708435 68.19999990463256 2.4020867347717285
v -0.6729295253753662 68.19999990463256 2.5114071369171143
v -0.3393681049346924 68.19999990463256 2.577756643295288
v -6.368163104047281e-16 68.19999990463256 2.5999999046325684
v 0 63.000000095367426 2.5999999046325684
v 0.3393681049346924 63.000000095367426 2.577756643295288
v 0.6729295253753662 63.000000095367426 2.5114071369171143
v 0.9949769377708435 63.000000095367426 2.4020867347717285
v 1.2999999523162842 63.000000095367426 2.2516660690307617
v 1.5827797651290894 63.000000095367426 2.062718629837036
v 1.838477611541748 63.000000095367426 1.838477611541748
v 2.062718629837036 63.000000095367426 1.5827797651290894
v 2.2516660690307617 63.000000095367426 1.2999999523162842
v 2.4020867347717285 63.000000095367426 0.9949769377708435
v 2.5114071369171143 63.000000095367426 0.6729295253753662
v 2.577756643295288 63.000000095367426 0.3393681049346924
v 2.5999999046325684 63.000000095367426 1.5920407760118202e-16
v 2.577756643295288 63.000000095367426 -0.3393681049346924
v 2.5114071369171143 63.000000095367426 -0.6729295253753662
v 2.4020867347717285 63.000000095367426 -0.9949769377708435
v 2.2516660690307617 63.000000095367426 -1.2999999523162842
v 2.062718629837036 63.000000095367426 -1.5827797651290894
v 1.838477611541748 63.000000095367426 -1.838477611541748
v 1.5827797651290894 63.000000095367426 -2.062718629837036
v 1.2999999523162842 63.000000095367426 -2.2516660690307617
v 0.9949769377708435 63.000000095367426 -2.4020867347717285
v 0.6729295253753662 63.000000095367426 -2.5114071369171143
v 0.3393681049346924 63.000000095367426 -2.577756643295288
v 3.1840815520236404e-16 63.000000095367426 -2.5999999046325684
v -0.3393681049346924 63.000000095367426 -2.577756643295288
v -0.6729295253753662 63.000000095367426 -2.5114071369171143
v -0.9949769377708435 63.000000095367426 -2.4020867347717285
v -1.2999999523162842 63.000000095367426 -2.2516660690307617
v -1.5827797651290894 63.000000095367426 -2.062718629837036
v -1.838477611541748 63.000000095367426 -1.838477611541748
v -2.062718629837036 63.000000095367426 -1.5827797651290894
v -2.2516660690307617 63.000000095367426 -1.2999999523162842
v -2.4020867347717285 63.000000095367426 -0.9949769377708435
v -2.5114071369171143 63.000000095367426 -0.6729295253753662
v -2.577756643295288 63.000000095367426 -0.3393681049346924
v -2.5999999046325684 63.000000095367426 -4.776122328035461e-16
v -2.577756643295288 63.000000095367426 0.3393681049346924
v -2.5114071369171143 63.000000095367426 0.6729295253753662
v -2.4020867347717285 63.000000095367426 0.9949769377708435
v -2.2516660690307617 63.000000095367426 1.2999999523162842
v -2.062718629837036 63.000000095367426 1.5827797651290894
v -1.838477611541748 63.000000095367426 1.838477611541748
v -1.5827797651290894 63.000000095367426 2.062718629837036
v -1.2999999523162842 63.000000095367426 2.2516660690307617
v -0.9949769377708435 63.000000095367426 2.4020867347717285
v -0.6729295253753662 63.000000095367426 2.5114071369171143
v -0.3393681049346924 63.000000095367426 2.577756643295288
v -6.368163104047281e-16 63.000000095367426 2.5999999046325684
v 0 68.19999990463256 0
v 0 68.19999990463256 0
v 0 68.19999990463256 0
v 0 68.19999990463256 0
v 0 68.19999990463256 0
v 0 68.19999990463256 0
v 0 68.19999990463256 0
v 0 68.19999990463256 0
v 0 68.19999990463256 0
v 0 68.19999990463256 0
v 0 68.19999990463256 0
v 0 68.19999990463256 0
v 0 68.19999990463256 0
v 0 68.19999990463256 0
v 0 68.19999990463256 0
v 0 68.19999990463256 0
v 0 68.19999990463256 0
v 0 68.19999990463256 0
v 0 68.19999990463256 0
v 0 68.19999990463256 0
v 0 68.19999990463256 0
v 0 68.19999990463256 0
v 0 68.19999990463256 0
v 0 68.19999990463256 0
v 0 68.19999990463256 0
v 0 68.19999990463256 0
v 0 68.19999990463256 0
v 0 68.19999990463256 0
v 0 68.19999990463256 0
v 0 68.19999990463256 0
v 0 68.19999990463256 0
v 0 68.19999990463256 0
v 0 68.19999990463256 0
v 0 68.19999990463256 0
v 0 68.19999990463256 0
v 0 68.19999990463256 0
v 0 68.19999990463256 0
v 0 68.19999990463256 0
v 0 68.19999990463256 0
v 0 68.19999990463256 0
v 0 68.19999990463256 0
v 0 68.19999990463256 0
v 0 68.19999990463256 0
v 0 68.19999990463256 0
v 0 68.19999990463256 0
v 0 68.19999990463256 0
v 0 68.19999990463256 0
v 0 68.19999990463256 0
v 0 68.19999990463256 2.5999999046325684
v 0.3393681049346924 68.19999990463256 2.577756643295288
v 0.6729295253753662 68.19999990463256 2.5114071369171143
v 0.9949769377708435 68.19999990463256 2.4020867347717285
v 1.2999999523162842 68.19999990463256 2.2516660690307617
v 1.5827797651290894 68.19999990463256 2.062718629837036
v 1.838477611541748 68.19999990463256 1.838477611541748
v 2.062718629837036 68.19999990463256 1.5827797651290894
v 2.2516660690307617 68.19999990463256 1.2999999523162842
v 2.4020867347717285 68.19999990463256 0.9949769377708435
v 2.5114071369171143 68.19999990463256 0.6729295253753662
v 2.577756643295288 68.19999990463256 0.3393681049346924
v 2.5999999046325684 68.19999990463256 1.5920407760118202e-16
v 2.577756643295288 68.19999990463256 -0.3393681049346924
v 2.5114071369171143 68.19999990463256 -0.6729295253753662
v 2.4020867347717285 68.19999990463256 -0.9949769377708435
v 2.2516660690307617 68.19999990463256 -1.2999999523162842
v 2.062718629837036 68.19999990463256 -1.5827797651290894
v 1.838477611541748 68.19999990463256 -1.838477611541748
v 1.5827797651290894 68.19999990463256 -2.062718629837036
v 1.2999999523162842 68.19999990463256 -2.2516660690307617
v 0.9949769377708435 68.19999990463256 -2.4020867347717285
v 0.6729295253753662 68.19999990463256 -2.5114071369171143
v 0.3393681049346924 68.19999990463256 -2.577756643295288
v 3.1840815520236404e-16 68.19999990463256 -2.5999999046325684
v -0.3393681049346924 68.19999990463256 -2.577756643295288
v -0.6729295253753662 68.19999990463256 -2.5114071369171143
v -0.9949769377708435 68.19999990463256 -2.4020867347717285
v -1.2999999523162842 68.19999990463256 -2.2516660690307617
v -1.5827797651290894 68.19999990463256 -2.062718629837036
v -1.838477611541748 68.19999990463256 -1.838477611541748
v -2.062718629837036 68.19999990463256 -1.5827797651290894
v -2.2516660690307617 68.19999990463256 -1.2999999523162842
v -2.4020867347717285 68.19999990463256 -0.9949769377708435
v -2.5114071369171143 68.19999990463256 -0.6729295253753662
v -2.577756643295288 68.19999990463256 -0.3393681049346924
v -2.5999999046325684 68.19999990463256 -4.776122328035461e-16
v -2.577756643295288 68.19999990463256 0.3393681049346924
v -2.5114071369171143 68.19999990463256 0.6729295253753662
v -2.4020867347717285 68.19999990463256 0.9949769377708435
v -2.2516660690307617 68.19999990463256 1.2999999523162842
v -2.062718629837036 68.19999990463256 1.5827797651290894
v -1.838477611541748 68.19999990463256 1.838477611541748
v -1.5827797651290894 68.19999990463256 2.062718629837036
v -1.2999999523162842 68.19999990463256 2.2516660690307617
v -0.9949769377708435 68.19999990463256 2.4020867347717285
v -0.6729295253753662 68.19999990463256 2.5114071369171143
v -0.3393681049346924 68.19999990463256 2.577756643295288
v -6.368163104047281e-16 68.19999990463256 2.5999999046325684
v 0 63.000000095367426 0
v 0 63.000000095367426 0
v 0 63.000000095367426 0
v 0 63.000000095367426 0
v 0 63.000000095367426 0
v 0 63.000000095367426 0
v 0 63.000000095367426 0
v 0 63.000000095367426 0
v 0 63.000000095367426 0
v 0 63.000000095367426 0
v 0 63.000000095367426 0
v 0 63.000000095367426 0
v 0 63.000000095367426 0
v 0 63.000000095367426 0
v 0 63.000000095367426 0
v 0 63.000000095367426 0
v 0 63.000000095367426 0
v 0 63.000000095367426 0
v 0 63.000000095367426 0
v 0 63.000000095367426 0
v 0 63.000000095367426 0
v 0 63.000000095367426 0
v 0 63.000000095367426 0
v 0 63.000000095367426 0
v 0 63.000000095367426 0
v 0 63.000000095367426 0
v 0 63.000000095367426 0
v 0 63.000000095367426 0
v 0 63.000000095367426 0
v 0 63.000000095367426 0
v 0 63.000000095367426 0
v 0 63.000000095367426 0
v 0 63.000000095367426 0
v 0 63.000000095367426 0
v 0 63.000000095367426 0
v 0 63.000000095367426 0
v 0 63.000000095367426 0
v 0 63.000000095367426 0
v 0 63.000000095367426 0
v 0 63.000000095367426 0
v 0 63.000000095367426 0
v 0 63.000000095367426 0
v 0 63.000000095367426 0
v 0 63.000000095367426 0
v 0 63.000000095367426 0
v 0 63.000000095367426 0
v 0 63.000000095367426 0
v 0 63.000000095367426 0
v 0 63.000000095367426 2.5999999046325684
v 0.3393681049346924 63.000000095367426 2.577756643295288
v 0.6729295253753662 63.000000095367426 2.5114071369171143
v 0.9949769377708435 63.000000095367426 2.4020867347717285
v 1.2999999523162842 63.000000095367426 2.2516660690307617
v 1.5827797651290894 63.000000095367426 2.062718629837036
v 1.838477611541748 63.000000095367426 1.838477611541748
v 2.062718629837036 63.000000095367426 1.5827797651290894
v 2.2516660690307617 63.000000095367426 1.2999999523162842
v 2.4020867347717285 63.000000095367426 0.9949769377708435
v 2.5114071369171143 63.000000095367426 0.6729295253753662
v 2.577756643295288 63.000000095367426 0.3393681049346924
v 2.5999999046325684 63.000000095367426 1.5920407760118202e-16
v 2.577756643295288 63.000000095367426 -0.3393681049346924
v 2.5114071369171143 63.000000095367426 -0.6729295253753662
v 2.4020867347717285 63.000000095367426 -0.9949769377708435
v 2.2516660690307617 63.000000095367426 -1.2999999523162842
v 2.062718629837036 63.000000095367426 -1.5827797651290894
v 1.838477611541748 63.000000095367426 -1.838477611541748
v 1.5827797651290894 63.000000095367426 -2.062718629837036
v 1.2999999523162842 63.000000095367426 -2.2516660690307617
v 0.9949769377708435 63.000000095367426 -2.4020867347717285
v 0.6729295253753662 63.000000095367426 -2.5114071369171143
v 0.3393681049346924 63.000000095367426 -2.577756643295288
v 3.1840815520236404e-16 63.000000095367426 -2.5999999046325684
v -0.3393681049346924 63.000000095367426 -2.577756643295288
v -0.6729295253753662 63.000000095367426 -2.5114071369171143
v -0.9949769377708435 63.000000095367426 -2.4020867347717285
v -1.2999999523162842 63.000000095367426 -2.2516660690307617
v -1.5827797651290894 63.000000095367426 -2.062718629837036
v -1.838477611541748 63.000000095367426 -1.838477611541748
v -2.062718629837036 63.000000095367426 -1.5827797651290894
v -2.2516660690307617 63.000000095367426 -1.2999999523162842
v -2.4020867347717285 63.000000095367426 -0.9949769377708435
v -2.5114071369171143 63.000000095367426 -0.6729295253753662
v -2.577756643295288 63.000000095367426 -0.3393681049346924
v -2.5999999046325684 63.000000095367426 -4.776122328035461e-16
v -2.577756643295288 63.000000095367426 0.3393681049346924
v -2.5114071369171143 63.000000095367426 0.6729295253753662
v -2.4020867347717285 63.000000095367426 0.9949769377708435
v -2.2516660690307617 63.000000095367426 1.2999999523162842
v -2.062718629837036 63.000000095367426 1.5827797651290894
v -1.838477611541748 63.000000095367426 1.838477611541748
v -1.5827797651290894 63.000000095367426 2.062718629837036
v -1.2999999523162842 63.000000095367426 2.2516660690307617
v -0.9949769377708435 63.000000095367426 2.4020867347717285
v -0.6729295253753662 63.000000095367426 2.5114071369171143
v -0.3393681049346924 63.000000095367426 2.577756643295288
v -6.368163104047281e-16 63.000000095367426 2.5999999046325684
vt 0 1
vt 0.02083333395421505 1
vt 0.0416666679084301 1
vt 0.0625 1
vt 0.0833333358168602 1
vt 0.1041666641831398 1
vt 0.125 1
vt 0.1458333283662796 1
vt 0.1666666716337204 1
vt 0.1875 1
vt 0.2083333283662796 1
vt 0.2291666716337204 1
vt 0.25 1
vt 0.2708333432674408 1
vt 0.2916666567325592 1
vt 0.3125 1
vt 0.3333333432674408 1
vt 0.3541666567325592 1
vt 0.375 1
vt 0.3958333432674408 1
vt 0.4166666567325592 1
vt 0.4375 1
vt 0.4583333432674408 1
vt 0.4791666567325592 1
vt 0.5 1
vt 0.5208333134651184 1
vt 0.5416666865348816 1
vt 0.5625 1
vt 0.5833333134651184 1
vt 0.6041666865348816 1
vt 0.625 1
vt 0.6458333134651184 1
vt 0.6666666865348816 1
vt 0.6875 1
vt 0.7083333134651184 1
vt 0.7291666865348816 1
vt 0.75 1
vt 0.7708333134651184 1
vt 0.7916666865348816 1
vt 0.8125 1
vt 0.8333333134651184 1
vt 0.8541666865348816 1
vt 0.875 1
vt 0.8958333134651184 1
vt 0.9166666865348816 1
vt 0.9375 1
vt 0.9583333134651184 1
vt 0.9791666865348816 1
vt 1 1
vt 0 0
vt 0.02083333395421505 0
vt 0.0416666679084301 0
vt 0.0625 0
vt 0.0833333358168602 0
vt 0.1041666641831398 0
vt 0.125 0
vt 0.1458333283662796 0
vt 0.1666666716337204 0
vt 0.1875 0
vt 0.2083333283662796 0
vt 0.2291666716337204 0
vt 0.25 0
vt 0.2708333432674408 0
vt 0.2916666567325592 0
vt 0.3125 0
vt 0.3333333432674408 0
vt 0.3541666567325592 0
vt 0.375 0
vt 0.3958333432674408 0
vt 0.4166666567325592 0
vt 0.4375 0
vt 0.4583333432674408 0
vt 0.4791666567325592 0
vt 0.5 0
vt 0.5208333134651184 0
vt 0.5416666865348816 0
vt 0.5625 0
vt 0.5833333134651184 0
vt 0.6041666865348816 0
vt 0.625 0
vt 0.6458333134651184 0
vt 0.6666666865348816 0
vt 0.6875 0
vt 0.7083333134651184 0
vt 0.7291666865348816 0
vt 0.75 0
vt 0.7708333134651184 0
vt 0.7916666865348816 0
vt 0.8125 0
vt 0.8333333134651184 0
vt 0.8541666865348816 0
vt 0.875 0
vt 0.8958333134651184 0
vt 0.9166666865348816 0
vt 0.9375 0
vt 0.9583333134651184 0
vt 0.9791666865348816 0
vt 1 0
vt 0.5 0.5
vt 0.5 0.5
vt 0.5 0.5
vt 0.5 0.5
vt 0.5 0.5
vt 0.5 0.5
vt 0.5 0.5
vt 0.5 0.5
vt 0.5 0.5
vt 0.5 0.5
vt 0.5 0.5
vt 0.5 0.5
vt 0.5 0.5
vt 0.5 0.5
vt 0.5 0.5
vt 0.5 0.5
vt 0.5 0.5
vt 0.5 0.5
vt 0.5 0.5
vt 0.5 0.5
vt 0.5 0.5
vt 0.5 0.5
vt 0.5 0.5
vt 0.5 0.5
vt 0.5 0.5
vt 0.5 0.5
vt 0.5 0.5
vt 0.5 0.5
vt 0.5 0.5
vt 0.5 0.5
vt 0.5 0.5
vt 0.5 0.5
vt 0.5 0.5
vt 0.5 0.5
vt 0.5 0.5
vt 0.5 0.5
vt 0.5 0.5
vt 0.5 0.5
vt 0.5 0.5
vt 0.5 0.5
vt 0.5 0.5
vt 0.5 0.5
vt 0.5 0.5
vt 0.5 0.5
vt 0.5 0.5
vt 0.5 0.5
vt 0.5 0.5
vt 0.5 0.5
vt 1 0.5
vt 0.9957224130630493 0.5652630925178528
vt 0.9829629063606262 0.6294095516204834
vt 0.9619397521018982 0.6913416981697083
vt 0.9330127239227295 0.75
vt 0.8966766595840454 0.8043807148933411
vt 0.8535534143447876 0.8535534143447876
vt 0.8043807148933411 0.8966766595840454
vt 0.75 0.9330127239227295
vt 0.6913416981697083 0.9619397521018982
vt 0.6294095516204834 0.9829629063606262
vt 0.5652630925178528 0.9957224130630493
vt 0.5 1
vt 0.4347369074821472 0.9957224130630493
vt 0.370590478181839 0.9829629063606262
vt 0.30865827202796936 0.9619397521018982
vt 0.25 0.9330127239227295
vt 0.19561928510665894 0.8966766595840454
vt 0.1464466154575348 0.8535534143447876
vt 0.10332333296537399 0.8043807148933411
vt 0.0669872984290123 0.75
vt 0.03806023299694061 0.6913416981697083
vt 0.017037086188793182 0.6294095516204834
vt 0.004277569241821766 0.5652630925178528
vt 0 0.5
vt 0.004277569241821766 0.4347369074821472
vt 0.017037086188793182 0.370590478181839
vt 0.03806023299694061 0.30865827202796936
vt 0.0669872984290123 0.25
vt 0.10332333296537399 0.19561928510665894
vt 0.1464466154575348 0.1464466154575348
vt 0.19561928510665894 0.10332333296537399
vt 0.25 0.0669872984290123
vt 0.30865827202796936 0.03806023299694061
vt 0.370590478181839 0.017037086188793182
vt 0.4347369074821472 0.004277569241821766
vt 0.5 0
vt 0.5652630925178528 0.004277569241821766
vt 0.6294095516204834 0.017037086188793182
vt 0.6913416981697083 0.03806023299694061
vt 0.75 0.0669872984290123
vt 0.8043807148933411 0.10332333296537399
vt 0.8535534143447876 0.1464466154575348
vt 0.8966766595840454 0.19561928510665894
vt 0.9330127239227295 0.25
vt 0.9619397521018982 0.30865827202796936
vt 0.9829629063606262 0.370590478181839
vt 0.9957224130630493 0.4347369074821472
vt 1 0.5
vt 0.5 0.5
vt 0.5 0.5
vt 0.5 0.5
vt 0.5 0.5
vt 0.5 0.5
vt 0.5 0.5
vt 0.5 0.5
vt 0.5 0.5
vt 0.5 0.5
vt 0.5 0.5
vt 0.5 0.5
vt 0.5 0.5
vt 0.5 0.5
vt 0.5 0.5
vt 0.5 0.5
vt 0.5 0.5
vt 0.5 0.5
vt 0.5 0.5
vt 0.5 0.5
vt 0.5 0.5
vt 0.5 0.5
vt 0.5 0.5
vt 0.5 0.5
vt 0.5 0.5
vt 0.5 0.5
vt 0.5 0.5
vt 0.5 0.5
vt 0.5 0.5
vt 0.5 0.5
vt 0.5 0.5
vt 0.5 0.5
vt 0.5 0.5
vt 0.5 0.5
vt 0.5 0.5
vt 0.5 0.5
vt 0.5 0.5
vt 0.5 0.5
vt 0.5 0.5
vt 0.5 0.5
vt 0.5 0.5
vt 0.5 0.5
vt 0.5 0.5
vt 0.5 0.5
vt 0.5 0.5
vt 0.5 0.5
vt 0.5 0.5
vt 0.5 0.5
vt 0.5 0.5
vt 1 0.5
vt 0.9957224130630493 0.4347369074821472
vt 0.9829629063606262 0.370590478181839
vt 0.9619397521018982 0.30865827202796936
vt 0.9330127239227295 0.25
vt 0.8966766595840454 0.19561928510665894
vt 0.8535534143447876 0.1464466154575348
vt 0.8043807148933411 0.10332333296537399
vt 0.75 0.0669872984290123
vt 0.6913416981697083 0.03806023299694061
vt 0.6294095516204834 0.017037086188793182
vt 0.5652630925178528 0.004277569241821766
vt 0.5 0
vt 0.4347369074821472 0.004277569241821766
vt 0.370590478181839 0.017037086188793182
vt 0.30865827202796936 0.03806023299694061
vt 0.25 0.0669872984290123
vt 0.19561928510665894 0.10332333296537399
vt 0.1464466154575348 0.1464466154575348
vt 0.10332333296537399 0.19561928510665894
vt 0.0669872984290123 0.25
vt 0.03806023299694061 0.30865827202796936
vt 0.017037086188793182 0.370590478181839
vt 0.004277569241821766 0.4347369074821472
vt 0 0.5
vt 0.004277569241821766 0.5652630925178528
vt 0.017037086188793182 0.6294095516204834
vt 0.03806023299694061 0.6913416981697083
vt 0.0669872984290123 0.75
vt 0.10332333296537399 0.8043807148933411
vt 0.1464466154575348 0.8535534143447876
vt 0.19561928510665894 0.8966766595840454
vt 0.25 0.9330127239227295
vt 0.30865827202796936 0.9619397521018982
vt 0.370590478181839 0.9829629063606262
vt 0.4347369074821472 0.9957224130630493
vt 0.5 1
vt 0.5652630925178528 0.9957224130630493
vt 0.6294095516204834 0.9829629063606262
vt 0.6913416981697083 0.9619397521018982
vt 0.75 0.9330127239227295
vt 0.8043807148933411 0.8966766595840454
vt 0.8535534143447876 0.8535534143447876
vt 0.8966766595840454 0.8043807148933411
vt 0.9330127239227295 0.75
vt 0.9619397521018982 0.6913416981697083
vt 0.9829629063606262 0.6294095516204834
vt 0.9957224130630493 0.5652630925178528
vt 1 0.5
vn 0 0 1
vn 0.13052618200608704 0 0.9914448627185043
vn 0.2588190471264927 0 0.9659258257467466
vn 0.3826834370613369 0 0.9238795305660377
vn 0.5000000067305869 0 0.8660253998985324
vn 0.6087614397000725 0 0.7933533320874723
vn 0.7071067811865476 0 0.7071067811865476
vn 0.7933533320874723 0 0.6087614397000725
vn 0.8660253998985324 0 0.5000000067305869
vn 0.9238795305660377 0 0.3826834370613369
vn 0.9659258257467466 0 0.2588190471264927
vn 0.9914448627185043 0 0.13052618200608704
vn 1 0 6.123234262925839e-17
vn 0.9914448627185043 0 -0.13052618200608704
vn 0.9659258257467466 0 -0.2588190471264927
vn 0.9238795305660377 0 -0.3826834370613369
vn 0.8660253998985324 0 -0.5000000067305869
vn 0.7933533320874723 0 -0.6087614397000725
vn 0.7071067811865476 0 -0.7071067811865476
vn 0.6087614397000725 0 -0.7933533320874723
vn 0.5000000067305869 0 -0.8660253998985324
vn 0.3826834370613369 0 -0.9238795305660377
vn 0.2588190471264927 0 -0.9659258257467466
vn 0.13052618200608704 0 -0.9914448627185043
vn 1.2246468525851679e-16 0 -1
vn -0.13052618200608704 0 -0.9914448627185043
vn -0.2588190471264927 0 -0.9659258257467466
vn -0.3826834370613369 0 -0.9238795305660377
vn -0.5000000067305869 0 -0.8660253998985324
vn -0.6087614397000725 0 -0.7933533320874723
vn -0.7071067811865476 0 -0.7071067811865476
vn -0.7933533320874723 0 -0.6087614397000725
vn -0.8660253998985324 0 -0.5000000067305869
vn -0.9238795305660377 0 -0.3826834370613369
vn -0.9659258257467466 0 -0.2588190471264927
vn -0.9914448627185043 0 -0.13052618200608704
vn -1 0 -1.8369701465288538e-16
vn -0.9914448627185043 0 0.13052618200608704
vn -0.9659258257467466 0 0.2588190471264927
vn -0.9238795305660377 0 0.3826834370613369
vn -0.8660253998985324 0 0.5000000067305869
vn -0.7933533320874723 0 0.6087614397000725
vn -0.7071067811865476 0 0.7071067811865476
vn -0.6087614397000725 0 0.7933533320874723
vn -0.5000000067305869 0 0.8660253998985324
vn -0.3826834370613369 0 0.9238795305660377
vn -0.2588190471264927 0 0.9659258257467466
vn -0.13052618200608704 0 0.9914448627185043
vn -2.4492937051703357e-16 0 1
vn 0 0 1
vn 0.13052618200608704 0 0.9914448627185043
vn 0.2588190471264927 0 0.9659258257467466
vn 0.3826834370613369 0 0.9238795305660377
vn 0.5000000067305869 0 0.8660253998985324
vn 0.6087614397000725 0 0.7933533320874723
vn 0.7071067811865476 0 0.7071067811865476
vn 0.7933533320874723 0 0.6087614397000725
vn 0.8660253998985324 0 0.5000000067305869
vn 0.9238795305660377 0 0.3826834370613369
vn 0.9659258257467466 0 0.2588190471264927
vn 0.9914448627185043 0 0.13052618200608704
vn 1 0 6.123234262925839e-17
vn 0.9914448627185043 0 -0.13052618200608704
vn 0.9659258257467466 0 -0.2588190471264927
vn 0.9238795305660377 0 -0.3826834370613369
vn 0.8660253998985324 0 -0.5000000067305869
vn 0.7933533320874723 0 -0.6087614397000725
vn 0.7071067811865476 0 -0.7071067811865476
vn 0.6087614397000725 0 -0.7933533320874723
vn 0.5000000067305869 0 -0.8660253998985324
vn 0.3826834370613369 0 -0.9238795305660377
vn 0.2588190471264927 0 -0.9659258257467466
vn 0.13052618200608704 0 -0.9914448627185043
vn 1.2246468525851679e-16 0 -1
vn -0.13052618200608704 0 -0.9914448627185043
vn -0.2588190471264927 0 -0.9659258257467466
vn -0.3826834370613369 0 -0.9238795305660377
vn -0.5000000067305869 0 -0.8660253998985324
vn -0.6087614397000725 0 -0.7933533320874723
vn -0.7071067811865476 0 -0.7071067811865476
vn -0.7933533320874723 0 -0.6087614397000725
vn -0.8660253998985324 0 -0.5000000067305869
vn -0.9238795305660377 0 -0.3826834370613369
vn -0.9659258257467466 0 -0.2588190471264927
vn -0.9914448627185043 0 -0.13052618200608704
vn -1 0 -1.8369701465288538e-16
vn -0.9914448627185043 0 0.13052618200608704
vn -0.9659258257467466 0 0.2588190471264927
vn -0.9238795305660377 0 0.3826834370613369
vn -0.8660253998985324 0 0.5000000067305869
vn -0.7933533320874723 0 0.6087614397000725
vn -0.7071067811865476 0 0.7071067811865476
vn -0.6087614397000725 0 0.7933533320874723
vn -0.5000000067305869 0 0.8660253998985324
vn -0.3826834370613369 0 0.9238795305660377
vn -0.2588190471264927 0 0.9659258257467466
vn -0.13052618200608704 0 0.9914448627185043
vn -2.4492937051703357e-16 0 1
vn 0 1 0
vn 0 1 0
vn 0 1 0
vn 0 1 0
vn 0 1 0
vn 0 1 0
vn 0 1 0
vn 0 1 0
vn 0 1 0
vn 0 1 0
vn 0 1 0
vn 0 1 0
vn 0 1 0
vn 0 1 0
vn 0 1 0
vn 0 1 0
vn 0 1 0
vn 0 1 0
vn 0 1 0
vn 0 1 0
vn 0 1 0
vn 0 1 0
vn 0 1 0
vn 0 1 0
vn 0 1 0
vn 0 1 0
vn 0 1 0
vn 0 1 0
vn 0 1 0
vn 0 1 0
vn 0 1 0
vn 0 1 0
vn 0 1 0
vn 0 1 0
vn 0 1 0
vn 0 1 0
vn 0 1 0
vn 0 1 0
vn 0 1 0
vn 0 1 0
vn 0 1 0
vn 0 1 0
vn 0 1 0
vn 0 1 0
vn 0 1 0
vn 0 1 0
vn 0 1 0
vn 0 1 0
vn 0 1 0
vn 0 1 0
vn 0 1 0
vn 0 1 0
vn 0 1 0
vn 0 1 0
vn 0 1 0
vn 0 1 0
vn 0 1 0
vn 0 1 0
vn 0 1 0
vn 0 1 0
vn 0 1 0
vn 0 1 0
vn 0 1 0
vn 0 1 0
vn 0 1 0
vn 0 1 0
vn 0 1 0
vn 0 1 0
vn 0 1 0
vn 0 1 0
vn 0 1 0
vn 0 1 0
vn 0 1 0
vn 0 1 0
vn 0 1 0
vn 0 1 0
vn 0 1 0
vn 0 1 0
vn 0 1 0
vn 0 1 0
vn 0 1 0
vn 0 1 0
vn 0 1 0
vn 0 1 0
vn 0 1 0
vn 0 1 0
vn 0 1 0
vn 0 1 0
vn 0 1 0
vn 0 1 0
vn 0 1 0
vn 0 1 0
vn 0 1 0
vn 0 1 0
vn 0 1 0
vn 0 1 0
vn 0 1 0
vn 0 -1 0
vn 0 -1 0
vn 0 -1 0
vn 0 -1 0
vn 0 -1 0
vn 0 -1 0
vn 0 -1 0
vn 0 -1 0
vn 0 -1 0
vn 0 -1 0
vn 0 -1 0
vn 0 -1 0
vn 0 -1 0
vn 0 -1 0
vn 0 -1 0
vn 0 -1 0
vn 0 -1 0
vn 0 -1 0
vn 0 -1 0
vn 0 -1 0
vn 0 -1 0
vn 0 -1 0
vn 0 -1 0
vn 0 -1 0
vn 0 -1 0
vn 0 -1 0
vn 0 -1 0
vn 0 -1 0
vn 0 -1 0
vn 0 -1 0
vn 0 -1 0
vn 0 -1 0
vn 0 -1 0
vn 0 -1 0
vn 0 -1 0
vn 0 -1 0
vn 0 -1 0
vn 0 -1 0
vn 0 -1 0
vn 0 -1 0
vn 0 -1 0
vn 0 -1 0
vn 0 -1 0
vn 0 -1 0
vn 0 -1 0
vn 0 -1 0
vn 0 -1 0
vn 0 -1 0
vn 0 -1 0
vn 0 -1 0
vn 0 -1 0
vn 0 -1 0
vn 0 -1 0
vn 0 -1 0
vn 0 -1 0
vn 0 -1 0
vn 0 -1 0
vn 0 -1 0
vn 0 -1 0
vn 0 -1 0
vn 0 -1 0
vn 0 -1 0
vn 0 -1 0
vn 0 -1 0
vn 0 -1 0
vn 0 -1 0
vn 0 -1 0
vn 0 -1 0
vn 0 -1 0
vn 0 -1 0
vn 0 -1 0
vn 0 -1 0
vn 0 -1 0
vn 0 -1 0
vn 0 -1 0
vn 0 -1 0
vn 0 -1 0
vn 0 -1 0
vn 0 -1 0
vn 0 -1 0
vn 0 -1 0
vn 0 -1 0
vn 0 -1 0
vn 0 -1 0
vn 0 -1 0
vn 0 -1 0
vn 0 -1 0
vn 0 -1 0
vn 0 -1 0
vn 0 -1 0
vn 0 -1 0
vn 0 -1 0
vn 0 -1 0
vn 0 -1 0
vn 0 -1 0
vn 0 -1 0
vn 0 -1 0
f 3961/3961/3961 4010/4010/4010 3962/3962/3962
f 4010/4010/4010 4011/4011/4011 3962/3962/3962
f 3962/3962/3962 4011/4011/4011 3963/3963/3963
f 4011/4011/4011 4012/4012/4012 3963/3963/3963
f 3963/3963/3963 4012/4012/4012 3964/3964/3964
f 4012/4012/4012 4013/4013/4013 3964/3964/3964
f 3964/3964/3964 4013/4013/4013 3965/3965/3965
f 4013/4013/4013 4014/4014/4014 3965/3965/3965
f 3965/3965/3965 4014/4014/4014 3966/3966/3966
f 4014/4014/4014 4015/4015/4015 3966/3966/3966
f 3966/3966/3966 4015/4015/4015 3967/3967/3967
f 4015/4015/4015 4016/4016/4016 3967/3967/3967
f 3967/3967/3967 4016/4016/4016 3968/3968/3968
f 4016/4016/4016 4017/4017/4017 3968/3968/3968
f 3968/3968/3968 4017/4017/4017 3969/3969/3969
f 4017/4017/4017 4018/4018/4018 3969/3969/3969
f 3969/3969/3969 4018/4018/4018 3970/3970/3970
f 4018/4018/4018 4019/4019/4019 3970/3970/3970
f 3970/3970/3970 4019/4019/4019 3971/3971/3971
f 4019/4019/4019 4020/4020/4020 3971/3971/3971
f 3971/3971/3971 4020/4020/4020 3972/3972/3972
f 4020/4020/4020 4021/4021/4021 3972/3972/3972
f 3972/3972/3972 4021/4021/4021 3973/3973/3973
f 4021/4021/4021 4022/4022/4022 3973/3973/3973
f 3973/3973/3973 4022/4022/4022 3974/3974/3974
f 4022/4022/4022 4023/4023/4023 3974/3974/3974
f 3974/3974/3974 4023/4023/4023 3975/3975/3975
f 4023/4023/4023 4024/4024/4024 3975/3975/3975
f 3975/3975/3975 4024/4024/4024 3976/3976/3976
f 4024/4024/4024 4025/4025/4025 3976/3976/3976
f 3976/3976/3976 4025/4025/4025 3977/3977/3977
f 4025/4025/4025 4026/4026/4026 3977/3977/3977
f 3977/3977/3977 4026/4026/4026 3978/3978/3978
f 4026/4026/4026 4027/4027/4027 3978/3978/3978
f 3978/3978/3978 4027/4027/4027 3979/3979/3979
f 4027/4027/4027 4028/4028/4028 3979/3979/3979
f 3979/3979/3979 4028/4028/4028 3980/3980/3980
f 4028/4028/4028 4029/4029/4029 3980/3980/3980
f 3980/3980/3980 4029/4029/4029 3981/3981/3981
f 4029/4029/4029 4030/4030/4030 3981/3981/3981
f 3981/3981/3981 4030/4030/4030 3982/3982/3982
f 4030/4030/4030 4031/4031/4031 3982/3982/3982
f 3982/3982/3982 4031/4031/4031 3983/3983/3983
f 4031/4031/4031 4032/4032/4032 3983/3983/3983
f 3983/3983/3983 4032/4032/4032 3984/3984/3984
f 4032/4032/4032 4033/4033/4033 3984/3984/3984
f 3984/3984/3984 4033/4033/4033 3985/3985/3985
f 4033/4033/4033 4034/4034/4034 3985/3985/3985
f 3985/3985/3985 4034/4034/4034 3986/3986/3986
f 4034/4034/4034 4035/4035/4035 3986/3986/3986
f 3986/3986/3986 4035/4035/4035 3987/3987/3987
f 4035/4035/4035 4036/4036/4036 3987/3987/3987
f 3987/3987/3987 4036/4036/4036 3988/3988/3988
f 4036/4036/4036 4037/4037/4037 3988/3988/3988
f 3988/3988/3988 4037/4037/4037 3989/3989/3989
f 4037/4037/4037 4038/4038/4038 3989/3989/3989
f 3989/3989/3989 4038/4038/4038 3990/3990/3990
f 4038/4038/4038 4039/4039/4039 3990/3990/3990
f 3990/3990/3990 4039/4039/4039 3991/3991/3991
f 4039/4039/4039 4040/4040/4040 3991/3991/3991
f 3991/3991/3991 4040/4040/4040 3992/3992/3992
f 4040/4040/4040 4041/4041/4041 3992/3992/3992
f 3992/3992/3992 4041/4041/4041 3993/3993/3993
f 4041/4041/4041 4042/4042/4042 3993/3993/3993
f 3993/3993/3993 4042/4042/4042 3994/3994/3994
f 4042/4042/4042 4043/4043/4043 3994/3994/3994
f 3994/3994/3994 4043/4043/4043 3995/3995/3995
f 4043/4043/4043 4044/4044/4044 3995/3995/3995
f 3995/3995/3995 4044/4044/4044 3996/3996/3996
f 4044/4044/4044 4045/4045/4045 3996/3996/3996
f 3996/3996/3996 4045/4045/4045 3997/3997/3997
f 4045/4045/4045 4046/4046/4046 3997/3997/3997
f 3997/3997/3997 4046/4046/4046 3998/3998/3998
f 4046/4046/4046 4047/4047/4047 3998/3998/3998
f 3998/3998/3998 4047/4047/4047 3999/3999/3999
f 4047/4047/4047 4048/4048/4048 3999/3999/3999
f 3999/3999/3999 4048/4048/4048 4000/4000/4000
f 4048/4048/4048 4049/4049/4049 4000/4000/4000
f 4000/4000/4000 4049/4049/4049 4001/4001/4001
f 4049/4049/4049 4050/4050/4050 4001/4001/4001
f 4001/4001/4001 4050/4050/4050 4002/4002/4002
f 4050/4050/4050 4051/4051/4051 4002/4002/4002
f 4002/4002/4002 4051/4051/4051 4003/4003/4003
f 4051/4051/4051 4052/4052/4052 4003/4003/4003
f 4003/4003/4003 4052/4052/4052 4004/4004/4004
f 4052/4052/4052 4053/4053/4053 4004/4004/4004
f 4004/4004/4004 4053/4053/4053 4005/4005/4005
f 4053/4053/4053 4054/4054/4054 4005/4005/4005
f 4005/4005/4005 4054/4054/4054 4006/4006/4006
f 4054/4054/4054 4055/4055/4055 4006/4006/4006
f 4006/4006/4006 4055/4055/4055 4007/4007/4007
f 4055/4055/4055 4056/4056/4056 4007/4007/4007
f 4007/4007/4007 4056/4056/4056 4008/4008/4008
f 4056/4056/4056 4057/4057/4057 4008/4008/4008
f 4008/4008/4008 4057/4057/4057 4009/4009/4009
f 4057/4057/4057 4058/4058/4058 4009/4009/4009
f 4107/4107/4107 4108/4108/4108 4059/4059/4059
f 4108/4108/4108 4109/4109/4109 4060/4060/4060
f 4109/4109/4109 4110/4110/4110 4061/4061/4061
f 4110/4110/4110 4111/4111/4111 4062/4062/4062
f 4111/4111/4111 4112/4112/4112 4063/4063/4063
f 4112/4112/4112 4113/4113/4113 4064/4064/4064
f 4113/4113/4113 4114/4114/4114 4065/4065/4065
f 4114/4114/4114 4115/4115/4115 4066/4066/4066
f 4115/4115/4115 4116/4116/4116 4067/4067/4067
f 4116/4116/4116 4117/4117/4117 4068/4068/4068
f 4117/4117/4117 4118/4118/4118 4069/4069/4069
f 4118/4118/4118 4119/4119/4119 4070/4070/4070
f 4119/4119/4119 4120/4120/4120 4071/4071/4071
f 4120/4120/4120 4121/4121/4121 4072/4072/4072
f 4121/4121/4121 4122/4122/4122 4073/4073/4073
f 4122/4122/4122 4123/4123/4123 4074/4074/4074
f 4123/4123/4123 4124/4124/4124 4075/4075/4075
f 4124/4124/4124 4125/4125/4125 4076/4076/4076
f 4125/4125/4125 4126/4126/4126 4077/4077/4077
f 4126/4126/4126 4127/4127/4127 4078/4078/4078
f 4127/4127/4127 4128/4128/4128 4079/4079/4079
f 4128/4128/4128 4129/4129/4129 4080/4080/4080
f 4129/4129/4129 4130/4130/4130 4081/4081/4081
f 4130/4130/4130 4131/4131/4131 4082/4082/4082
f 4131/4131/4131 4132/4132/4132 4083/4083/4083
f 4132/4132/4132 4133/4133/4133 4084/4084/4084
f 4133/4133/4133 4134/4134/4134 4085/4085/4085
f 4134/4134/4134 4135/4135/4135 4086/4086/4086
f 4135/4135/4135 4136/4136/4136 4087/4087/4087
f 4136/4136/4136 4137/4137/4137 4088/4088/4088
f 4137/4137/4137 4138/4138/4138 4089/4089/4089
f 4138/4138/4138 4139/4139/4139 4090/4090/4090
f 4139/4139/4139 4140/4140/4140 4091/4091/4091
f 4140/4140/4140 4141/4141/4141 4092/4092/4092
f 4141/4141/4141 4142/4142/4142 4093/4093/4093
f 4142/4142/4142 4143/4143/4143 4094/4094/4094
f 4143/4143/4143 4144/4144/4144 4095/4095/4095
f 4144/4144/4144 4145/4145/4145 4096/4096/4096
f 4145/4145/4145 4146/4146/4146 4097/4097/4097
f 4146/4146/4146 4147/4147/4147 4098/4098/4098
f 4147/4147/4147 4148/4148/4148 4099/4099/4099
f 4148/4148/4148 4149/4149/4149 4100/4100/4100
f 4149/4149/4149 4150/4150/4150 4101/4101/4101
f 4150/4150/4150 4151/4151/4151 4102/4102/4102
f 4151/4151/4151 4152/4152/4152 4103/4103/4103
f 4152/4152/4152 4153/4153/4153 4104/4104/4104
f 4153/4153/4153 4154/4154/4154 4105/4105/4105
f 4154/4154/4154 4155/4155/4155 4106/4106/4106
f 4205/4205/4205 4204/4204/4204 4156/4156/4156
f 4206/4206/4206 4205/4205/4205 4157/4157/4157
f 4207/4207/4207 4206/4206/4206 4158/4158/4158
f 4208/4208/4208 4207/4207/4207 4159/4159/4159
f 4209/4209/4209 4208/4208/4208 4160/4160/4160
f 4210/4210/4210 4209/4209/4209 4161/4161/4161
f 4211/4211/4211 4210/4210/4210 4162/4162/4162
f 4212/4212/4212 4211/4211/4211 4163/4163/4163
f 4213/4213/4213 4212/4212/4212 4164/4164/4164
f 4214/4214/4214 4213/4213/4213 4165/4165/4165
f 4215/4215/4215 4214/4214/4214 4166/4166/4166
f 4216/4216/4216 4215/4215/4215 4167/4167/4167
f 4217/4217/4217 4216/4216/4216 4168/4168/4168
f 4218/4218/4218 4217/4217/4217 4169/4169/4169
f 4219/4219/4219 4218/4218/4218 4170/4170/4170
f 4220/4220/4220 4219/4219/4219 4171/4171/4171
f 4221/4221/4221 4220/4220/4220 4172/4172/4172
f 4222/4222/4222 4221/4221/4221 4173/4173/4173
f 4223/4223/4223 4222/4222/4222 4174/4174/4174
f 4224/4224/4224 4223/4223/4223 4175/4175/4175
f 4225/4225/4225 4224/4224/4224 4176/4176/4176
f 4226/4226/4226 4225/4225/4225 4177/4177/4177
f 4227/4227/4227 4226/4226/4226 4178/4178/4178
f 4228/4228/4228 4227/4227/4227 4179/4179/4179
f 4229/4229/4229 4228/4228/4228 4180/4180/4180
f 4230/4230/4230 4229/4229/4229 4181/4181/4181
f 4231/4231/4231 4230/4230/4230 4182/4182/4182
f 4232/4232/4232 4231/4231/4231 4183/4183/4183
f 4233/4233/4233 4232/4232/4232 4184/4184/4184
f 4234/4234/4234 4233/4233/4233 4185/4185/4185
f 4235/4235/4235 4234/4234/4234 4186/4186/4186
f 4236/4236/4236 4235/4235/4235 4187/4187/4187
f 4237/4237/4237 4236/4236/4236 4188/4188/4188
f 4238/4238/4238 4237/4237/4237 4189/4189/4189
f 4239/4239/4239 4238/4238/4238 4190/4190/4190
f 4240/4240/4240 4239/4239/4239 4191/4191/4191
f 4241/4241/4241 4240/4240/4240 4192/4192/4192
f 4242/4242/4242 4241/4241/4241 4193/4193/4193
f 4243/4243/4243 4242/4242/4242 4194/4194/4194
f 4244/4244/4244 4243/4243/4243 4195/4195/4195
f 4245/4245/4245 4244/4244/4244 4196/4196/4196
f 4246/4246/4246 4245/4245/4245 4197/4197/4197
f 4247/4247/4247 4246/4246/4246 4198/4198/4198
f 4248/4248/4248 4247/4247/4247 4199/4199/4199
f 4249/4249/4249 4248/4248/4248 4200/4200/4200
f 4250/4250/4250 4249/4249/4249 4201/4201/4201
f 4251/4251/4251 4250/4250/4250 4202/4202/4202
f 4252/4252/4252 4251/4251/4251 4203/4203/4203
o fairing_nose
usemtl hull_white
v 0 68.2 2.5999999046325684
v 0 68.41071428060532 2.597463369369507
v 0 68.62142856121064 2.5898518562316895
v 0 68.83214284181595 2.577162504196167
v 0 69.04285712242127 2.559389114379883
v 0 69.25357146263123 2.536522388458252
v 0 69.4642856836319 2.508549690246582
v 0 69.67500002384186 2.475454092025757
v 0 69.88571424484253 2.4372127056121826
v 0 70.0964285850525 2.3937957286834717
v 0 70.30714292526245 2.3451647758483887
v 0 70.51785702705384 2.2912702560424805
v 0 70.7285713672638 2.2320477962493896
v 0 70.93928570747376 2.1674158573150635
v 0 71.15000004768372 2.097268581390381
v 0 71.36071438789368 2.021470785140991
v 0 71.57142848968506 1.9398473501205444
v 0 71.78214282989502 1.8521713018417358
v 0 71.99285717010498 1.7581454515457153
v 0 72.20357151031494 1.6573759317398071
v 0 72.4142858505249 1.5493332147598267
v 0 72.62500019073487 1.4332895278930664
v 0 72.83571405410767 1.3082164525985718
v 0 73.04642839431763 1.172602653503418
v 0 73.25714273452759 1.0241022109985352
v 0 73.46785707473755 0.8587614297866821
v 0 73.67857141494751 0.6689645648002625
v 0 73.88928575515747 0.4357008934020996
v 0 74.10000009536743 2.3062239618010238e-10
v 0 74.14999980926514 0
v 0.3393681049346924 68.2 2.577756643295288
v 0.3390370011329651 68.41071428060532 2.5752415657043457
v 0.3380435109138489 68.62142856121064 2.567695379257202
v 0.3363872170448303 68.83214284181595 2.555114507675171
v 0.33406731486320496 69.04285712242127 2.5374929904937744
v 0.3310825824737549 69.25357146263123 2.514822006225586
v 0.32743144035339355 69.4642856836319 2.487088680267334
v 0.3231115937232971 69.67500002384186 2.4542760848999023
v 0.3181200921535492 69.88571424484253 2.4163618087768555
v 0.312453031539917 70.0964285850525 2.373316526412964
v 0.30610543489456177 70.30714292526245 2.325101613998413
v 0.2990707755088806 70.51785702705384 2.271667957305908
v 0.291340708732605 70.7285713672638 2.2129523754119873
v 0.2829045355319977 70.93928570747376 2.1488733291625977
v 0.2737484872341156 71.15000004768372 2.0793261528015137
v 0.26385486125946045 71.36071438789368 2.0041768550872803
v 0.253200888633728 71.57142848968506 1.9232516288757324
v 0.241756871342659 71.78214282989502 1.836325764656067
v 0.22948402166366577 71.99285717010498 1.7431042194366455
v 0.21633097529411316 72.20357151031494 1.643196940422058
v 0.2022285759449005 72.4142858505249 1.5360784530639648
v 0.18708182871341705 72.62500019073487 1.4210275411605835
v 0.1707565039396286 72.83571405410767 1.2970244884490967
v 0.1530553549528122 73.04642839431763 1.162570834159851
v 0.13367216289043427 73.25714273452759 1.015340805053711
v 0.11209086328744888 73.46785707473755 0.8514146208763123
v 0.08731739223003387 73.67857141494751 0.663241446018219
v 0.05687037855386734 73.88928575515747 0.431973397731781
v 3.010226443111996e-11 74.10000009536743 2.286493910874654e-10
v 0 74.14999980926514 0
v 0.6729295253753662 68.2 2.5114071369171143
v 0.6722729802131653 68.41071428060532 2.5089569091796875
v 0.6703029870986938 68.62142856121064 2.5016047954559326
v 0.6670187711715698 68.83214284181595 2.4893479347229004
v 0.6624186038970947 69.04285712242127 2.472179889678955
v 0.6565002799034119 69.25357146263123 2.450092315673828
v 0.649260401725769 69.4642856836319 2.4230728149414062
v 0.6406946182250977 69.67500002384186 2.3911049365997314
v 0.6307970285415649 69.88571424484253 2.3541665077209473
v 0.6195599436759949 70.0964285850525 2.3122291564941406
v 0.6069732904434204 70.30714292526245 2.2652552127838135
v 0.5930243730545044 70.51785702705384 2.2131969928741455
v 0.5776965022087097 70.7285713672638 2.1559927463531494
v 0.5609684586524963 70.93928570747376 2.0935628414154053
v 0.5428130626678467 71.15000004768372 2.025805950164795
v 0.5231951475143433 71.36071438789368 1.952590823173523
v 0.5020694136619568 71.57142848968506 1.8737486600875854
v 0.47937721014022827 71.78214282989502 1.789060115814209
v 0.4550415277481079 71.99285717010498 1.6982380151748657
v 0.4289604723453522 72.20357151031494 1.6009021997451782
v 0.40099695324897766 72.4142858505249 1.4965410232543945
v 0.37096264958381653 72.62500019073487 1.3844513893127441
v 0.3385913372039795 72.83571405410767 1.26364004611969
v 0.30349189043045044 73.04642839431763 1.132647156715393
v 0.26505714654922485 73.25714273452759 0.9892067313194275
v 0.22226381301879883 73.46785707473755 0.8294998407363892
v 0.1731407642364502 73.67857141494751 0.6461701393127441
v 0.11276768893003464 73.88928575515747 0.42085474729537964
v 5.96894686455407e-11 74.10000009536743 2.2276412658950306e-10
v 0 74.14999980926514 0
v 0.9949769377708435 68.2 2.4020867347717285
v 0.9940061569213867 68.41071428060532 2.39974308013916
v 0.9910934567451477 68.62142856121064 2.3927111625671387
v 0.9862374067306519 68.83214284181595 2.3809876441955566
v 0.9794357419013977 69.04285712242127 2.3645670413970947
v 0.9706850647926331 69.25357146263123 2.3434410095214844
v 0.9599803686141968 69.4642856836319 2.3175976276397705
v 0.9473152160644531 69.67500002384186 2.2870213985443115
v 0.9326809048652649 69.88571424484253 2.2516908645629883
v 0.9160659313201904 70.0964285850525 2.211578845977783
v 0.8974557518959045 70.30714292526245 2.16664981842041
v 0.8768311142921448 70.51785702705384 2.1168575286865234
v 0.8541677594184875 70.7285713672638 2.062143325805664
v 0.8294340968132019 70.93928570747376 2.0024311542510986
v 0.8025899529457092 71.15000004768372 1.9376235008239746
v 0.7735833525657654 71.36071438789368 1.8675954341888428
v 0.7423474192619324 71.57142848968506 1.7921851873397827
v 0.7087952494621277 71.78214282989502 1.7111831903457642
v 0.6728131175041199 71.99285717010498 1.624314546585083
v 0.6342503428459167 72.20357151031494 1.531215786933899
v 0.5929041504859924 72.4142858505249 1.4313973188400269
v 0.5484961867332458 72.62500019073487 1.32418692111969
v 0.5006327629089355 72.83571405410767 1.208634376525879
v 0.4487355947494507 73.04642839431763 1.0833436250686646
v 0.3919069468975067 73.25714273452759 0.9461470246315002
v 0.32863378524780273 73.46785707473755 0.7933921217918396
v 0.25600165128707886 73.67857141494751 0.6180426478385925
v 0.16673551499843597 73.88928575515747 0.4025351405143738
v 8.82553682912679e-11 74.10000009536743 2.1306731379233668e-10
v 0 74.14999980926514 0
v 1.2999999523162842 68.2 2.2516660690307617
v 1.2987316846847534 68.41071428060532 2.24946928024292
v 1.2949259281158447 68.62142856121064 2.24287748336792
v 1.2885812520980835 68.83214284181595 2.2318882942199707
v 1.2796945571899414 69.04285712242127 2.216495990753174
v 1.268261194229126 69.25357146263123 2.196692705154419
v 1.254274845123291 69.4642856836319 2.1724677085876465
v 1.2377270460128784 69.67500002384186 2.143805980682373
v 1.2186063528060913 69.88571424484253 2.1106879711151123
v 1.1968978643417358 70.0964285850525 2.0730879306793213
v 1.1725823879241943 70.30714292526245 2.0309722423553467
v 1.1456351280212402 70.51785702705384 1.9842982292175293
v 1.1160238981246948 70.7285713672638 1.9330101013183594
v 1.0837079286575317 70.93928570747376 1.8770371675491333
v 1.0486342906951904 71.15000004768372 1.816287875175476
v 1.0107353925704956 71.36071438789368 1.7506450414657593
v 0.9699236750602722 71.57142848968506 1.6799570322036743
v 0.9260856509208679 71.78214282989502 1.6040273904800415
v 0.8790727257728577 71.99285717010498 1.5225986242294312
v 0.8286879658699036 72.20357151031494 1.4353296756744385
v 0.7746666073799133 72.4142858505249 1.3417619466781616
v 0.7166447639465332 72.62500019073487 1.2412651777267456
v 0.6541082262992859 72.83571405410767 1.132948637008667
v 0.586301326751709 73.04642839431763 1.0155036449432373
v 0.5120511054992676 73.25714273452759 0.8868985176086426
v 0.42938071489334106 73.46785707473755 0.7437092065811157
v 0.3344822824001312 73.67857141494751 0.5793402791023254
v 0.2178504467010498 73.88928575515747 0.3773280382156372
v 1.1531119809005119e-10 74.10000009536743 1.9972484777142085e-10
v 0 74.14999980926514 0
v 1.5827797651290894 68.2 2.062718629837036
v 1.581235408782959 68.41071428060532 2.06070613861084
v 1.5766019821166992 68.62142856121064 2.0546677112579346
v 1.568877100944519 68.83214284181595 2.044600486755371
v 1.5580573081970215 69.04285712242127 2.0304999351501465
v 1.544136881828308 69.25357146263123 2.0123584270477295
v 1.5271083116531372 69.4642856836319 1.9901663064956665
v 1.5069608688354492 69.67500002384186 1.9639097452163696
v 1.483681082725525 69.88571424484253 1.9335707426071167
v 1.4572504758834839 70.0964285850525 1.8991258144378662
v 1.4276459217071533 70.30714292526245 1.8605443239212036
v 1.3948369026184082 70.51785702705384 1.8177868127822876
v 1.3587846755981445 70.7285713672638 1.770802617073059
v 1.319439172744751 70.93928570747376 1.7195265293121338
v 1.2767362594604492 71.15000004768372 1.6638749837875366
v 1.2305934429168701 71.36071438789368 1.6037405729293823
v 1.1809042692184448 71.57142848968506 1.5389842987060547
v 1.1275304555892944 71.78214282989502 1.4694262742996216
v 1.0702911615371704 71.99285717010498 1.394830584526062
v 1.0089465379714966 72.20357151031494 1.3148847818374634
v 0.9431743025779724 72.4142858505249 1.2291686534881592
v 0.8725314140319824 72.62500019073487 1.137105107307434
v 0.7963916659355164 72.83571405410767 1.0378779172897339
v 0.7138352394104004 73.04642839431763 0.9302881956100464
v 0.6234338879585266 73.25714273452759 0.8124749064445496
v 0.5227808356285095 73.46785707473755 0.6813012361526489
v 0.4072398245334625 73.67857141494751 0.5307252407073975
v 0.2652378976345062 73.88928575515747 0.34566473960876465
v 1.403940158573036e-10 74.10000009536743 1.8296504589176976e-10
v 0 74.14999980926514 0
v 1.838477611541748 68.2 1.838477611541748
v 1.8366838693618774 68.41071428060532 1.8366838693618774
v 1.8313018083572388 68.62142856121064 1.8313018083572388
v 1.8223291635513306 68.83214284181595 1.8223291635513306
v 1.8097612857818604 69.04285712242127 1.8097612857818604
v 1.793592095375061 69.25357146263123 1.793592095375061
v 1.7738125324249268 69.4642856836319 1.7738125324249268
v 1.7504103183746338 69.67500002384186 1.7504103183746338
v 1.7233695983886719 69.88571424484253 1.7233695983886719
v 1.692669153213501 70.0964285850525 1.692669153213501
v 1.658281922340393 70.30714292526245 1.658281922340393
v 1.6201727390289307 70.51785702705384 1.6201727390289307
v 1.578296184539795 70.7285713672638 1.578296184539795
v 1.5325944423675537 70.93928570747376 1.5325944423675537
v 1.4829928874969482 71.15000004768372 1.4829928874969482
v 1.4293956756591797 71.36071438789368 1.4293956756591797
v 1.3716791868209839 71.57142848968506 1.3716791868209839
v 1.309682846069336 71.78214282989502 1.309682846069336
v 1.2431966066360474 71.99285717010498 1.2431966066360474
v 1.1719417572021484 72.20357151031494 1.1719417572021484
v 1.0955440998077393 72.4142858505249 1.0955440998077393
v 1.01348876953125 72.62500019073487 1.01348876953125
v 0.9250487089157104 72.83571405410767 0.9250487089157104
v 0.8291552662849426 73.04642839431763 0.8291552662849426
v 0.7241495847702026 73.25714273452759 0.7241495847702026
v 0.6072360277175903 73.46785707473755 0.6072360277175903
v 0.47302937507629395 73.67857141494751 0.47302937507629395
v 0.3080870509147644 73.88928575515747 0.3080870509147644
v 1.6307466488285627e-10 74.10000009536743 1.6307466488285627e-10
v 0 74.14999980926514 0
v 2.062718629837036 68.2 1.5827797651290894
v 2.06070613861084 68.41071428060532 1.581235408782959
v 2.0546677112579346 68.62142856121064 1.5766019821166992
v 2.044600486755371 68.83214284181595 1.568877100944519
v 2.0304999351501465 69.04285712242127 1.5580573081970215
v 2.0123584270477295 69.25357146263123 1.544136881828308
v 1.9901663064956665 69.4642856836319 1.5271083116531372
v 1.9639097452163696 69.67500002384186 1.5069608688354492
v 1.9335707426071167 69.88571424484253 1.483681082725525
v 1.8991258144378662 70.0964285850525 1.4572504758834839
v 1.8605443239212036 70.30714292526245 1.4276459217071533
v 1.8177868127822876 70.51785702705384 1.3948369026184082
v 1.770802617073059 70.7285713672638 1.3587846755981445
v 1.7195265293121338 70.93928570747376 1.319439172744751
v 1.6638749837875366 71.15000004768372 1.2767362594604492
v 1.6037405729293823 71.36071438789368 1.2305934429168701
v 1.5389842987060547 71.57142848968506 1.1809042692184448
v 1.4694262742996216 71.78214282989502 1.1275304555892944
v 1.394830584526062 71.99285717010498 1.0702911615371704
v 1.3148847818374634 72.20357151031494 1.0089465379714966
v 1.2291686534881592 72.4142858505249 0.9431743025779724
v 1.137105107307434 72.62500019073487 0.8725314140319824
v 1.0378779172897339 72.83571405410767 0.7963916659355164
v 0.9302881956100464 73.04642839431763 0.7138352394104004
v 0.8124749064445496 73.25714273452759 0.6234338879585266
v 0.6813012361526489 73.46785707473755 0.5227808356285095
v 0.5307252407073975 73.67857141494751 0.4072398245334625
v 0.34566473960876465 73.88928575515747 0.2652378976345062
v 1.8296504589176976e-10 74.10000009536743 1.403940158573036e-10
v 0 74.14999980926514 0
v 2.2516660690307617 68.2 1.2999999523162842
v 2.24946928024292 68.41071428060532 1.2987316846847534
v 2.24287748336792 68.62142856121064 1.2949259281158447
v 2.2318882942199707 68.83214284181595 1.2885812520980835
v 2.216495990753174 69.04285712242127 1.2796945571899414
v 2.196692705154419 69.25357146263123 1.268261194229126
v 2.1724677085876465 69.4642856836319 1.254274845123291
v 2.143805980682373 69.67500002384186 1.2377270460128784
v 2.1106879711151123 69.88571424484253 1.2186063528060913
v 2.0730879306793213 70.0964285850525 1.1968978643417358
v 2.0309722423553467 70.30714292526245 1.1725823879241943
v 1.9842982292175293 70.51785702705384 1.1456351280212402
v 1.9330101013183594 70.7285713672638 1.1160238981246948
v 1.8770371675491333 70.93928570747376 1.0837079286575317
v 1.816287875175476 71.15000004768372 1.0486342906951904
v 1.7506450414657593 71.36071438789368 1.0107353925704956
v 1.6799570322036743 71.57142848968506 0.9699236750602722
v 1.6040273904800415 71.78214282989502 0.9260856509208679
v 1.5225986242294312 71.99285717010498 0.8790727257728577
v 1.4353296756744385 72.20357151031494 0.8286879658699036
v 1.3417619466781616 72.4142858505249 0.7746666073799133
v 1.2412651777267456 72.62500019073487 0.7166447639465332
v 1.132948637008667 72.83571405410767 0.6541082262992859
v 1.0155036449432373 73.04642839431763 0.586301326751709
v 0.8868985176086426 73.25714273452759 0.5120511054992676
v 0.7437092065811157 73.46785707473755 0.42938071489334106
v 0.5793402791023254 73.67857141494751 0.3344822824001312
v 0.3773280382156372 73.88928575515747 0.2178504467010498
v 1.9972484777142085e-10 74.10000009536743 1.1531119809005119e-10
v 0 74.14999980926514 0
v 2.4020867347717285 68.2 0.9949769377708435
v 2.39974308013916 68.41071428060532 0.9940061569213867
v 2.3927111625671387 68.62142856121064 0.9910934567451477
v 2.3809876441955566 68.83214284181595 0.9862374067306519
v 2.3645670413970947 69.04285712242127 0.9794357419013977
v 2.3434410095214844 69.25357146263123 0.9706850647926331
v 2.3175976276397705 69.4642856836319 0.9599803686141968
v 2.2870213985443115 69.67500002384186 0.9473152160644531
v 2.2516908645629883 69.88571424484253 0.9326809048652649
v 2.211578845977783 70.0964285850525 0.9160659313201904
v 2.16664981842041 70.30714292526245 0.8974557518959045
v 2.1168575286865234 70.51785702705384 0.8768311142921448
v 2.062143325805664 70.7285713672638 0.8541677594184875
v 2.0024311542510986 70.93928570747376 0.8294340968132019
v 1.9376235008239746 71.15000004768372 0.8025899529457092
v 1.8675954341888428 71.36071438789368 0.7735833525657654
v 1.7921851873397827 71.57142848968506 0.7423474192619324
v 1.7111831903457642 71.78214282989502 0.7087952494621277
v 1.624314546585083 71.99285717010498 0.6728131175041199
v 1.531215786933899 72.20357151031494 0.6342503428459167
v 1.4313973188400269 72.4142858505249 0.5929041504859924
v 1.32418692111969 72.62500019073487 0.5484961867332458
v 1.208634376525879 72.83571405410767 0.5006327629089355
v 1.0833436250686646 73.04642839431763 0.4487355947494507
v 0.9461470246315002 73.25714273452759 0.3919069468975067
v 0.7933921217918396 73.46785707473755 0.32863378524780273
v 0.6180426478385925 73.67857141494751 0.25600165128707886
v 0.4025351405143738 73.88928575515747 0.16673551499843597
v 2.1306731379233668e-10 74.10000009536743 8.82553682912679e-11
v 0 74.14999980926514 0
v 2.5114071369171143 68.2 0.6729295253753662
v 2.5089569091796875 68.41071428060532 0.6722729802131653
v 2.5016047954559326 68.62142856121064 0.6703029870986938
v 2.4893479347229004 68.83214284181595 0.6670187711715698
v 2.472179889678955 69.04285712242127 0.6624186038970947
v 2.450092315673828 69.25357146263123 0.6565002799034119
v 2.4230728149414062 69.4642856836319 0.649260401725769
v 2.3911049365997314 69.67500002384186 0.6406946182250977
v 2.3541665077209473 69.88571424484253 0.6307970285415649
v 2.3122291564941406 70.0964285850525 0.6195599436759949
v 2.2652552127838135 70.30714292526245 0.6069732904434204
v 2.2131969928741455 70.51785702705384 0.5930243730545044
v 2.1559927463531494 70.7285713672638 0.5776965022087097
v 2.0935628414154053 70.93928570747376 0.5609684586524963
v 2.025805950164795 71.15000004768372 0.5428130626678467
v 1.952590823173523 71.36071438789368 0.5231951475143433
v 1.8737486600875854 71.57142848968506 0.5020694136619568
v 1.789060115814209 71.78214282989502 0.47937721014022827
v 1.6982380151748657 71.99285717010498 0.4550415277481079
v 1.6009021997451782 72.20357151031494 0.4289604723453522
v 1.4965410232543945 72.4142858505249 0.40099695324897766
v 1.3844513893127441 72.62500019073487 0.37096264958381653
v 1.26364004611969 72.83571405410767 0.3385913372039795
v 1.132647156715393 73.04642839431763 0.30349189043045044
v 0.9892067313194275 73.25714273452759 0.26505714654922485
v 0.8294998407363892 73.46785707473755 0.22226381301879883
v 0.6461701393127441 73.67857141494751 0.1731407642364502
v 0.42085474729537964 73.88928575515747 0.11276768893003464
v 2.2276412658950306e-10 74.10000009536743 5.96894686455407e-11
v 0 74.14999980926514 0
v 2.577756643295288 68.2 0.3393681049346924
v 2.5752415657043457 68.41071428060532 0.3390370011329651
v 2.567695379257202 68.62142856121064 0.3380435109138489
v 2.555114507675171 68.83214284181595 0.3363872170448303
v 2.5374929904937744 69.04285712242127 0.33406731486320496
v 2.514822006225586 69.25357146263123 0.3310825824737549
v 2.487088680267334 69.4642856836319 0.32743144035339355
v 2.4542760848999023 69.67500002384186 0.3231115937232971
v 2.4163618087768555 69.88571424484253 0.3181200921535492
v 2.373316526412964 70.0964285850525 0.312453031539917
v 2.325101613998413 70.30714292526245 0.30610543489456177
v 2.271667957305908 70.51785702705384 0.2990707755088806
v 2.2129523754119873 70.7285713672638 0.291340708732605
v 2.1488733291625977 70.93928570747376 0.2829045355319977
v 2.0793261528015137 71.15000004768372 0.2737484872341156
v 2.0041768550872803 71.36071438789368 0.26385486125946045
v 1.9232516288757324 71.57142848968506 0.253200888633728
v 1.836325764656067 71.78214282989502 0.241756871342659
v 1.7431042194366455 71.99285717010498 0.22948402166366577
v 1.643196940422058 72.20357151031494 0.21633097529411316
v 1.5360784530639648 72.4142858505249 0.2022285759449005
v 1.4210275411605835 72.62500019073487 0.18708182871341705
v 1.2970244884490967 72.83571405410767 0.1707565039396286
v 1.162570834159851 73.04642839431763 0.1530553549528122
v 1.015340805053711 73.25714273452759 0.13367216289043427
v 0.8514146208763123 73.46785707473755 0.11209086328744888
v 0.663241446018219 73.67857141494751 0.08731739223003387
v 0.431973397731781 73.88928575515747 0.05687037855386734
v 2.286493910874654e-10 74.10000009536743 3.010226443111996e-11
v 0 74.14999980926514 0
v 2.5999999046325684 68.2 1.5920407760118202e-16
v 2.597463369369507 68.41071428060532 1.5904875293447926e-16
v 2.5898518562316895 68.62142856121064 1.5858269952503219e-16
v 2.577162504196167 68.83214284181595 1.5780569237971417e-16
v 2.559389114379883 69.04285712242127 1.567173741565006e-16
v 2.536522388458252 69.25357146263123 1.5531718899001985e-16
v 2.508549690246582 69.4642856836319 1.5360436925666344e-16
v 2.475454092025757 69.67500002384186 1.5157784293035753e-16
v 2.4372127056121826 69.88571424484253 1.4923623358256282e-16
v 2.3937957286834717 70.0964285850525 1.465777147984868e-16
v 2.3451647758483887 70.30714292526245 1.435999307677449e-16
v 2.2912702560424805 70.51785702705384 1.4029983746568294e-16
v 2.2320477962493896 70.7285713672638 1.3667351736491986e-16
v 2.1674158573150635 70.93928570747376 1.3271594120733136e-16
v 2.097268581390381 71.15000004768372 1.284206636015844e-16
v 2.021470785140991 71.36071438789368 1.2377938627177387e-16
v 1.9398473501205444 71.57142848968506 1.1878138895716106e-16
v 1.8521713018417358 71.78214282989502 1.134127882583449e-16
v 1.7581454515457153 71.99285717010498 1.0765535973206961e-16
v 1.6573759317398071 72.20357151031494 1.0148500926145275e-16
v 1.5493332147598267 72.4142858505249 9.486929813159244e-17
v 1.4332895278930664 72.62500019073487 8.776367108597412e-17
v 1.3082164525985718 72.83571405410767 8.010514990148046e-17
v 1.172602653503418 73.04642839431763 7.180120284606883e-17
v 1.0241022109985352 73.25714273452759 6.27081718083959e-17
v 0.8587614297866821 73.46785707473755 5.2583970801669476e-17
v 0.6689645648002625 73.67857141494751 4.09622651750342e-17
v 0.4357008934020996 73.88928575515747 2.6678985159140122e-17
v 2.3062239618010238e-10 74.10000009536743 1.4121548516525017e-26
v 0 74.14999980926514 0
v 2.577756643295288 68.2 -0.3393681049346924
v 2.5752415657043457 68.41071428060532 -0.3390370011329651
v 2.567695379257202 68.62142856121064 -0.3380435109138489
v 2.555114507675171 68.83214284181595 -0.3363872170448303
v 2.5374929904937744 69.04285712242127 -0.33406731486320496
v 2.514822006225586 69.25357146263123 -0.3310825824737549
v 2.487088680267334 69.4642856836319 -0.32743144035339355
v 2.4542760848999023 69.67500002384186 -0.3231115937232971
v 2.4163618087768555 69.88571424484253 -0.3181200921535492
v 2.373316526412964 70.0964285850525 -0.312453031539917
v 2.325101613998413 70.30714292526245 -0.30610543489456177
v 2.271667957305908 70.51785702705384 -0.2990707755088806
v 2.2129523754119873 70.7285713672638 -0.291340708732605
v 2.1488733291625977 70.93928570747376 -0.2829045355319977
v 2.0793261528015137 71.15000004768372 -0.2737484872341156
v 2.0041768550872803 71.36071438789368 -0.26385486125946045
v 1.9232516288757324 71.57142848968506 -0.253200888633728
v 1.836325764656067 71.78214282989502 -0.241756871342659
v 1.7431042194366455 71.99285717010498 -0.22948402166366577
v 1.643196940422058 72.20357151031494 -0.21633097529411316
v 1.5360784530639648 72.4142858505249 -0.2022285759449005
v 1.4210275411605835 72.62500019073487 -0.18708182871341705
v 1.2970244884490967 72.83571405410767 -0.1707565039396286
v 1.162570834159851 73.04642839431763 -0.1530553549528122
v 1.015340805053711 73.25714273452759 -0.13367216289043427
v 0.8514146208763123 73.46785707473755 -0.11209086328744888
v 0.663241446018219 73.67857141494751 -0.08731739223003387
v 0.431973397731781 73.88928575515747 -0.05687037855386734
v 2.286493910874654e-10 74.10000009536743 -3.010226443111996e-11
v 0 74.14999980926514 0
v 2.5114071369171143 68.2 -0.6729295253753662
v 2.5089569091796875 68.41071428060532 -0.6722729802131653
v 2.5016047954559326 68.62142856121064 -0.6703029870986938
v 2.4893479347229004 68.83214284181595 -0.6670187711715698
v 2.472179889678955 69.04285712242127 -0.6624186038970947
v 2.450092315673828 69.25357146263123 -0.6565002799034119
v 2.4230728149414062 69.4642856836319 -0.649260401725769
v 2.3911049365997314 69.67500002384186 -0.6406946182250977
v 2.3541665077209473 69.88571424484253 -0.6307970285415649
v 2.3122291564941406 70.0964285850525 -0.6195599436759949
v 2.2652552127838135 70.30714292526245 -0.6069732904434204
v 2.2131969928741455 70.51785702705384 -0.5930243730545044
v 2.1559927463531494 70.7285713672638 -0.5776965022087097
v 2.0935628414154053 70.93928570747376 -0.5609684586524963
v 2.025805950164795 71.15000004768372 -0.5428130626678467
v 1.952590823173523 71.36071438789368 -0.5231951475143433
v 1.8737486600875854 71.57142848968506 -0.5020694136619568
v 1.789060115814209 71.78214282989502 -0.47937721014022827
v 1.6982380151748657 71.99285717010498 -0.4550415277481079
v 1.6009021997451782 72.20357151031494 -0.4289604723453522
v 1.4965410232543945 72.4142858505249 -0.40099695324897766
v 1.3844513893127441 72.62500019073487 -0.37096264958381653
v 1.26364004611969 72.83571405410767 -0.3385913372039795
v 1.132647156715393 73.04642839431763 -0.30349189043045044
v 0.9892067313194275 73.25714273452759 -0.26505714654922485
v 0.8294998407363892 73.46785707473755 -0.22226381301879883
v 0.6461701393127441 73.67857141494751 -0.1731407642364502
v 0.42085474729537964 73.88928575515747 -0.11276768893003464
v 2.2276412658950306e-10 74.10000009536743 -5.96894686455407e-11
v 0 74.14999980926514 0
v 2.4020867347717285 68.2 -0.9949769377708435
v 2.39974308013916 68.41071428060532 -0.9940061569213867
v 2.3927111625671387 68.62142856121064 -0.9910934567451477
v 2.3809876441955566 68.83214284181595 -0.9862374067306519
v 2.3645670413970947 69.04285712242127 -0.9794357419013977
v 2.3434410095214844 69.25357146263123 -0.9706850647926331
v 2.3175976276397705 69.4642856836319 -0.9599803686141968
v 2.2870213985443115 69.67500002384186 -0.9473152160644531
v 2.2516908645629883 69.88571424484253 -0.9326809048652649
v 2.211578845977783 70.0964285850525 -0.9160659313201904
v 2.16664981842041 70.30714292526245 -0.8974557518959045
v 2.1168575286865234 70.51785702705384 -0.8768311142921448
v 2.062143325805664 70.7285713672638 -0.8541677594184875
v 2.0024311542510986 70.93928570747376 -0.8294340968132019
v 1.9376235008239746 71.15000004768372 -0.8025899529457092
v 1.8675954341888428 71.36071438789368 -0.7735833525657654
v 1.7921851873397827 71.57142848968506 -0.7423474192619324
v 1.7111831903457642 71.78214282989502 -0.7087952494621277
v 1.624314546585083 71.99285717010498 -0.6728131175041199
v 1.531215786933899 72.20357151031494 -0.6342503428459167
v 1.4313973188400269 72.4142858505249 -0.5929041504859924
v 1.32418692111969 72.62500019073487 -0.5484961867332458
v 1.208634376525879 72.83571405410767 -0.5006327629089355
v 1.0833436250686646 73.04642839431763 -0.4487355947494507
v 0.9461470246315002 73.25714273452759 -0.3919069468975067
v 0.7933921217918396 73.46785707473755 -0.32863378524780273
v 0.6180426478385925 73.67857141494751 -0.25600165128707886
v 0.4025351405143738 73.88928575515747 -0.16673551499843597
v 2.1306731379233668e-10 74.10000009536743 -8.82553682912679e-11
v 0 74.14999980926514 0
v 2.2516660690307617 68.2 -1.2999999523162842
v 2.24946928024292 68.41071428060532 -1.2987316846847534
v 2.24287748336792 68.62142856121064 -1.2949259281158447
v 2.2318882942199707 68.83214284181595 -1.2885812520980835
v 2.216495990753174 69.04285712242127 -1.2796945571899414
v 2.196692705154419 69.25357146263123 -1.268261194229126
v 2.1724677085876465 69.4642856836319 -1.254274845123291
v 2.143805980682373 69.67500002384186 -1.2377270460128784
v 2.1106879711151123 69.88571424484253 -1.2186063528060913
v 2.0730879306793213 70.0964285850525 -1.1968978643417358
v 2.0309722423553467 70.30714292526245 -1.1725823879241943
v 1.9842982292175293 70.51785702705384 -1.1456351280212402
v 1.9330101013183594 70.7285713672638 -1.1160238981246948
v 1.8770371675491333 70.93928570747376 -1.0837079286575317
v 1.816287875175476 71.15000004768372 -1.0486342906951904
v 1.7506450414657593 71.36071438789368 -1.0107353925704956
v 1.6799570322036743 71.57142848968506 -0.9699236750602722
v 1.6040273904800415 71.78214282989502 -0.9260856509208679
v 1.5225986242294312 71.99285717010498 -0.8790727257728577
v 1.4353296756744385 72.20357151031494 -0.8286879658699036
v 1.3417619466781616 72.4142858505249 -0.7746666073799133
v 1.2412651777267456 72.62500019073487 -0.7166447639465332
v 1.132948637008667 72.83571405410767 -0.6541082262992859
v 1.0155036449432373 73.04642839431763 -0.586301326751709
v 0.8868985176086426 73.25714273452759 -0.5120511054992676
v 0.7437092065811157 73.46785707473755 -0.42938071489334106
v 0.5793402791023254 73.67857141494751 -0.3344822824001312
v 0.3773280382156372 73.88928575515747 -0.2178504467010498
v 1.9972484777142085e-10 74.10000009536743 -1.1531119809005119e-10
v 0 74.14999980926514 0
v 2.062718629837036 68.2 -1.5827797651290894
v 2.06070613861084 68.41071428060532 -1.581235408782959
v 2.0546677112579346 68.62142856121064 -1.5766019821166992
v 2.044600486755371 68.83214284181595 -1.568877100944519
v 2.0304999351501465 69.04285712242127 -1.5580573081970215
v 2.0123584270477295 69.25357146263123 -1.544136881828308
v 1.9901663064956665 69.4642856836319 -1.5271083116531372
v 1.9639097452163696 69.67500002384186 -1.5069608688354492
v 1.9335707426071167 69.88571424484253 -1.483681082725525
v 1.8991258144378662 70.0964285850525 -1.4572504758834839
v 1.8605443239212036 70.30714292526245 -1.4276459217071533
v 1.8177868127822876 70.51785702705384 -1.3948369026184082
v 1.770802617073059 70.7285713672638 -1.3587846755981445
v 1.7195265293121338 70.93928570747376 -1.319439172744751
v 1.6638749837875366 71.15000004768372 -1.2767362594604492
v 1.6037405729293823 71.36071438789368 -1.2305934429168701
v 1.5389842987060547 71.57142848968506 -1.1809042692184448
v 1.4694262742996216 71.78214282989502 -1.1275304555892944
v 1.394830584526062 71.99285717010498 -1.0702911615371704
v 1.3148847818374634 72.20357151031494 -1.0089465379714966
v 1.2291686534881592 72.4142858505249 -0.9431743025779724
v 1.137105107307434 72.62500019073487 -0.8725314140319824
v 1.0378779172897339 72.83571405410767 -0.7963916659355164
v 0.9302881956100464 73.04642839431763 -0.7138352394104004
v 0.8124749064445496 73.25714273452759 -0.6234338879585266
v 0.6813012361526489 73.46785707473755 -0.5227808356285095
v 0.5307252407073975 73.67857141494751 -0.4072398245334625
v 0.34566473960876465 73.88928575515747 -0.2652378976345062
v 1.8296504589176976e-10 74.10000009536743 -1.403940158573036e-10
v 0 74.14999980926514 0
v 1.838477611541748 68.2 -1.838477611541748
v 1.8366838693618774 68.41071428060532 -1.8366838693618774
v 1.8313018083572388 68.62142856121064 -1.8313018083572388
v 1.8223291635513306 68.83214284181595 -1.8223291635513306
v 1.8097612857818604 69.04285712242127 -1.8097612857818604
v 1.793592095375061 69.25357146263123 -1.793592095375061
v 1.7738125324249268 69.4642856836319 -1.7738125324249268
v 1.7504103183746338 69.67500002384186 -1.7504103183746338
v 1.7233695983886719 69.88571424484253 -1.7233695983886719
v 1.692669153213501 70.0964285850525 -1.692669153213501
v 1.658281922340393 70.30714292526245 -1.658281922340393
v 1.6201727390289307 70.51785702705384 -1.6201727390289307
v 1.578296184539795 70.7285713672638 -1.578296184539795
v 1.5325944423675537 70.93928570747376 -1.5325944423675537
v 1.4829928874969482 71.15000004768372 -1.4829928874969482
v 1.4293956756591797 71.36071438789368 -1.4293956756591797
v 1.3716791868209839 71.57142848968506 -1.3716791868209839
v 1.309682846069336 71.78214282989502 -1.309682846069336
v 1.2431966066360474 71.99285717010498 -1.2431966066360474
v 1.1719417572021484 72.20357151031494 -1.1719417572021484
v 1.0955440998077393 72.4142858505249 -1.0955440998077393
v 1.01348876953125 72.62500019073487 -1.01348876953125
v 0.9250487089157104 72.83571405410767 -0.9250487089157104
v 0.8291552662849426 73.04642839431763 -0.8291552662849426
v 0.7241495847702026 73.25714273452759 -0.7241495847702026
v 0.6072360277175903 73.46785707473755 -0.6072360277175903
v 0.47302937507629395 73.67857141494751 -0.47302937507629395
v 0.3080870509147644 73.88928575515747 -0.3080870509147644
v 1.6307466488285627e-10 74.10000009536743 -1.6307466488285627e-10
v 0 74.14999980926514 0
v 1.5827797651290894 68.2 -2.062718629837036
v 1.581235408782959 68.41071428060532 -2.06070613861084
v 1.5766019821166992 68.62142856121064 -2.0546677112579346
v 1.568877100944519 68.83214284181595 -2.044600486755371
v 1.5580573081970215 69.04285712242127 -2.0304999351501465
v 1.544136881828308 69.25357146263123 -2.0123584270477295
v 1.5271083116531372 69.4642856836319 -1.9901663064956665
v 1.5069608688354492 69.67500002384186 -1.9639097452163696
v 1.483681082725525 69.88571424484253 -1.9335707426071167
v 1.4572504758834839 70.0964285850525 -1.8991258144378662
v 1.4276459217071533 70.30714292526245 -1.8605443239212036
v 1.3948369026184082 70.51785702705384 -1.8177868127822876
v 1.3587846755981445 70.7285713672638 -1.770802617073059
v 1.319439172744751 70.93928570747376 -1.7195265293121338
v 1.2767362594604492 71.15000004768372 -1.6638749837875366
v 1.2305934429168701 71.36071438789368 -1.6037405729293823
v 1.1809042692184448 71.57142848968506 -1.5389842987060547
v 1.1275304555892944 71.78214282989502 -1.4694262742996216
v 1.0702911615371704 71.99285717010498 -1.394830584526062
v 1.0089465379714966 72.20357151031494 -1.3148847818374634
v 0.9431743025779724 72.4142858505249 -1.2291686534881592
v 0.8725314140319824 72.62500019073487 -1.137105107307434
v 0.7963916659355164 72.83571405410767 -1.0378779172897339
v 0.7138352394104004 73.04642839431763 -0.9302881956100464
v 0.6234338879585266 73.25714273452759 -0.8124749064445496
v 0.5227808356285095 73.46785707473755 -0.6813012361526489
v 0.4072398245334625 73.67857141494751 -0.5307252407073975
v 0.2652378976345062 73.88928575515747 -0.34566473960876465
v 1.403940158573036e-10 74.10000009536743 -1.8296504589176976e-10
v 0 74.14999980926514 0
v 1.2999999523162842 68.2 -2.2516660690307617
v 1.2987316846847534 68.41071428060532 -2.24946928024292
v 1.2949259281158447 68.62142856121064 -2.24287748336792
v 1.2885812520980835 68.83214284181595 -2.2318882942199707
v 1.2796945571899414 69.04285712242127 -2.216495990753174
v 1.268261194229126 69.25357146263123 -2.196692705154419
v 1.254274845123291 69.4642856836319 -2.1724677085876465
v 1.2377270460128784 69.67500002384186 -2.143805980682373
v 1.2186063528060913 69.88571424484253 -2.1106879711151123
v 1.1968978643417358 70.0964285850525 -2.0730879306793213
v 1.1725823879241943 70.30714292526245 -2.0309722423553467
v 1.1456351280212402 70.51785702705384 -1.9842982292175293
v 1.1160238981246948 70.7285713672638 -1.9330101013183594
v 1.0837079286575317 70.93928570747376 -1.8770371675491333
v 1.0486342906951904 71.15000004768372 -1.816287875175476
v 1.0107353925704956 71.36071438789368 -1.7506450414657593
v 0.9699236750602722 71.57142848968506 -1.6799570322036743
v 0.9260856509208679 71.78214282989502 -1.6040273904800415
v 0.8790727257728577 71.99285717010498 -1.5225986242294312
v 0.8286879658699036 72.20357151031494 -1.4353296756744385
v 0.7746666073799133 72.4142858505249 -1.3417619466781616
v 0.7166447639465332 72.62500019073487 -1.2412651777267456
v 0.6541082262992859 72.83571405410767 -1.132948637008667
v 0.586301326751709 73.04642839431763 -1.0155036449432373
v 0.5120511054992676 73.25714273452759 -0.8868985176086426
v 0.42938071489334106 73.46785707473755 -0.7437092065811157
v 0.3344822824001312 73.67857141494751 -0.5793402791023254
v 0.2178504467010498 73.88928575515747 -0.3773280382156372
v 1.1531119809005119e-10 74.10000009536743 -1.9972484777142085e-10
v 0 74.14999980926514 0
v 0.9949769377708435 68.2 -2.4020867347717285
v 0.9940061569213867 68.41071428060532 -2.39974308013916
v 0.9910934567451477 68.62142856121064 -2.3927111625671387
v 0.9862374067306519 68.83214284181595 -2.3809876441955566
v 0.9794357419013977 69.04285712242127 -2.3645670413970947
v 0.9706850647926331 69.25357146263123 -2.3434410095214844
v 0.9599803686141968 69.4642856836319 -2.3175976276397705
v 0.9473152160644531 69.67500002384186 -2.2870213985443115
v 0.9326809048652649 69.88571424484253 -2.2516908645629883
v 0.9160659313201904 70.0964285850525 -2.211578845977783
v 0.8974557518959045 70.30714292526245 -2.16664981842041
v 0.8768311142921448 70.51785702705384 -2.1168575286865234
v 0.8541677594184875 70.7285713672638 -2.062143325805664
v 0.8294340968132019 70.93928570747376 -2.0024311542510986
v 0.8025899529457092 71.15000004768372 -1.9376235008239746
v 0.7735833525657654 71.36071438789368 -1.8675954341888428
v 0.7423474192619324 71.57142848968506 -1.7921851873397827
v 0.7087952494621277 71.78214282989502 -1.7111831903457642
v 0.6728131175041199 71.99285717010498 -1.624314546585083
v 0.6342503428459167 72.20357151031494 -1.531215786933899
v 0.5929041504859924 72.4142858505249 -1.4313973188400269
v 0.5484961867332458 72.62500019073487 -1.32418692111969
v 0.5006327629089355 72.83571405410767 -1.208634376525879
v 0.4487355947494507 73.04642839431763 -1.0833436250686646
v 0.3919069468975067 73.25714273452759 -0.9461470246315002
v 0.32863378524780273 73.46785707473755 -0.7933921217918396
v 0.25600165128707886 73.67857141494751 -0.6180426478385925
v 0.16673551499843597 73.88928575515747 -0.4025351405143738
v 8.82553682912679e-11 74.10000009536743 -2.1306731379233668e-10
v 0 74.14999980926514 0
v 0.6729295253753662 68.2 -2.5114071369171143
v 0.6722729802131653 68.41071428060532 -2.5089569091796875
v 0.6703029870986938 68.62142856121064 -2.5016047954559326
v 0.6670187711715698 68.83214284181595 -2.4893479347229004
v 0.6624186038970947 69.04285712242127 -2.472179889678955
v 0.6565002799034119 69.25357146263123 -2.450092315673828
v 0.649260401725769 69.4642856836319 -2.4230728149414062
v 0.6406946182250977 69.67500002384186 -2.3911049365997314
v 0.6307970285415649 69.88571424484253 -2.3541665077209473
v 0.6195599436759949 70.0964285850525 -2.3122291564941406
v 0.6069732904434204 70.30714292526245 -2.2652552127838135
v 0.5930243730545044 70.51785702705384 -2.2131969928741455
v 0.5776965022087097 70.7285713672638 -2.1559927463531494
v 0.5609684586524963 70.93928570747376 -2.0935628414154053
v 0.5428130626678467 71.15000004768372 -2.025805950164795
v 0.5231951475143433 71.36071438789368 -1.952590823173523
v 0.5020694136619568 71.57142848968506 -1.8737486600875854
v 0.47937721014022827 71.78214282989502 -1.789060115814209
v 0.4550415277481079 71.99285717010498 -1.6982380151748657
v 0.4289604723453522 72.20357151031494 -1.6009021997451782
v 0.40099695324897766 72.4142858505249 -1.4965410232543945
v 0.37096264958381653 72.62500019073487 -1.3844513893127441
v 0.3385913372039795 72.83571405410767 -1.26364004611969
v 0.30349189043045044 73.04642839431763 -1.132647156715393
v 0.26505714654922485 73.25714273452759 -0.9892067313194275
v 0.22226381301879883 73.46785707473755 -0.8294998407363892
v 0.1731407642364502 73.67857141494751 -0.6461701393127441
v 0.11276768893003464 73.88928575515747 -0.42085474729537964
v 5.96894686455407e-11 74.10000009536743 -2.2276412658950306e-10
v 0 74.14999980926514 0
v 0.3393681049346924 68.2 -2.577756643295288
v 0.3390370011329651 68.41071428060532 -2.5752415657043457
v 0.3380435109138489 68.62142856121064 -2.567695379257202
v 0.3363872170448303 68.83214284181595 -2.555114507675171
v 0.33406731486320496 69.04285712242127 -2.5374929904937744
v 0.3310825824737549 69.25357146263123 -2.514822006225586
v 0.32743144035339355 69.4642856836319 -2.487088680267334
v 0.3231115937232971 69.67500002384186 -2.4542760848999023
v 0.3181200921535492 69.88571424484253 -2.4163618087768555
v 0.312453031539917 70.0964285850525 -2.373316526412964
v 0.30610543489456177 70.30714292526245 -2.325101613998413
v 0.2990707755088806 70.51785702705384 -2.271667957305908
v 0.291340708732605 70.7285713672638 -2.2129523754119873
v 0.2829045355319977 70.93928570747376 -2.1488733291625977
v 0.2737484872341156 71.15000004768372 -2.0793261528015137
v 0.26385486125946045 71.36071438789368 -2.0041768550872803
v 0.253200888633728 71.57142848968506 -1.9232516288757324
v 0.241756871342659 71.78214282989502 -1.836325764656067
v 0.22948402166366577 71.99285717010498 -1.7431042194366455
v 0.21633097529411316 72.20357151031494 -1.643196940422058
v 0.2022285759449005 72.4142858505249 -1.5360784530639648
v 0.18708182871341705 72.62500019073487 -1.4210275411605835
v 0.1707565039396286 72.83571405410767 -1.2970244884490967
v 0.1530553549528122 73.04642839431763 -1.162570834159851
v 0.13367216289043427 73.25714273452759 -1.015340805053711
v 0.11209086328744888 73.46785707473755 -0.8514146208763123
v 0.08731739223003387 73.67857141494751 -0.663241446018219
v 0.05687037855386734 73.88928575515747 -0.431973397731781
v 3.010226443111996e-11 74.10000009536743 -2.286493910874654e-10
v 0 74.14999980926514 0
v 3.1840815520236404e-16 68.2 -2.5999999046325684
v 3.1809750586895853e-16 68.41071428060532 -2.597463369369507
v 3.1716539905006437e-16 68.62142856121064 -2.5898518562316895
v 3.1561138475942835e-16 68.83214284181595 -2.577162504196167
v 3.134347483130012e-16 69.04285712242127 -2.559389114379883
v 3.106343779800397e-16 69.25357146263123 -2.536522388458252
v 3.072087385133269e-16 69.4642856836319 -2.508549690246582
v 3.0315568586071506e-16 69.67500002384186 -2.475454092025757
v 2.9847246716512563e-16 69.88571424484253 -2.4372127056121826
v 2.931554295969736e-16 70.0964285850525 -2.3937957286834717
v 2.871998615354898e-16 70.30714292526245 -2.3451647758483887
v 2.8059967493136587e-16 70.51785702705384 -2.2912702560424805
v 2.7334703472983973e-16 70.7285713672638 -2.2320477962493896
v 2.654318824146627e-16 70.93928570747376 -2.1674158573150635
v 2.568413272031688e-16 71.15000004768372 -2.097268581390381
v 2.4755877254354773e-16 71.36071438789368 -2.021470785140991
v 2.375627779143221e-16 71.57142848968506 -1.9398473501205444
v 2.268255765166898e-16 71.78214282989502 -1.8521713018417358
v 2.1531071946413922e-16 71.99285717010498 -1.7581454515457153
v 2.029700185229055e-16 72.20357151031494 -1.6573759317398071
v 1.8973859626318488e-16 72.4142858505249 -1.5493332147598267
v 1.7552734217194825e-16 72.62500019073487 -1.4332895278930664
v 1.6021029980296093e-16 72.83571405410767 -1.3082164525985718
v 1.4360240569213765e-16 73.04642839431763 -1.172602653503418
v 1.254163436167918e-16 73.25714273452759 -1.0241022109985352
v 1.0516794160333895e-16 73.46785707473755 -0.8587614297866821
v 8.19245303500684e-17 73.67857141494751 -0.6689645648002625
v 5.3357970318280244e-17 73.88928575515747 -0.4357008934020996
v 2.8243097033050034e-26 74.10000009536743 -2.3062239618010238e-10
v 0 74.14999980926514 0
v -0.3393681049346924 68.2 -2.577756643295288
v -0.3390370011329651 68.41071428060532 -2.5752415657043457
v -0.3380435109138489 68.62142856121064 -2.567695379257202
v -0.3363872170448303 68.83214284181595 -2.555114507675171
v -0.33406731486320496 69.04285712242127 -2.5374929904937744
v -0.3310825824737549 69.25357146263123 -2.514822006225586
v -0.32743144035339355 69.4642856836319 -2.487088680267334
v -0.3231115937232971 69.67500002384186 -2.4542760848999023
v -0.3181200921535492 69.88571424484253 -2.4163618087768555
v -0.312453031539917 70.0964285850525 -2.373316526412964
v -0.30610543489456177 70.30714292526245 -2.325101613998413
v -0.2990707755088806 70.51785702705384 -2.271667957305908
v -0.291340708732605 70.7285713672638 -2.2129523754119873
v -0.2829045355319977 70.93928570747376 -2.1488733291625977
v -0.2737484872341156 71.15000004768372 -2.0793261528015137
v -0.26385486125946045 71.36071438789368 -2.0041768550872803
v -0.253200888633728 71.57142848968506 -1.9232516288757324
v -0.241756871342659 71.78214282989502 -1.836325764656067
v -0.22948402166366577 71.99285717010498 -1.7431042194366455
v -0.21633097529411316 72.20357151031494 -1.643196940422058
v -0.2022285759449005 72.4142858505249 -1.5360784530639648
v -0.18708182871341705 72.62500019073487 -1.4210275411605835
v -0.1707565039396286 72.83571405410767 -1.2970244884490967
v -0.1530553549528122 73.04642839431763 -1.162570834159851
v -0.13367216289043427 73.25714273452759 -1.015340805053711
v -0.11209086328744888 73.46785707473755 -0.8514146208763123
v -0.08731739223003387 73.67857141494751 -0.663241446018219
v -0.05687037855386734 73.88928575515747 -0.431973397731781
v -3.010226443111996e-11 74.10000009536743 -2.286493910874654e-10
v 0 74.14999980926514 0
v -0.6729295253753662 68.2 -2.5114071369171143
v -0.6722729802131653 68.41071428060532 -2.5089569091796875
v -0.6703029870986938 68.62142856121064 -2.5016047954559326
v -0.6670187711715698 68.83214284181595 -2.4893479347229004
v -0.6624186038970947 69.04285712242127 -2.472179889678955
v -0.6565002799034119 69.25357146263123 -2.450092315673828
v -0.649260401725769 69.4642856836319 -2.4230728149414062
v -0.6406946182250977 69.67500002384186 -2.3911049365997314
v -0.6307970285415649 69.88571424484253 -2.3541665077209473
v -0.6195599436759949 70.0964285850525 -2.3122291564941406
v -0.6069732904434204 70.30714292526245 -2.2652552127838135
v -0.5930243730545044 70.51785702705384 -2.2131969928741455
v -0.5776965022087097 70.7285713672638 -2.1559927463531494
v -0.5609684586524963 70.93928570747376 -2.0935628414154053
v -0.5428130626678467 71.15000004768372 -2.025805950164795
v -0.5231951475143433 71.36071438789368 -1.952590823173523
v -0.5020694136619568 71.57142848968506 -1.8737486600875854
v -0.47937721014022827 71.78214282989502 -1.789060115814209
v -0.4550415277481079 71.99285717010498 -1.6982380151748657
v -0.4289604723453522 72.20357151031494 -1.6009021997451782
v -0.40099695324897766 72.4142858505249 -1.4965410232543945
v -0.37096264958381653 72.62500019073487 -1.3844513893127441
v -0.3385913372039795 72.83571405410767 -1.26364004611969
v -0.30349189043045044 73.04642839431763 -1.132647156715393
v -0.26505714654922485 73.25714273452759 -0.9892067313194275
v -0.22226381301879883 73.46785707473755 -0.8294998407363892
v -0.1731407642364502 73.67857141494751 -0.6461701393127441
v -0.11276768893003464 73.88928575515747 -0.42085474729537964
v -5.96894686455407e-11 74.10000009536743 -2.2276412658950306e-10
v 0 74.14999980926514 0
v -0.9949769377708435 68.2 -2.4020867347717285
v -0.9940061569213867 68.41071428060532 -2.39974308013916
v -0.9910934567451477 68.62142856121064 -2.3927111625671387
v -0.9862374067306519 68.83214284181595 -2.3809876441955566
v -0.9794357419013977 69.04285712242127 -2.3645670413970947
v -0.9706850647926331 69.25357146263123 -2.3434410095214844
v -0.9599803686141968 69.4642856836319 -2.3175976276397705
v -0.9473152160644531 69.67500002384186 -2.2870213985443115
v -0.9326809048652649 69.88571424484253 -2.2516908645629883
v -0.9160659313201904 70.0964285850525 -2.211578845977783
v -0.8974557518959045 70.30714292526245 -2.16664981842041
v -0.8768311142921448 70.51785702705384 -2.1168575286865234
v -0.8541677594184875 70.7285713672638 -2.062143325805664
v -0.8294340968132019 70.93928570747376 -2.0024311542510986
v -0.8025899529457092 71.15000004768372 -1.9376235008239746
v -0.7735833525657654 71.36071438789368 -1.8675954341888428
v -0.7423474192619324 71.57142848968506 -1.7921851873397827
v -0.7087952494621277 71.78214282989502 -1.7111831903457642
v -0.6728131175041199 71.99285717010498 -1.624314546585083
v -0.6342503428459167 72.20357151031494 -1.531215786933899
v -0.5929041504859924 72.4142858505249 -1.4313973188400269
v -0.5484961867332458 72.62500019073487 -1.32418692111969
v -0.5006327629089355 72.83571405410767 -1.208634376525879
v -0.4487355947494507 73.04642839431763 -1.0833436250686646
v -0.3919069468975067 73.25714273452759 -0.9461470246315002
v -0.32863378524780273 73.46785707473755 -0.7933921217918396
v -0.25600165128707886 73.67857141494751 -0.6180426478385925
v -0.16673551499843597 73.88928575515747 -0.4025351405143738
v -8.82553682912679e-11 74.10000009536743 -2.1306731379233668e-10
v 0 74.14999980926514 0
v -1.2999999523162842 68.2 -2.2516660690307617
v -1.2987316846847534 68.41071428060532 -2.24946928024292
v -1.2949259281158447 68.62142856121064 -2.24287748336792
v -1.2885812520980835 68.83214284181595 -2.2318882942199707
v -1.2796945571899414 69.04285712242127 -2.216495990753174
v -1.268261194229126 69.25357146263123 -2.196692705154419
v -1.254274845123291 69.4642856836319 -2.1724677085876465
v -1.2377270460128784 69.67500002384186 -2.143805980682373
v -1.2186063528060913 69.88571424484253 -2.1106879711151123
v -1.1968978643417358 70.0964285850525 -2.0730879306793213
v -1.1725823879241943 70.30714292526245 -2.0309722423553467
v -1.1456351280212402 70.51785702705384 -1.9842982292175293
v -1.1160238981246948 70.7285713672638 -1.9330101013183594
v -1.0837079286575317 70.93928570747376 -1.8770371675491333
v -1.0486342906951904 71.15000004768372 -1.816287875175476
v -1.0107353925704956 71.36071438789368 -1.7506450414657593
v -0.9699236750602722 71.57142848968506 -1.6799570322036743
v -0.9260856509208679 71.78214282989502 -1.6040273904800415
v -0.8790727257728577 71.99285717010498 -1.5225986242294312
v -0.8286879658699036 72.20357151031494 -1.4353296756744385
v -0.7746666073799133 72.4142858505249 -1.3417619466781616
v -0.7166447639465332 72.62500019073487 -1.2412651777267456
v -0.6541082262992859 72.83571405410767 -1.132948637008667
v -0.586301326751709 73.04642839431763 -1.0155036449432373
v -0.5120511054992676 73.25714273452759 -0.8868985176086426
v -0.42938071489334106 73.46785707473755 -0.7437092065811157
v -0.3344822824001312 73.67857141494751 -0.5793402791023254
v -0.2178504467010498 73.88928575515747 -0.3773280382156372
v -1.1531119809005119e-10 74.10000009536743 -1.9972484777142085e-10
v 0 74.14999980926514 0
v -1.5827797651290894 68.2 -2.062718629837036
v -1.581235408782959 68.41071428060532 -2.06070613861084
v -1.5766019821166992 68.62142856121064 -2.0546677112579346
v -1.568877100944519 68.83214284181595 -2.044600486755371
v -1.5580573081970215 69.04285712242127 -2.0304999351501465
v -1.544136881828308 69.25357146263123 -2.0123584270477295
v -1.5271083116531372 69.4642856836319 -1.9901663064956665
v -1.5069608688354492 69.67500002384186 -1.9639097452163696
v -1.483681082725525 69.88571424484253 -1.9335707426071167
v -1.4572504758834839 70.0964285850525 -1.8991258144378662
v -1.4276459217071533 70.30714292526245 -1.8605443239212036
v -1.3948369026184082 70.51785702705384 -1.8177868127822876
v -1.3587846755981445 70.7285713672638 -1.770802617073059
v -1.319439172744751 70.93928570747376 -1.7195265293121338
v -1.2767362594604492 71.15000004768372 -1.6638749837875366
v -1.2305934429168701 71.36071438789368 -1.6037405729293823
v -1.1809042692184448 71.57142848968506 -1.5389842987060547
v -1.1275304555892944 71.78214282989502 -1.4694262742996216
v -1.0702911615371704 71.99285717010498 -1.394830584526062
v -1.0089465379714966 72.20357151031494 -1.3148847818374634
v -0.9431743025779724 72.4142858505249 -1.2291686534881592
v -0.8725314140319824 72.62500019073487 -1.137105107307434
v -0.7963916659355164 72.83571405410767 -1.0378779172897339
v -0.7138352394104004 73.04642839431763 -0.9302881956100464
v -0.6234338879585266 73.25714273452759 -0.8124749064445496
v -0.5227808356285095 73.46785707473755 -0.6813012361526489
v -0.4072398245334625 73.67857141494751 -0.5307252407073975
v -0.2652378976345062 73.88928575515747 -0.34566473960876465
v -1.403940158573036e-10 74.10000009536743 -1.8296504589176976e-10
v 0 74.14999980926514 0
v -1.838477611541748 68.2 -1.838477611541748
v -1.8366838693618774 68.41071428060532 -1.8366838693618774
v -1.8313018083572388 68.62142856121064 -1.8313018083572388
v -1.8223291635513306 68.83214284181595 -1.8223291635513306
v -1.8097612857818604 69.04285712242127 -1.8097612857818604
v -1.793592095375061 69.25357146263123 -1.793592095375061
v -1.7738125324249268 69.4642856836319 -1.7738125324249268
v -1.7504103183746338 69.67500002384186 -1.7504103183746338
v -1.7233695983886719 69.88571424484253 -1.7233695983886719
v -1.692669153213501 70.0964285850525 -1.692669153213501
v -1.658281922340393 70.30714292526245 -1.658281922340393
v -1.6201727390289307 70.51785702705384 -1.6201727390289307
v -1.578296184539795 70.7285713672638 -1.578296184539795
v -1.5325944423675537 70.93928570747376 -1.5325944423675537
v -1.4829928874969482 71.15000004768372 -1.4829928874969482
v -1.4293956756591797 71.36071438789368 -1.4293956756591797
v -1.3716791868209839 71.57142848968506 -1.3716791868209839
v -1.309682846069336 71.78214282989502 -1.309682846069336
v -1.2431966066360474 71.99285717010498 -1.2431966066360474
v -1.1719417572021484 72.20357151031494 -1.1719417572021484
v -1.0955440998077393 72.4142858505249 -1.0955440998077393
v -1.01348876953125 72.62500019073487 -1.01348876953125
v -0.9250487089157104 72.83571405410767 -0.9250487089157104
v -0.8291552662849426 73.04642839431763 -0.8291552662849426
v -0.7241495847702026 73.25714273452759 -0.7241495847702026
v -0.6072360277175903 73.46785707473755 -0.6072360277175903
v -0.47302937507629395 73.67857141494751 -0.47302937507629395
v -0.3080870509147644 73.88928575515747 -0.3080870509147644
v -1.6307466488285627e-10 74.10000009536743 -1.6307466488285627e-10
v 0 74.14999980926514 0
v -2.062718629837036 68.2 -1.5827797651290894
v -2.06070613861084 68.41071428060532 -1.581235408782959
v -2.0546677112579346 68.62142856121064 -1.5766019821166992
v -2.044600486755371 68.83214284181595 -1.568877100944519
v -2.0304999351501465 69.04285712242127 -1.5580573081970215
v -2.0123584270477295 69.25357146263123 -1.544136881828308
v -1.9901663064956665 69.4642856836319 -1.5271083116531372
v -1.9639097452163696 69.67500002384186 -1.5069608688354492
v -1.9335707426071167 69.88571424484253 -1.483681082725525
v -1.8991258144378662 70.0964285850525 -1.4572504758834839
v -1.8605443239212036 70.30714292526245 -1.4276459217071533
v -1.8177868127822876 70.51785702705384 -1.3948369026184082
v -1.770802617073059 70.7285713672638 -1.3587846755981445
v -1.7195265293121338 70.93928570747376 -1.319439172744751
v -1.6638749837875366 71.15000004768372 -1.2767362594604492
v -1.6037405729293823 71.36071438789368 -1.2305934429168701
v -1.5389842987060547 71.57142848968506 -1.1809042692184448
v -1.4694262742996216 71.78214282989502 -1.1275304555892944
v -1.394830584526062 71.99285717010498 -1.0702911615371704
v -1.3148847818374634 72.20357151031494 -1.0089465379714966
v -1.2291686534881592 72.4142858505249 -0.9431743025779724
v -1.137105107307434 72.62500019073487 -0.8725314140319824
v -1.0378779172897339 72.83571405410767 -0.7963916659355164
v -0.9302881956100464 73.04642839431763 -0.7138352394104004
v -0.8124749064445496 73.25714273452759 -0.6234338879585266
v -0.6813012361526489 73.46785707473755 -0.5227808356285095
v -0.5307252407073975 73.67857141494751 -0.4072398245334625
v -0.34566473960876465 73.88928575515747 -0.2652378976345062
v -1.8296504589176976e-10 74.10000009536743 -1.403940158573036e-10
v 0 74.14999980926514 0
v -2.2516660690307617 68.2 -1.2999999523162842
v -2.24946928024292 68.41071428060532 -1.2987316846847534
v -2.24287748336792 68.62142856121064 -1.2949259281158447
v -2.2318882942199707 68.83214284181595 -1.2885812520980835
v -2.216495990753174 69.04285712242127 -1.2796945571899414
v -2.196692705154419 69.25357146263123 -1.268261194229126
v -2.1724677085876465 69.4642856836319 -1.254274845123291
v -2.143805980682373 69.67500002384186 -1.2377270460128784
v -2.1106879711151123 69.88571424484253 -1.2186063528060913
v -2.0730879306793213 70.0964285850525 -1.1968978643417358
v -2.0309722423553467 70.30714292526245 -1.1725823879241943
v -1.9842982292175293 70.51785702705384 -1.1456351280212402
v -1.9330101013183594 70.7285713672638 -1.1160238981246948
v -1.8770371675491333 70.93928570747376 -1.0837079286575317
v -1.816287875175476 71.15000004768372 -1.0486342906951904
v -1.7506450414657593 71.36071438789368 -1.0107353925704956
v -1.6799570322036743 71.57142848968506 -0.9699236750602722
v -1.6040273904800415 71.78214282989502 -0.9260856509208679
v -1.5225986242294312 71.99285717010498 -0.8790727257728577
v -1.4353296756744385 72.20357151031494 -0.8286879658699036
v -1.3417619466781616 72.4142858505249 -0.7746666073799133
v -1.2412651777267456 72.62500019073487 -0.7166447639465332
v -1.132948637008667 72.83571405410767 -0.6541082262992859
v -1.0155036449432373 73.04642839431763 -0.586301326751709
v -0.8868985176086426 73.25714273452759 -0.5120511054992676
v -0.7437092065811157 73.46785707473755 -0.42938071489334106
v -0.5793402791023254 73.67857141494751 -0.3344822824001312
v -0.3773280382156372 73.88928575515747 -0.2178504467010498
v -1.9972484777142085e-10 74.10000009536743 -1.1531119809005119e-10
v 0 74.14999980926514 0
v -2.4020867347717285 68.2 -0.9949769377708435
v -2.39974308013916 68.41071428060532 -0.9940061569213867
v -2.3927111625671387 68.62142856121064 -0.9910934567451477
v -2.3809876441955566 68.83214284181595 -0.9862374067306519
v -2.3645670413970947 69.04285712242127 -0.9794357419013977
v -2.3434410095214844 69.25357146263123 -0.9706850647926331
v -2.3175976276397705 69.4642856836319 -0.9599803686141968
v -2.2870213985443115 69.67500002384186 -0.9473152160644531
v -2.2516908645629883 69.88571424484253 -0.9326809048652649
v -2.211578845977783 70.0964285850525 -0.9160659313201904
v -2.16664981842041 70.30714292526245 -0.8974557518959045
v -2.1168575286865234 70.51785702705384 -0.8768311142921448
v -2.062143325805664 70.7285713672638 -0.8541677594184875
v -2.0024311542510986 70.93928570747376 -0.8294340968132019
v -1.9376235008239746 71.15000004768372 -0.8025899529457092
v -1.8675954341888428 71.36071438789368 -0.7735833525657654
v -1.7921851873397827 71.57142848968506 -0.7423474192619324
v -1.7111831903457642 71.78214282989502 -0.7087952494621277
v -1.624314546585083 71.99285717010498 -0.6728131175041199
v -1.531215786933899 72.20357151031494 -0.6342503428459167
v -1.4313973188400269 72.4142858505249 -0.5929041504859924
v -1.32418692111969 72.62500019073487 -0.5484961867332458
v -1.208634376525879 72.83571405410767 -0.5006327629089355
v -1.0833436250686646 73.04642839431763 -0.4487355947494507
v -0.9461470246315002 73.25714273452759 -0.3919069468975067
v -0.7933921217918396 73.46785707473755 -0.32863378524780273
v -0.6180426478385925 73.67857141494751 -0.25600165128707886
v -0.4025351405143738 73.88928575515747 -0.16673551499843597
v -2.1306731379233668e-10 74.10000009536743 -8.82553682912679e-11
v 0 74.14999980926514 0
v -2.5114071369171143 68.2 -0.6729295253753662
v -2.5089569091796875 68.41071428060532 -0.6722729802131653
v -2.5016047954559326 68.62142856121064 -0.6703029870986938
v -2.4893479347229004 68.83214284181595 -0.6670187711715698
v -2.472179889678955 69.04285712242127 -0.6624186038970947
v -2.450092315673828 69.25357146263123 -0.6565002799034119
v -2.4230728149414062 69.4642856836319 -0.649260401725769
v -2.3911049365997314 69.67500002384186 -0.6406946182250977
v -2.3541665077209473 69.88571424484253 -0.6307970285415649
v -2.3122291564941406 70.0964285850525 -0.6195599436759949
v -2.2652552127838135 70.30714292526245 -0.6069732904434204
v -2.2131969928741455 70.51785702705384 -0.5930243730545044
v -2.1559927463531494 70.7285713672638 -0.5776965022087097
v -2.0935628414154053 70.93928570747376 -0.5609684586524963
v -2.025805950164795 71.15000004768372 -0.5428130626678467
v -1.952590823173523 71.36071438789368 -0.5231951475143433
v -1.8737486600875854 71.57142848968506 -0.5020694136619568
v -1.789060115814209 71.78214282989502 -0.47937721014022827
v -1.6982380151748657 71.99285717010498 -0.4550415277481079
v -1.6009021997451782 72.20357151031494 -0.4289604723453522
v -1.4965410232543945 72.4142858505249 -0.40099695324897766
v -1.3844513893127441 72.62500019073487 -0.37096264958381653
v -1.26364004611969 72.83571405410767 -0.3385913372039795
v -1.132647156715393 73.04642839431763 -0.30349189043045044
v -0.9892067313194275 73.25714273452759 -0.26505714654922485
v -0.8294998407363892 73.46785707473755 -0.22226381301879883
v -0.6461701393127441 73.67857141494751 -0.1731407642364502
v -0.42085474729537964 73.88928575515747 -0.11276768893003464
v -2.2276412658950306e-10 74.10000009536743 -5.96894686455407e-11
v 0 74.14999980926514 0
v -2.577756643295288 68.2 -0.3393681049346924
v -2.5752415657043457 68.41071428060532 -0.3390370011329651
v -2.567695379257202 68.62142856121064 -0.3380435109138489
v -2.555114507675171 68.83214284181595 -0.3363872170448303
v -2.5374929904937744 69.04285712242127 -0.33406731486320496
v -2.514822006225586 69.25357146263123 -0.3310825824737549
v -2.487088680267334 69.4642856836319 -0.32743144035339355
v -2.4542760848999023 69.67500002384186 -0.3231115937232971
v -2.4163618087768555 69.88571424484253 -0.3181200921535492
v -2.373316526412964 70.0964285850525 -0.312453031539917
v -2.325101613998413 70.30714292526245 -0.30610543489456177
v -2.271667957305908 70.51785702705384 -0.2990707755088806
v -2.2129523754119873 70.7285713672638 -0.291340708732605
v -2.1488733291625977 70.93928570747376 -0.2829045355319977
v -2.0793261528015137 71.15000004768372 -0.2737484872341156
v -2.0041768550872803 71.36071438789368 -0.26385486125946045
v -1.9232516288757324 71.57142848968506 -0.253200888633728
v -1.836325764656067 71.78214282989502 -0.241756871342659
v -1.7431042194366455 71.99285717010498 -0.22948402166366577
v -1.643196940422058 72.20357151031494 -0.21633097529411316
v -1.5360784530639648 72.4142858505249 -0.2022285759449005
v -1.4210275411605835 72.62500019073487 -0.18708182871341705
v -1.2970244884490967 72.83571405410767 -0.1707565039396286
v -1.162570834159851 73.04642839431763 -0.1530553549528122
v -1.015340805053711 73.25714273452759 -0.13367216289043427
v -0.8514146208763123 73.46785707473755 -0.11209086328744888
v -0.663241446018219 73.67857141494751 -0.08731739223003387
v -0.431973397731781 73.88928575515747 -0.05687037855386734
v -2.286493910874654e-10 74.10000009536743 -3.010226443111996e-11
v 0 74.14999980926514 0
v -2.5999999046325684 68.2 -4.776122328035461e-16
v -2.597463369369507 68.41071428060532 -4.771462588034378e-16
v -2.5898518562316895 68.62142856121064 -4.75748072105317e-16
v -2.577162504196167 68.83214284181595 -4.734170903740323e-16
v -2.559389114379883 69.04285712242127 -4.701521489392814e-16
v -2.536522388458252 69.25357146263123 -4.659516066747289e-16
v -2.508549690246582 69.4642856836319 -4.608130813002107e-16
v -2.475454092025757 69.67500002384186 -4.54733502321293e-16
v -2.4372127056121826 69.88571424484253 -4.477086875127986e-16
v -2.3937957286834717 70.0964285850525 -4.3973313116057056e-16
v -2.3451647758483887 70.30714292526245 -4.307997923032347e-16
v -2.2912702560424805 70.51785702705384 -4.208995123970488e-16
v -2.2320477962493896 70.7285713672638 -4.100205388598698e-16
v -2.1674158573150635 70.93928570747376 -3.9814781038710427e-16
v -2.097268581390381 71.15000004768372 -3.852619775698634e-16
v -2.021470785140991 71.36071438789368 -3.713381588153216e-16
v -1.9398473501205444 71.57142848968506 -3.563441668714832e-16
v -1.8521713018417358 71.78214282989502 -3.402383383052551e-16
v -1.7581454515457153 71.99285717010498 -3.2296606596131903e-16
v -1.6573759317398071 72.20357151031494 -3.0445503440180315e-16
v -1.5493332147598267 72.4142858505249 -2.846078877773324e-16
v -1.4332895278930664 72.62500019073487 -2.6329103311025707e-16
v -1.3082164525985718 72.83571405410767 -2.403154497044414e-16
v -1.172602653503418 73.04642839431763 -2.1540360192076158e-16
v -1.0241022109985352 73.25714273452759 -1.881245220426326e-16
v -0.8587614297866821 73.46785707473755 -1.5775191902245333e-16
v -0.6689645648002625 73.67857141494751 -1.2288679883382505e-16
v -0.4357008934020996 73.88928575515747 -8.003695713178159e-17
v -2.3062239618010238e-10 74.10000009536743 -4.2364647090319006e-26
v 0 74.14999980926514 0
v -2.577756643295288 68.2 0.3393681049346924
v -2.5752415657043457 68.41071428060532 0.3390370011329651
v -2.567695379257202 68.62142856121064 0.3380435109138489
v -2.555114507675171 68.83214284181595 0.3363872170448303
v -2.5374929904937744 69.04285712242127 0.33406731486320496
v -2.514822006225586 69.25357146263123 0.3310825824737549
v -2.487088680267334 69.4642856836319 0.32743144035339355
v -2.4542760848999023 69.67500002384186 0.3231115937232971
v -2.4163618087768555 69.88571424484253 0.3181200921535492
v -2.373316526412964 70.0964285850525 0.312453031539917
v -2.325101613998413 70.30714292526245 0.30610543489456177
v -2.271667957305908 70.51785702705384 0.2990707755088806
v -2.2129523754119873 70.7285713672638 0.291340708732605
v -2.1488733291625977 70.93928570747376 0.2829045355319977
v -2.0793261528015137 71.15000004768372 0.2737484872341156
v -2.0041768550872803 71.36071438789368 0.26385486125946045
v -1.9232516288757324 71.57142848968506 0.253200888633728
v -1.836325764656067 71.78214282989502 0.241756871342659
v -1.7431042194366455 71.99285717010498 0.22948402166366577
v -1.643196940422058 72.20357151031494 0.21633097529411316
v -1.5360784530639648 72.4142858505249 0.2022285759449005
v -1.4210275411605835 72.62500019073487 0.18708182871341705
v -1.2970244884490967 72.83571405410767 0.1707565039396286
v -1.162570834159851 73.04642839431763 0.1530553549528122
v -1.015340805053711 73.25714273452759 0.13367216289043427
v -0.8514146208763123 73.46785707473755 0.11209086328744888
v -0.663241446018219 73.67857141494751 0.08731739223003387
v -0.431973397731781 73.88928575515747 0.05687037855386734
v -2.286493910874654e-10 74.10000009536743 3.010226443111996e-11
v 0 74.14999980926514 0
v -2.5114071369171143 68.2 0.6729295253753662
v -2.5089569091796875 68.41071428060532 0.6722729802131653
v -2.5016047954559326 68.62142856121064 0.6703029870986938
v -2.4893479347229004 68.83214284181595 0.6670187711715698
v -2.472179889678955 69.04285712242127 0.6624186038970947
v -2.450092315673828 69.25357146263123 0.6565002799034119
v -2.4230728149414062 69.4642856836319 0.649260401725769
v -2.3911049365997314 69.67500002384186 0.6406946182250977
v -2.3541665077209473 69.88571424484253 0.6307970285415649
v -2.3122291564941406 70.0964285850525 0.6195599436759949
v -2.2652552127838135 70.30714292526245 0.6069732904434204
v -2.2131969928741455 70.51785702705384 0.5930243730545044
v -2.1559927463531494 70.7285713672638 0.5776965022087097
v -2.0935628414154053 70.93928570747376 0.5609684586524963
v -2.025805950164795 71.15000004768372 0.5428130626678467
v -1.952590823173523 71.36071438789368 0.5231951475143433
v -1.8737486600875854 71.57142848968506 0.5020694136619568
v -1.789060115814209 71.78214282989502 0.47937721014022827
v -1.6982380151748657 71.99285717010498 0.4550415277481079
v -1.6009021997451782 72.20357151031494 0.4289604723453522
v -1.4965410232543945 72.4142858505249 0.40099695324897766
v -1.3844513893127441 72.62500019073487 0.37096264958381653
v -1.26364004611969 72.83571405410767 0.3385913372039795
v -1.132647156715393 73.04642839431763 0.30349189043045044
v -0.9892067313194275 73.25714273452759 0.26505714654922485
v -0.8294998407363892 73.46785707473755 0.22226381301879883
v -0.6461701393127441 73.67857141494751 0.1731407642364502
v -0.42085474729537964 73.88928575515747 0.11276768893003464
v -2.2276412658950306e-10 74.10000009536743 5.96894686455407e-11
v 0 74.14999980926514 0
v -2.4020867347717285 68.2 0.9949769377708435
v -2.39974308013916 68.41071428060532 0.9940061569213867
v -2.3927111625671387 68.62142856121064 0.9910934567451477
v -2.3809876441955566 68.83214284181595 0.9862374067306519
v -2.3645670413970947 69.04285712242127 0.9794357419013977
v -2.3434410095214844 69.25357146263123 0.9706850647926331
v -2.3175976276397705 69.4642856836319 0.9599803686141968
v -2.2870213985443115 69.67500002384186 0.9473152160644531
v -2.2516908645629883 69.88571424484253 0.9326809048652649
v -2.211578845977783 70.0964285850525 0.9160659313201904
v -2.16664981842041 70.30714292526245 0.8974557518959045
v -2.1168575286865234 70.51785702705384 0.8768311142921448
v -2.062143325805664 70.7285713672638 0.8541677594184875
v -2.0024311542510986 70.93928570747376 0.8294340968132019
v -1.9376235008239746 71.15000004768372 0.8025899529457092
v -1.8675954341888428 71.36071438789368 0.7735833525657654
v -1.7921851873397827 71.57142848968506 0.7423474192619324
v -1.7111831903457642 71.78214282989502 0.7087952494621277
v -1.624314546585083 71.99285717010498 0.6728131175041199
v -1.531215786933899 72.20357151031494 0.6342503428459167
v -1.4313973188400269 72.4142858505249 0.5929041504859924
v -1.32418692111969 72.62500019073487 0.5484961867332458
v -1.208634376525879 72.83571405410767 0.5006327629089355
v -1.0833436250686646 73.04642839431763 0.4487355947494507
v -0.9461470246315002 73.25714273452759 0.3919069468975067
v -0.7933921217918396 73.46785707473755 0.32863378524780273
v -0.6180426478385925 73.67857141494751 0.25600165128707886
v -0.4025351405143738 73.88928575515747 0.16673551499843597
v -2.1306731379233668e-10 74.10000009536743 8.82553682912679e-11
v 0 74.14999980926514 0
v -2.2516660690307617 68.2 1.2999999523162842
v -2.24946928024292 68.41071428060532 1.2987316846847534
v -2.24287748336792 68.62142856121064 1.2949259281158447
v -2.2318882942199707 68.83214284181595 1.2885812520980835
v -2.216495990753174 69.04285712242127 1.2796945571899414
v -2.196692705154419 69.25357146263123 1.268261194229126
v -2.1724677085876465 69.4642856836319 1.254274845123291
v -2.143805980682373 69.67500002384186 1.2377270460128784
v -2.1106879711151123 69.88571424484253 1.2186063528060913
v -2.0730879306793213 70.0964285850525 1.1968978643417358
v -2.0309722423553467 70.30714292526245 1.1725823879241943
v -1.9842982292175293 70.51785702705384 1.1456351280212402
v -1.9330101013183594 70.7285713672638 1.1160238981246948
v -1.8770371675491333 70.93928570747376 1.0837079286575317
v -1.816287875175476 71.15000004768372 1.0486342906951904
v -1.7506450414657593 71.36071438789368 1.0107353925704956
v -1.6799570322036743 71.57142848968506 0.9699236750602722
v -1.6040273904800415 71.78214282989502 0.9260856509208679
v -1.5225986242294312 71.99285717010498 0.8790727257728577
v -1.4353296756744385 72.20357151031494 0.8286879658699036
v -1.3417619466781616 72.4142858505249 0.7746666073799133
v -1.2412651777267456 72.62500019073487 0.7166447639465332
v -1.132948637008667 72.83571405410767 0.6541082262992859
v -1.0155036449432373 73.04642839431763 0.586301326751709
v -0.8868985176086426 73.25714273452759 0.5120511054992676
v -0.7437092065811157 73.46785707473755 0.42938071489334106
v -0.5793402791023254 73.67857141494751 0.3344822824001312
v -0.3773280382156372 73.88928575515747 0.2178504467010498
v -1.9972484777142085e-10 74.10000009536743 1.1531119809005119e-10
v 0 74.14999980926514 0
v -2.062718629837036 68.2 1.5827797651290894
v -2.06070613861084 68.41071428060532 1.581235408782959
v -2.0546677112579346 68.62142856121064 1.5766019821166992
v -2.044600486755371 68.83214284181595 1.568877100944519
v -2.0304999351501465 69.04285712242127 1.5580573081970215
v -2.0123584270477295 69.25357146263123 1.544136881828308
v -1.9901663064956665 69.4642856836319 1.5271083116531372
v -1.9639097452163696 69.67500002384186 1.5069608688354492
v -1.9335707426071167 69.88571424484253 1.483681082725525
v -1.8991258144378662 70.0964285850525 1.4572504758834839
v -1.8605443239212036 70.30714292526245 1.4276459217071533
v -1.8177868127822876 70.51785702705384 1.3948369026184082
v -1.770802617073059 70.7285713672638 1.3587846755981445
v -1.7195265293121338 70.93928570747376 1.319439172744751
v -1.6638749837875366 71.15000004768372 1.2767362594604492
v -1.6037405729293823 71.36071438789368 1.2305934429168701
v -1.5389842987060547 71.57142848968506 1.1809042692184448
v -1.4694262742996216 71.78214282989502 1.1275304555892944
v -1.394830584526062 71.99285717010498 1.0702911615371704
v -1.3148847818374634 72.20357151031494 1.0089465379714966
v -1.2291686534881592 72.4142858505249 0.9431743025779724
v -1.137105107307434 72.62500019073487 0.8725314140319824
v -1.0378779172897339 72.83571405410767 0.7963916659355164
v -0.9302881956100464 73.04642839431763 0.7138352394104004
v -0.8124749064445496 73.25714273452759 0.6234338879585266
v -0.6813012361526489 73.46785707473755 0.5227808356285095
v -0.5307252407073975 73.67857141494751 0.4072398245334625
v -0.34566473960876465 73.88928575515747 0.2652378976345062
v -1.8296504589176976e-10 74.10000009536743 1.403940158573036e-10
v 0 74.14999980926514 0
v -1.838477611541748 68.2 1.838477611541748
v -1.8366838693618774 68.41071428060532 1.8366838693618774
v -1.8313018083572388 68.62142856121064 1.8313018083572388
v -1.8223291635513306 68.83214284181595 1.8223291635513306
v -1.8097612857818604 69.04285712242127 1.8097612857818604
v -1.793592095375061 69.25357146263123 1.793592095375061
v -1.7738125324249268 69.4642856836319 1.7738125324249268
v -1.7504103183746338 69.67500002384186 1.7504103183746338
v -1.7233695983886719 69.88571424484253 1.7233695983886719
v -1.692669153213501 70.0964285850525 1.692669153213501
v -1.658281922340393 70.30714292526245 1.658281922340393
v -1.6201727390289307 70.51785702705384 1.6201727390289307
v -1.578296184539795 70.7285713672638 1.578296184539795
v -1.5325944423675537 70.93928570747376 1.5325944423675537
v -1.4829928874969482 71.15000004768372 1.4829928874969482
v -1.4293956756591797 71.36071438789368 1.4293956756591797
v -1.3716791868209839 71.57142848968506 1.3716791868209839
v -1.309682846069336 71.78214282989502 1.309682846069336
v -1.2431966066360474 71.99285717010498 1.2431966066360474
v -1.1719417572021484 72.20357151031494 1.1719417572021484
v -1.0955440998077393 72.4142858505249 1.0955440998077393
v -1.01348876953125 72.62500019073487 1.01348876953125
v -0.9250487089157104 72.83571405410767 0.9250487089157104
v -0.8291552662849426 73.04642839431763 0.8291552662849426
v -0.7241495847702026 73.25714273452759 0.7241495847702026
v -0.6072360277175903 73.46785707473755 0.6072360277175903
v -0.47302937507629395 73.67857141494751 0.47302937507629395
v -0.3080870509147644 73.88928575515747 0.3080870509147644
v -1.6307466488285627e-10 74.10000009536743 1.6307466488285627e-10
v 0 74.14999980926514 0
v -1.5827797651290894 68.2 2.062718629837036
v -1.581235408782959 68.41071428060532 2.06070613861084
v -1.5766019821166992 68.62142856121064 2.0546677112579346
v -1.568877100944519 68.83214284181595 2.044600486755371
v -1.5580573081970215 69.04285712242127 2.0304999351501465
v -1.544136881828308 69.25357146263123 2.0123584270477295
v -1.5271083116531372 69.4642856836319 1.9901663064956665
v -1.5069608688354492 69.67500002384186 1.9639097452163696
v -1.483681082725525 69.88571424484253 1.9335707426071167
v -1.4572504758834839 70.0964285850525 1.8991258144378662
v -1.4276459217071533 70.30714292526245 1.8605443239212036
v -1.3948369026184082 70.51785702705384 1.8177868127822876
v -1.3587846755981445 70.7285713672638 1.770802617073059
v -1.319439172744751 70.93928570747376 1.7195265293121338
v -1.2767362594604492 71.15000004768372 1.6638749837875366
v -1.2305934429168701 71.36071438789368 1.6037405729293823
v -1.1809042692184448 71.57142848968506 1.5389842987060547
v -1.1275304555892944 71.78214282989502 1.4694262742996216
v -1.0702911615371704 71.99285717010498 1.394830584526062
v -1.0089465379714966 72.20357151031494 1.3148847818374634
v -0.9431743025779724 72.4142858505249 1.2291686534881592
v -0.8725314140319824 72.62500019073487 1.137105107307434
v -0.7963916659355164 72.83571405410767 1.0378779172897339
v -0.7138352394104004 73.04642839431763 0.9302881956100464
v -0.6234338879585266 73.25714273452759 0.8124749064445496
v -0.5227808356285095 73.46785707473755 0.6813012361526489
v -0.4072398245334625 73.67857141494751 0.5307252407073975
v -0.2652378976345062 73.88928575515747 0.34566473960876465
v -1.403940158573036e-10 74.10000009536743 1.8296504589176976e-10
v 0 74.14999980926514 0
v -1.2999999523162842 68.2 2.2516660690307617
v -1.2987316846847534 68.41071428060532 2.24946928024292
v -1.2949259281158447 68.62142856121064 2.24287748336792
v -1.2885812520980835 68.83214284181595 2.2318882942199707
v -1.2796945571899414 69.04285712242127 2.216495990753174
v -1.268261194229126 69.25357146263123 2.196692705154419
v -1.254274845123291 69.4642856836319 2.1724677085876465
v -1.2377270460128784 69.67500002384186 2.143805980682373
v -1.2186063528060913 69.88571424484253 2.1106879711151123
v -1.1968978643417358 70.0964285850525 2.0730879306793213
v -1.1725823879241943 70.30714292526245 2.0309722423553467
v -1.1456351280212402 70.51785702705384 1.9842982292175293
v -1.1160238981246948 70.7285713672638 1.9330101013183594
v -1.0837079286575317 70.93928570747376 1.8770371675491333
v -1.0486342906951904 71.15000004768372 1.816287875175476
v -1.0107353925704956 71.36071438789368 1.7506450414657593
v -0.9699236750602722 71.57142848968506 1.6799570322036743
v -0.9260856509208679 71.78214282989502 1.6040273904800415
v -0.8790727257728577 71.99285717010498 1.5225986242294312
v -0.8286879658699036 72.20357151031494 1.4353296756744385
v -0.7746666073799133 72.4142858505249 1.3417619466781616
v -0.7166447639465332 72.62500019073487 1.2412651777267456
v -0.6541082262992859 72.83571405410767 1.132948637008667
v -0.586301326751709 73.04642839431763 1.0155036449432373
v -0.5120511054992676 73.25714273452759 0.8868985176086426
v -0.42938071489334106 73.46785707473755 0.7437092065811157
v -0.3344822824001312 73.67857141494751 0.5793402791023254
v -0.2178504467010498 73.88928575515747 0.3773280382156372
v -1.1531119809005119e-10 74.10000009536743 1.9972484777142085e-10
v 0 74.14999980926514 0
v -0.9949769377708435 68.2 2.4020867347717285
v -0.9940061569213867 68.41071428060532 2.39974308013916
v -0.9910934567451477 68.62142856121064 2.3927111625671387
v -0.9862374067306519 68.83214284181595 2.3809876441955566
v -0.9794357419013977 69.04285712242127 2.3645670413970947
v -0.9706850647926331 69.25357146263123 2.3434410095214844
v -0.9599803686141968 69.4642856836319 2.3175976276397705
v -0.9473152160644531 69.67500002384186 2.2870213985443115
v -0.9326809048652649 69.88571424484253 2.2516908645629883
v -0.9160659313201904 70.0964285850525 2.211578845977783
v -0.8974557518959045 70.30714292526245 2.16664981842041
v -0.8768311142921448 70.51785702705384 2.1168575286865234
v -0.8541677594184875 70.7285713672638 2.062143325805664
v -0.8294340968132019 70.93928570747376 2.0024311542510986
v -0.8025899529457092 71.15000004768372 1.9376235008239746
v -0.7735833525657654 71.36071438789368 1.8675954341888428
v -0.7423474192619324 71.57142848968506 1.7921851873397827
v -0.7087952494621277 71.78214282989502 1.7111831903457642
v -0.6728131175041199 71.99285717010498 1.624314546585083
v -0.6342503428459167 72.20357151031494 1.531215786933899
v -0.5929041504859924 72.4142858505249 1.4313973188400269
v -0.5484961867332458 72.62500019073487 1.32418692111969
v -0.5006327629089355 72.83571405410767 1.208634376525879
v -0.4487355947494507 73.04642839431763 1.0833436250686646
v -0.3919069468975067 73.25714273452759 0.9461470246315002
v -0.32863378524780273 73.46785707473755 0.7933921217918396
v -0.25600165128707886 73.67857141494751 0.6180426478385925
v -0.16673551499843597 73.88928575515747 0.4025351405143738
v -8.82553682912679e-11 74.10000009536743 2.1306731379233668e-10
v 0 74.14999980926514 0
v -0.6729295253753662 68.2 2.5114071369171143
v -0.6722729802131653 68.41071428060532 2.5089569091796875
v -0.6703029870986938 68.62142856121064 2.5016047954559326
v -0.6670187711715698 68.83214284181595 2.4893479347229004
v -0.6624186038970947 69.04285712242127 2.472179889678955
v -0.6565002799034119 69.25357146263123 2.450092315673828
v -0.649260401725769 69.4642856836319 2.4230728149414062
v -0.6406946182250977 69.67500002384186 2.3911049365997314
v -0.6307970285415649 69.88571424484253 2.3541665077209473
v -0.6195599436759949 70.0964285850525 2.3122291564941406
v -0.6069732904434204 70.30714292526245 2.2652552127838135
v -0.5930243730545044 70.51785702705384 2.2131969928741455
v -0.5776965022087097 70.7285713672638 2.1559927463531494
v -0.5609684586524963 70.93928570747376 2.0935628414154053
v -0.5428130626678467 71.15000004768372 2.025805950164795
v -0.5231951475143433 71.36071438789368 1.952590823173523
v -0.5020694136619568 71.57142848968506 1.8737486600875854
v -0.47937721014022827 71.78214282989502 1.789060115814209
v -0.4550415277481079 71.99285717010498 1.6982380151748657
v -0.4289604723453522 72.20357151031494 1.6009021997451782
v -0.40099695324897766 72.4142858505249 1.4965410232543945
v -0.37096264958381653 72.62500019073487 1.3844513893127441
v -0.3385913372039795 72.83571405410767 1.26364004611969
v -0.30349189043045044 73.04642839431763 1.132647156715393
v -0.26505714654922485 73.25714273452759 0.9892067313194275
v -0.22226381301879883 73.46785707473755 0.8294998407363892
v -0.1731407642364502 73.67857141494751 0.6461701393127441
v -0.11276768893003464 73.88928575515747 0.42085474729537964
v -5.96894686455407e-11 74.10000009536743 2.2276412658950306e-10
v 0 74.14999980926514 0
v -0.3393681049346924 68.2 2.577756643295288
v -0.3390370011329651 68.41071428060532 2.5752415657043457
v -0.3380435109138489 68.62142856121064 2.567695379257202
v -0.3363872170448303 68.83214284181595 2.555114507675171
v -0.33406731486320496 69.04285712242127 2.5374929904937744
v -0.3310825824737549 69.25357146263123 2.514822006225586
v -0.32743144035339355 69.4642856836319 2.487088680267334
v -0.3231115937232971 69.67500002384186 2.4542760848999023
v -0.3181200921535492 69.88571424484253 2.4163618087768555
v -0.312453031539917 70.0964285850525 2.373316526412964
v -0.30610543489456177 70.30714292526245 2.325101613998413
v -0.2990707755088806 70.51785702705384 2.271667957305908
v -0.291340708732605 70.7285713672638 2.2129523754119873
v -0.2829045355319977 70.93928570747376 2.1488733291625977
v -0.2737484872341156 71.15000004768372 2.0793261528015137
v -0.26385486125946045 71.36071438789368 2.0041768550872803
v -0.253200888633728 71.57142848968506 1.9232516288757324
v -0.241756871342659 71.78214282989502 1.836325764656067
v -0.22948402166366577 71.99285717010498 1.7431042194366455
v -0.21633097529411316 72.20357151031494 1.643196940422058
v -0.2022285759449005 72.4142858505249 1.5360784530639648
v -0.18708182871341705 72.62500019073487 1.4210275411605835
v -0.1707565039396286 72.83571405410767 1.2970244884490967
v -0.1530553549528122 73.04642839431763 1.162570834159851
v -0.13367216289043427 73.25714273452759 1.015340805053711
v -0.11209086328744888 73.46785707473755 0.8514146208763123
v -0.08731739223003387 73.67857141494751 0.663241446018219
v -0.05687037855386734 73.88928575515747 0.431973397731781
v -3.010226443111996e-11 74.10000009536743 2.286493910874654e-10
v 0 74.14999980926514 0
v -6.368163104047281e-16 68.2 2.5999999046325684
v -6.361950117379171e-16 68.41071428060532 2.597463369369507
v -6.343307981001287e-16 68.62142856121064 2.5898518562316895
v -6.312227695188567e-16 68.83214284181595 2.577162504196167
v -6.268694966260024e-16 69.04285712242127 2.559389114379883
v -6.212687559600794e-16 69.25357146263123 2.536522388458252
v -6.144174770266538e-16 69.4642856836319 2.508549690246582
v -6.063113717214301e-16 69.67500002384186 2.475454092025757
v -5.969449343302513e-16 69.88571424484253 2.4372127056121826
v -5.863108591939472e-16 70.0964285850525 2.3937957286834717
v -5.743997230709796e-16 70.30714292526245 2.3451647758483887
v -5.611993498627317e-16 70.51785702705384 2.2912702560424805
v -5.466940694596795e-16 70.7285713672638 2.2320477962493896
v -5.308637648293254e-16 70.93928570747376 2.1674158573150635
v -5.136826544063376e-16 71.15000004768372 2.097268581390381
v -4.951175450870955e-16 71.36071438789368 2.021470785140991
v -4.751255558286442e-16 71.57142848968506 1.9398473501205444
v -4.536511530333796e-16 71.78214282989502 1.8521713018417358
v -4.3062143892827844e-16 71.99285717010498 1.7581454515457153
v -4.05940037045811e-16 72.20357151031494 1.6573759317398071
v -3.7947719252636976e-16 72.4142858505249 1.5493332147598267
v -3.510546843438965e-16 72.62500019073487 1.4332895278930664
v -3.2042059960592185e-16 72.83571405410767 1.3082164525985718
v -2.872048113842753e-16 73.04642839431763 1.172602653503418
v -2.508326872335836e-16 73.25714273452759 1.0241022109985352
v -2.103358832066779e-16 73.46785707473755 0.8587614297866821
v -1.638490607001368e-16 73.67857141494751 0.6689645648002625
v -1.0671594063656049e-16 73.88928575515747 0.4357008934020996
v -5.648619406610007e-26 74.10000009536743 2.3062239618010238e-10
v 0 74.14999980926514 0
vt 0 0
vt 0 0.03448275849223137
vt 0 0.06896551698446274
vt 0 0.1034482792019844
vt 0 0.13793103396892548
vt 0 0.17241379618644714
vt 0 0.2068965584039688
vt 0 0.24137930572032928
vt 0 0.27586206793785095
vt 0 0.3103448152542114
vt 0 0.3448275923728943
vt 0 0.37931033968925476
vt 0 0.4137931168079376
vt 0 0.4482758641242981
vt 0 0.48275861144065857
vt 0 0.517241358757019
vt 0 0.5517241358757019
vt 0 0.5862069129943848
vt 0 0.6206896305084229
vt 0 0.6551724076271057
vt 0 0.6896551847457886
vt 0 0.7241379022598267
vt 0 0.7586206793785095
vt 0 0.7931034564971924
vt 0 0.8275862336158752
vt 0 0.8620689511299133
vt 0 0.8965517282485962
vt 0 0.931034505367279
vt 0 0.9655172228813171
vt 0 1
vt 0.02083333395421505 0
vt 0.02083333395421505 0.03448275849223137
vt 0.02083333395421505 0.06896551698446274
vt 0.02083333395421505 0.1034482792019844
vt 0.02083333395421505 0.13793103396892548
vt 0.02083333395421505 0.17241379618644714
vt 0.02083333395421505 0.2068965584039688
vt 0.02083333395421505 0.24137930572032928
vt 0.02083333395421505 0.27586206793785095
vt 0.02083333395421505 0.3103448152542114
vt 0.02083333395421505 0.3448275923728943
vt 0.02083333395421505 0.37931033968925476
vt 0.02083333395421505 0.4137931168079376
vt 0.02083333395421505 0.4482758641242981
vt 0.02083333395421505 0.48275861144065857
vt 0.02083333395421505 0.517241358757019
vt 0.02083333395421505 0.5517241358757019
vt 0.02083333395421505 0.5862069129943848
vt 0.02083333395421505 0.6206896305084229
vt 0.02083333395421505 0.6551724076271057
vt 0.02083333395421505 0.6896551847457886
vt 0.02083333395421505 0.7241379022598267
vt 0.02083333395421505 0.7586206793785095
vt 0.02083333395421505 0.7931034564971924
vt 0.02083333395421505 0.8275862336158752
vt 0.02083333395421505 0.8620689511299133
vt 0.02083333395421505 0.8965517282485962
vt 0.02083333395421505 0.931034505367279
vt 0.02083333395421505 0.9655172228813171
vt 0.02083333395421505 1
vt 0.0416666679084301 0
vt 0.0416666679084301 0.03448275849223137
vt 0.0416666679084301 0.06896551698446274
vt 0.0416666679084301 0.1034482792019844
vt 0.0416666679084301 0.13793103396892548
vt 0.0416666679084301 0.17241379618644714
vt 0.0416666679084301 0.2068965584039688
vt 0.0416666679084301 0.24137930572032928
vt 0.0416666679084301 0.27586206793785095
vt 0.0416666679084301 0.3103448152542114
vt 0.0416666679084301 0.3448275923728943
vt 0.0416666679084301 0.37931033968925476
vt 0.0416666679084301 0.4137931168079376
vt 0.0416666679084301 0.4482758641242981
vt 0.0416666679084301 0.48275861144065857
vt 0.0416666679084301 0.517241358757019
vt 0.0416666679084301 0.5517241358757019
vt 0.0416666679084301 0.5862069129943848
vt 0.0416666679084301 0.6206896305084229
vt 0.0416666679084301 0.6551724076271057
vt 0.0416666679084301 0.6896551847457886
vt 0.0416666679084301 0.7241379022598267
vt 0.0416666679084301 0.7586206793785095
vt 0.0416666679084301 0.7931034564971924
vt 0.0416666679084301 0.8275862336158752
vt 0.0416666679084301 0.8620689511299133
vt 0.0416666679084301 0.8965517282485962
vt 0.0416666679084301 0.931034505367279
vt 0.0416666679084301 0.9655172228813171
vt 0.0416666679084301 1
vt 0.0625 0
vt 0.0625 0.03448275849223137
vt 0.0625 0.06896551698446274
vt 0.0625 0.1034482792019844
vt 0.0625 0.13793103396892548
vt 0.0625 0.17241379618644714
vt 0.0625 0.2068965584039688
vt 0.0625 0.24137930572032928
vt 0.0625 0.27586206793785095
vt 0.0625 0.3103448152542114
vt 0.0625 0.3448275923728943
vt 0.0625 0.37931033968925476
vt 0.0625 0.4137931168079376
vt 0.0625 0.4482758641242981
vt 0.0625 0.48275861144065857
vt 0.0625 0.517241358757019
vt 0.0625 0.5517241358757019
vt 0.0625 0.5862069129943848
vt 0.0625 0.6206896305084229
vt 0.0625 0.6551724076271057
vt 0.0625 0.6896551847457886
vt 0.0625 0.7241379022598267
vt 0.0625 0.7586206793785095
vt 0.0625 0.7931034564971924
vt 0.0625 0.8275862336158752
vt 0.0625 0.8620689511299133
vt 0.0625 0.8965517282485962
vt 0.0625 0.931034505367279
vt 0.0625 0.9655172228813171
vt 0.0625 1
vt 0.0833333358168602 0
vt 0.0833333358168602 0.03448275849223137
vt 0.0833333358168602 0.06896551698446274
vt 0.0833333358168602 0.1034482792019844
vt 0.0833333358168602 0.13793103396892548
vt 0.0833333358168602 0.17241379618644714
vt 0.0833333358168602 0.2068965584039688
vt 0.0833333358168602 0.24137930572032928
vt 0.0833333358168602 0.27586206793785095
vt 0.0833333358168602 0.3103448152542114
vt 0.0833333358168602 0.3448275923728943
vt 0.0833333358168602 0.37931033968925476
vt 0.0833333358168602 0.4137931168079376
vt 0.0833333358168602 0.4482758641242981
vt 0.0833333358168602 0.48275861144065857
vt 0.0833333358168602 0.517241358757019
vt 0.0833333358168602 0.5517241358757019
vt 0.0833333358168602 0.5862069129943848
vt 0.0833333358168602 0.6206896305084229
vt 0.0833333358168602 0.6551724076271057
vt 0.0833333358168602 0.6896551847457886
vt 0.0833333358168602 0.7241379022598267
vt 0.0833333358168602 0.7586206793785095
vt 0.0833333358168602 0.7931034564971924
vt 0.0833333358168602 0.8275862336158752
vt 0.0833333358168602 0.8620689511299133
vt 0.0833333358168602 0.8965517282485962
vt 0.0833333358168602 0.931034505367279
vt 0.0833333358168602 0.9655172228813171
vt 0.0833333358168602 1
vt 0.1041666641831398 0
vt 0.1041666641831398 0.03448275849223137
vt 0.1041666641831398 0.06896551698446274
vt 0.1041666641831398 0.1034482792019844
vt 0.1041666641831398 0.13793103396892548
vt 0.1041666641831398 0.17241379618644714
vt 0.1041666641831398 0.2068965584039688
vt 0.1041666641831398 0.24137930572032928
vt 0.1041666641831398 0.27586206793785095
vt 0.1041666641831398 0.3103448152542114
vt 0.1041666641831398 0.3448275923728943
vt 0.1041666641831398 0.37931033968925476
vt 0.1041666641831398 0.4137931168079376
vt 0.1041666641831398 0.4482758641242981
vt 0.1041666641831398 0.48275861144065857
vt 0.1041666641831398 0.517241358757019
vt 0.1041666641831398 0.5517241358757019
vt 0.1041666641831398 0.5862069129943848
vt 0.1041666641831398 0.6206896305084229
vt 0.1041666641831398 0.6551724076271057
vt 0.1041666641831398 0.6896551847457886
vt 0.1041666641831398 0.7241379022598267
vt 0.1041666641831398 0.7586206793785095
vt 0.1041666641831398 0.7931034564971924
vt 0.1041666641831398 0.8275862336158752
vt 0.1041666641831398 0.8620689511299133
vt 0.1041666641831398 0.8965517282485962
vt 0.1041666641831398 0.931034505367279
vt 0.1041666641831398 0.9655172228813171
vt 0.1041666641831398 1
vt 0.125 0
vt 0.125 0.03448275849223137
vt 0.125 0.06896551698446274
vt 0.125 0.1034482792019844
vt 0.125 0.13793103396892548
vt 0.125 0.17241379618644714
vt 0.125 0.2068965584039688
vt 0.125 0.24137930572032928
vt 0.125 0.27586206793785095
vt 0.125 0.3103448152542114
vt 0.125 0.3448275923728943
vt 0.125 0.37931033968925476
vt 0.125 0.4137931168079376
vt 0.125 0.4482758641242981
vt 0.125 0.48275861144065857
vt 0.125 0.517241358757019
vt 0.125 0.5517241358757019
vt 0.125 0.5862069129943848
vt 0.125 0.6206896305084229
vt 0.125 0.6551724076271057
vt 0.125 0.6896551847457886
vt 0.125 0.7241379022598267
vt 0.125 0.7586206793785095
vt 0.125 0.7931034564971924
vt 0.125 0.8275862336158752
vt 0.125 0.8620689511299133
vt 0.125 0.8965517282485962
vt 0.125 0.931034505367279
vt 0.125 0.9655172228813171
vt 0.125 1
vt 0.1458333283662796 0
vt 0.1458333283662796 0.03448275849223137
vt 0.1458333283662796 0.06896551698446274
vt 0.1458333283662796 0.1034482792019844
vt 0.1458333283662796 0.13793103396892548
vt 0.1458333283662796 0.17241379618644714
vt 0.1458333283662796 0.2068965584039688
vt 0.1458333283662796 0.24137930572032928
vt 0.1458333283662796 0.27586206793785095
vt 0.1458333283662796 0.3103448152542114
vt 0.1458333283662796 0.3448275923728943
vt 0.1458333283662796 0.37931033968925476
vt 0.1458333283662796 0.4137931168079376
vt 0.1458333283662796 0.4482758641242981
vt 0.1458333283662796 0.48275861144065857
vt 0.1458333283662796 0.517241358757019
vt 0.1458333283662796 0.5517241358757019
vt 0.1458333283662796 0.5862069129943848
vt 0.1458333283662796 0.6206896305084229
vt 0.1458333283662796 0.6551724076271057
vt 0.1458333283662796 0.6896551847457886
vt 0.1458333283662796 0.7241379022598267
vt 0.1458333283662796 0.7586206793785095
vt 0.1458333283662796 0.7931034564971924
vt 0.1458333283662796 0.8275862336158752
vt 0.1458333283662796 0.8620689511299133
vt 0.1458333283662796 0.8965517282485962
vt 0.1458333283662796 0.931034505367279
vt 0.1458333283662796 0.9655172228813171
vt 0.1458333283662796 1
vt 0.1666666716337204 0
vt 0.1666666716337204 0.03448275849223137
vt 0.1666666716337204 0.06896551698446274
vt 0.1666666716337204 0.1034482792019844
vt 0.1666666716337204 0.13793103396892548
vt 0.1666666716337204 0.17241379618644714
vt 0.1666666716337204 0.2068965584039688
vt 0.1666666716337204 0.24137930572032928
vt 0.1666666716337204 0.27586206793785095
vt 0.1666666716337204 0.3103448152542114
vt 0.1666666716337204 0.3448275923728943
vt 0.1666666716337204 0.37931033968925476
vt 0.1666666716337204 0.4137931168079376
vt 0.1666666716337204 0.4482758641242981
vt 0.1666666716337204 0.48275861144065857
vt 0.1666666716337204 0.517241358757019
vt 0.1666666716337204 0.5517241358757019
vt 0.1666666716337204 0.5862069129943848
vt 0.1666666716337204 0.6206896305084229
vt 0.1666666716337204 0.6551724076271057
vt 0.1666666716337204 0.6896551847457886
vt 0.1666666716337204 0.7241379022598267
vt 0.1666666716337204 0.7586206793785095
vt 0.1666666716337204 0.7931034564971924
vt 0.1666666716337204 0.8275862336158752
vt 0.1666666716337204 0.8620689511299133
vt 0.1666666716337204 0.8965517282485962
vt 0.1666666716337204 0.931034505367279
vt 0.1666666716337204 0.9655172228813171
vt 0.1666666716337204 1
vt 0.1875 0
vt 0.1875 0.03448275849223137
vt 0.1875 0.06896551698446274
vt 0.1875 0.1034482792019844
vt 0.1875 0.13793103396892548
vt 0.1875 0.17241379618644714
vt 0.1875 0.2068965584039688
vt 0.1875 0.24137930572032928
vt 0.1875 0.27586206793785095
vt 0.1875 0.3103448152542114
vt 0.1875 0.3448275923728943
vt 0.1875 0.37931033968925476
vt 0.1875 0.4137931168079376
vt 0.1875 0.4482758641242981
vt 0.1875 0.48275861144065857
vt 0.1875 0.517241358757019
vt 0.1875 0.5517241358757019
vt 0.1875 0.5862069129943848
vt 0.1875 0.6206896305084229
vt 0.1875 0.6551724076271057
vt 0.1875 0.6896551847457886
vt 0.1875 0.7241379022598267
vt 0.1875 0.7586206793785095
vt 0.1875 0.7931034564971924
vt 0.1875 0.8275862336158752
vt 0.1875 0.8620689511299133
vt 0.1875 0.8965517282485962
vt 0.1875 0.931034505367279
vt 0.1875 0.9655172228813171
vt 0.1875 1
vt 0.2083333283662796 0
vt 0.2083333283662796 0.03448275849223137
vt 0.2083333283662796 0.06896551698446274
vt 0.2083333283662796 0.1034482792019844
vt 0.2083333283662796 0.13793103396892548
vt 0.2083333283662796 0.17241379618644714
vt 0.2083333283662796 0.2068965584039688
vt 0.2083333283662796 0.24137930572032928
vt 0.2083333283662796 0.27586206793785095
vt 0.2083333283662796 0.3103448152542114
vt 0.2083333283662796 0.3448275923728943
vt 0.2083333283662796 0.37931033968925476
vt 0.2083333283662796 0.4137931168079376
vt 0.2083333283662796 0.4482758641242981
vt 0.2083333283662796 0.48275861144065857
vt 0.2083333283662796 0.517241358757019
vt 0.2083333283662796 0.5517241358757019
vt 0.2083333283662796 0.5862069129943848
vt 0.2083333283662796 0.6206896305084229
vt 0.2083333283662796 0.6551724076271057
vt 0.2083333283662796 0.6896551847457886
vt 0.2083333283662796 0.7241379022598267
vt 0.2083333283662796 0.7586206793785095
vt 0.2083333283662796 0.7931034564971924
vt 0.2083333283662796 0.8275862336158752
vt 0.2083333283662796 0.8620689511299133
vt 0.2083333283662796 0.8965517282485962
vt 0.2083333283662796 0.931034505367279
vt 0.2083333283662796 0.9655172228813171
vt 0.2083333283662796 1
vt 0.2291666716337204 0
vt 0.2291666716337204 0.03448275849223137
vt 0.2291666716337204 0.06896551698446274
vt 0.2291666716337204 0.1034482792019844
vt 0.2291666716337204 0.13793103396892548
vt 0.2291666716337204 0.17241379618644714
vt 0.2291666716337204 0.2068965584039688
vt 0.2291666716337204 0.24137930572032928
vt 0.2291666716337204 0.27586206793785095
vt 0.2291666716337204 0.3103448152542114
vt 0.2291666716337204 0.3448275923728943
vt 0.2291666716337204 0.37931033968925476
vt 0.2291666716337204 0.4137931168079376
vt 0.2291666716337204 0.4482758641242981
vt 0.2291666716337204 0.48275861144065857
vt 0.2291666716337204 0.517241358757019
vt 0.2291666716337204 0.5517241358757019
vt 0.2291666716337204 0.5862069129943848
vt 0.2291666716337204 0.6206896305084229
vt 0.2291666716337204 0.6551724076271057
vt 0.2291666716337204 0.6896551847457886
vt 0.2291666716337204 0.7241379022598267
vt 0.2291666716337204 0.7586206793785095
vt 0.2291666716337204 0.7931034564971924
vt 0.2291666716337204 0.8275862336158752
vt 0.2291666716337204 0.8620689511299133
vt 0.2291666716337204 0.8965517282485962
vt 0.2291666716337204 0.931034505367279
vt 0.2291666716337204 0.9655172228813171
vt 0.2291666716337204 1
vt 0.25 0
vt 0.25 0.03448275849223137
vt 0.25 0.06896551698446274
vt 0.25 0.1034482792019844
vt 0.25 0.13793103396892548
vt 0.25 0.17241379618644714
vt 0.25 0.2068965584039688
vt 0.25 0.24137930572032928
vt 0.25 0.27586206793785095
vt 0.25 0.3103448152542114
vt 0.25 0.3448275923728943
vt 0.25 0.37931033968925476
vt 0.25 0.4137931168079376
vt 0.25 0.4482758641242981
vt 0.25 0.48275861144065857
vt 0.25 0.517241358757019
vt 0.25 0.5517241358757019
vt 0.25 0.5862069129943848
vt 0.25 0.6206896305084229
vt 0.25 0.6551724076271057
vt 0.25 0.6896551847457886
vt 0.25 0.7241379022598267
vt 0.25 0.7586206793785095
vt 0.25 0.7931034564971924
vt 0.25 0.8275862336158752
vt 0.25 0.8620689511299133
vt 0.25 0.8965517282485962
vt 0.25 0.931034505367279
vt 0.25 0.9655172228813171
vt 0.25 1
vt 0.2708333432674408 0
vt 0.2708333432674408 0.03448275849223137
vt 0.2708333432674408 0.06896551698446274
vt 0.2708333432674408 0.1034482792019844
vt 0.2708333432674408 0.13793103396892548
vt 0.2708333432674408 0.17241379618644714
vt 0.2708333432674408 0.2068965584039688
vt 0.2708333432674408 0.24137930572032928
vt 0.2708333432674408 0.27586206793785095
vt 0.2708333432674408 0.3103448152542114
vt 0.2708333432674408 0.3448275923728943
vt 0.2708333432674408 0.37931033968925476
vt 0.2708333432674408 0.4137931168079376
vt 0.2708333432674408 0.4482758641242981
vt 0.2708333432674408 0.48275861144065857
vt 0.2708333432674408 0.517241358757019
vt 0.2708333432674408 0.5517241358757019
vt 0.2708333432674408 0.5862069129943848
vt 0.2708333432674408 0.6206896305084229
vt 0.2708333432674408 0.6551724076271057
vt 0.2708333432674408 0.6896551847457886
vt 0.2708333432674408 0.7241379022598267
vt 0.2708333432674408 0.7586206793785095
vt 0.2708333432674408 0.7931034564971924
vt 0.2708333432674408 0.8275862336158752
vt 0.2708333432674408 0.8620689511299133
vt 0.2708333432674408 0.8965517282485962
vt 0.2708333432674408 0.931034505367279
vt 0.2708333432674408 0.9655172228813171
vt 0.2708333432674408 1
vt 0.2916666567325592 0
vt 0.2916666567325592 0.03448275849223137
vt 0.2916666567325592 0.06896551698446274
vt 0.2916666567325592 0.1034482792019844
vt 0.2916666567325592 0.13793103396892548
vt 0.2916666567325592 0.17241379618644714
vt 0.2916666567325592 0.2068965584039688
vt 0.2916666567325592 0.24137930572032928
vt 0.2916666567325592 0.27586206793785095
vt 0.2916666567325592 0.3103448152542114
vt 0.2916666567325592 0.3448275923728943
vt 0.2916666567325592 0.37931033968925476
vt 0.2916666567325592 0.4137931168079376
vt 0.2916666567325592 0.4482758641242981
vt 0.2916666567325592 0.48275861144065857
vt 0.2916666567325592 0.517241358757019
vt 0.2916666567325592 0.5517241358757019
vt 0.2916666567325592 0.5862069129943848
vt 0.2916666567325592 0.6206896305084229
vt 0.2916666567325592 0.6551724076271057
vt 0.2916666567325592 0.6896551847457886
vt 0.2916666567325592 0.7241379022598267
vt 0.2916666567325592 0.7586206793785095
vt 0.2916666567325592 0.7931034564971924
vt 0.2916666567325592 0.8275862336158752
vt 0.2916666567325592 0.8620689511299133
vt 0.2916666567325592 0.8965517282485962
vt 0.2916666567325592 0.931034505367279
vt 0.2916666567325592 0.9655172228813171
vt 0.2916666567325592 1
vt 0.3125 0
vt 0.3125 0.03448275849223137
vt 0.3125 0.06896551698446274
vt 0.3125 0.1034482792019844
vt 0.3125 0.13793103396892548
vt 0.3125 0.17241379618644714
vt 0.3125 0.2068965584039688
vt 0.3125 0.24137930572032928
vt 0.3125 0.27586206793785095
vt 0.3125 0.3103448152542114
vt 0.3125 0.3448275923728943
vt 0.3125 0.37931033968925476
vt 0.3125 0.4137931168079376
vt 0.3125 0.4482758641242981
vt 0.3125 0.48275861144065857
vt 0.3125 0.517241358757019
vt 0.3125 0.5517241358757019
vt 0.3125 0.5862069129943848
vt 0.3125 0.6206896305084229
vt 0.3125 0.6551724076271057
vt 0.3125 0.6896551847457886
vt 0.3125 0.7241379022598267
vt 0.3125 0.7586206793785095
vt 0.3125 0.7931034564971924
vt 0.3125 0.8275862336158752
vt 0.3125 0.8620689511299133
vt 0.3125 0.8965517282485962
vt 0.3125 0.931034505367279
vt 0.3125 0.9655172228813171
vt 0.3125 1
vt 0.3333333432674408 0
vt 0.3333333432674408 0.03448275849223137
vt 0.3333333432674408 0.06896551698446274
vt 0.3333333432674408 0.1034482792019844
vt 0.3333333432674408 0.13793103396892548
vt 0.3333333432674408 0.17241379618644714
vt 0.3333333432674408 0.2068965584039688
vt 0.3333333432674408 0.24137930572032928
vt 0.3333333432674408 0.27586206793785095
vt 0.3333333432674408 0.3103448152542114
vt 0.3333333432674408 0.3448275923728943
vt 0.3333333432674408 0.37931033968925476
vt 0.3333333432674408 0.4137931168079376
vt 0.3333333432674408 0.4482758641242981
vt 0.3333333432674408 0.48275861144065857
vt 0.3333333432674408 0.517241358757019
vt 0.3333333432674408 0.5517241358757019
vt 0.3333333432674408 0.5862069129943848
vt 0.3333333432674408 0.6206896305084229
vt 0.3333333432674408 0.6551724076271057
vt 0.3333333432674408 0.6896551847457886
vt 0.3333333432674408 0.7241379022598267
vt 0.3333333432674408 0.7586206793785095
vt 0.3333333432674408 0.7931034564971924
vt 0.3333333432674408 0.8275862336158752
vt 0.3333333432674408 0.8620689511299133
vt 0.3333333432674408 0.8965517282485962
vt 0.3333333432674408 0.931034505367279
vt 0.3333333432674408 0.9655172228813171
vt 0.3333333432674408 1
vt 0.3541666567325592 0
vt 0.3541666567325592 0.03448275849223137
vt 0.3541666567325592 0.06896551698446274
vt 0.3541666567325592 0.1034482792019844
vt 0.3541666567325592 0.13793103396892548
vt 0.3541666567325592 0.17241379618644714
vt 0.3541666567325592 0.2068965584039688
vt 0.3541666567325592 0.24137930572032928
vt 0.3541666567325592 0.27586206793785095
vt 0.3541666567325592 0.3103448152542114
vt 0.3541666567325592 0.3448275923728943
vt 0.3541666567325592 0.37931033968925476
vt 0.3541666567325592 0.4137931168079376
vt 0.3541666567325592 0.4482758641242981
vt 0.3541666567325592 0.48275861144065857
vt 0.3541666567325592 0.517241358757019
vt 0.3541666567325592 0.5517241358757019
vt 0.3541666567325592 0.5862069129943848
vt 0.3541666567325592 0.6206896305084229
vt 0.3541666567325592 0.6551724076271057
vt 0.3541666567325592 0.6896551847457886
vt 0.3541666567325592 0.7241379022598267
vt 0.3541666567325592 0.7586206793785095
vt 0.3541666567325592 0.7931034564971924
vt 0.3541666567325592 0.8275862336158752
vt 0.3541666567325592 0.8620689511299133
vt 0.3541666567325592 0.8965517282485962
vt 0.3541666567325592 0.931034505367279
vt 0.3541666567325592 0.9655172228813171
vt 0.3541666567325592 1
vt 0.375 0
vt 0.375 0.03448275849223137
vt 0.375 0.06896551698446274
vt 0.375 0.1034482792019844
vt 0.375 0.13793103396892548
vt 0.375 0.17241379618644714
vt 0.375 0.2068965584039688
vt 0.375 0.24137930572032928
vt 0.375 0.27586206793785095
vt 0.375 0.3103448152542114
vt 0.375 0.3448275923728943
vt 0.375 0.37931033968925476
vt 0.375 0.4137931168079376
vt 0.375 0.4482758641242981
vt 0.375 0.48275861144065857
vt 0.375 0.517241358757019
vt 0.375 0.5517241358757019
vt 0.375 0.5862069129943848
vt 0.375 0.6206896305084229
vt 0.375 0.6551724076271057
vt 0.375 0.6896551847457886
vt 0.375 0.7241379022598267
vt 0.375 0.7586206793785095
vt 0.375 0.7931034564971924
vt 0.375 0.8275862336158752
vt 0.375 0.8620689511299133
vt 0.375 0.8965517282485962
vt 0.375 0.931034505367279
vt 0.375 0.9655172228813171
vt 0.375 1
vt 0.3958333432674408 0
vt 0.3958333432674408 0.03448275849223137
vt 0.3958333432674408 0.06896551698446274
vt 0.3958333432674408 0.1034482792019844
vt 0.3958333432674408 0.13793103396892548
vt 0.3958333432674408 0.17241379618644714
vt 0.3958333432674408 0.2068965584039688
vt 0.3958333432674408 0.24137930572032928
vt 0.3958333432674408 0.27586206793785095
vt 0.3958333432674408 0.3103448152542114
vt 0.3958333432674408 0.3448275923728943
vt 0.3958333432674408 0.37931033968925476
vt 0.3958333432674408 0.4137931168079376
vt 0.3958333432674408 0.4482758641242981
vt 0.3958333432674408 0.48275861144065857
vt 0.3958333432674408 0.517241358757019
vt 0.3958333432674408 0.5517241358757019
vt 0.3958333432674408 0.5862069129943848
vt 0.3958333432674408 0.6206896305084229
vt 0.3958333432674408 0.6551724076271057
vt 0.3958333432674408 0.6896551847457886
vt 0.3958333432674408 0.7241379022598267
vt 0.3958333432674408 0.7586206793785095
vt 0.3958333432674408 0.7931034564971924
vt 0.3958333432674408 0.8275862336158752
vt 0.3958333432674408 0.8620689511299133
vt 0.3958333432674408 0.8965517282485962
vt 0.3958333432674408 0.931034505367279
vt 0.3958333432674408 0.9655172228813171
vt 0.3958333432674408 1
vt 0.4166666567325592 0
vt 0.4166666567325592 0.03448275849223137
vt 0.4166666567325592 0.06896551698446274
vt 0.4166666567325592 0.1034482792019844
vt 0.4166666567325592 0.13793103396892548
vt 0.4166666567325592 0.17241379618644714
vt 0.4166666567325592 0.2068965584039688
vt 0.4166666567325592 0.24137930572032928
vt 0.4166666567325592 0.27586206793785095
vt 0.4166666567325592 0.3103448152542114
vt 0.4166666567325592 0.3448275923728943
vt 0.4166666567325592 0.37931033968925476
vt 0.4166666567325592 0.4137931168079376
vt 0.4166666567325592 0.4482758641242981
vt 0.4166666567325592 0.48275861144065857
vt 0.4166666567325592 0.517241358757019
vt 0.4166666567325592 0.5517241358757019
vt 0.4166666567325592 0.5862069129943848
vt 0.4166666567325592 0.6206896305084229
vt 0.4166666567325592 0.6551724076271057
vt 0.4166666567325592 0.6896551847457886
vt 0.4166666567325592 0.7241379022598267
vt 0.4166666567325592 0.7586206793785095
vt 0.4166666567325592 0.7931034564971924
vt 0.4166666567325592 0.8275862336158752
vt 0.4166666567325592 0.8620689511299133
vt 0.4166666567325592 0.8965517282485962
vt 0.4166666567325592 0.931034505367279
vt 0.4166666567325592 0.9655172228813171
vt 0.4166666567325592 1
vt 0.4375 0
vt 0.4375 0.03448275849223137
vt 0.4375 0.06896551698446274
vt 0.4375 0.1034482792019844
vt 0.4375 0.13793103396892548
vt 0.4375 0.17241379618644714
vt 0.4375 0.2068965584039688
vt 0.4375 0.24137930572032928
vt 0.4375 0.27586206793785095
vt 0.4375 0.3103448152542114
vt 0.4375 0.3448275923728943
vt 0.4375 0.37931033968925476
vt 0.4375 0.4137931168079376
vt 0.4375 0.4482758641242981
vt 0.4375 0.48275861144065857
vt 0.4375 0.517241358757019
vt 0.4375 0.5517241358757019
vt 0.4375 0.5862069129943848
vt 0.4375 0.6206896305084229
vt 0.4375 0.6551724076271057
vt 0.4375 0.6896551847457886
vt 0.4375 0.7241379022598267
vt 0.4375 0.7586206793785095
vt 0.4375 0.7931034564971924
vt 0.4375 0.8275862336158752
vt 0.4375 0.8620689511299133
vt 0.4375 0.8965517282485962
vt 0.4375 0.931034505367279
vt 0.4375 0.9655172228813171
vt 0.4375 1
vt 0.4583333432674408 0
vt 0.4583333432674408 0.03448275849223137
vt 0.4583333432674408 0.06896551698446274
vt 0.4583333432674408 0.1034482792019844
vt 0.4583333432674408 0.13793103396892548
vt 0.4583333432674408 0.17241379618644714
vt 0.4583333432674408 0.2068965584039688
vt 0.4583333432674408 0.24137930572032928
vt 0.4583333432674408 0.27586206793785095
vt 0.4583333432674408 0.3103448152542114
vt 0.4583333432674408 0.3448275923728943
vt 0.4583333432674408 0.37931033968925476
vt 0.4583333432674408 0.4137931168079376
vt 0.4583333432674408 0.4482758641242981
vt 0.4583333432674408 0.48275861144065857
vt 0.4583333432674408 0.517241358757019
vt 0.4583333432674408 0.5517241358757019
vt 0.4583333432674408 0.5862069129943848
vt 0.4583333432674408 0.6206896305084229
vt 0.4583333432674408 0.6551724076271057
vt 0.4583333432674408 0.6896551847457886
vt 0.4583333432674408 0.7241379022598267
vt 0.4583333432674408 0.7586206793785095
vt 0.4583333432674408 0.7931034564971924
vt 0.4583333432674408 0.8275862336158752
vt 0.4583333432674408 0.8620689511299133
vt 0.4583333432674408 0.8965517282485962
vt 0.4583333432674408 0.931034505367279
vt 0.4583333432674408 0.9655172228813171
vt 0.4583333432674408 1
vt 0.4791666567325592 0
vt 0.4791666567325592 0.03448275849223137
vt 0.4791666567325592 0.06896551698446274
vt 0.4791666567325592 0.1034482792019844
vt 0.4791666567325592 0.13793103396892548
vt 0.4791666567325592 0.17241379618644714
vt 0.4791666567325592 0.2068965584039688
vt 0.4791666567325592 0.24137930572032928
vt 0.4791666567325592 0.27586206793785095
vt 0.4791666567325592 0.3103448152542114
vt 0.4791666567325592 0.3448275923728943
vt 0.4791666567325592 0.37931033968925476
vt 0.4791666567325592 0.4137931168079376
vt 0.4791666567325592 0.4482758641242981
vt 0.4791666567325592 0.48275861144065857
vt 0.4791666567325592 0.517241358757019
vt 0.4791666567325592 0.5517241358757019
vt 0.4791666567325592 0.5862069129943848
vt 0.4791666567325592 0.6206896305084229
vt 0.4791666567325592 0.6551724076271057
vt 0.4791666567325592 0.6896551847457886
vt 0.4791666567325592 0.7241379022598267
vt 0.4791666567325592 0.7586206793785095
vt 0.4791666567325592 0.7931034564971924
vt 0.4791666567325592 0.8275862336158752
vt 0.4791666567325592 0.8620689511299133
vt 0.4791666567325592 0.8965517282485962
vt 0.4791666567325592 0.931034505367279
vt 0.4791666567325592 0.9655172228813171
vt 0.4791666567325592 1
vt 0.5 0
vt 0.5 0.03448275849223137
vt 0.5 0.06896551698446274
vt 0.5 0.1034482792019844
vt 0.5 0.13793103396892548
vt 0.5 0.17241379618644714
vt 0.5 0.2068965584039688
vt 0.5 0.24137930572032928
vt 0.5 0.27586206793785095
vt 0.5 0.3103448152542114
vt 0.5 0.3448275923728943
vt 0.5 0.37931033968925476
vt 0.5 0.4137931168079376
vt 0.5 0.4482758641242981
vt 0.5 0.48275861144065857
vt 0.5 0.517241358757019
vt 0.5 0.5517241358757019
vt 0.5 0.5862069129943848
vt 0.5 0.6206896305084229
vt 0.5 0.6551724076271057
vt 0.5 0.6896551847457886
vt 0.5 0.7241379022598267
vt 0.5 0.7586206793785095
vt 0.5 0.7931034564971924
vt 0.5 0.8275862336158752
vt 0.5 0.8620689511299133
vt 0.5 0.8965517282485962
vt 0.5 0.931034505367279
vt 0.5 0.9655172228813171
vt 0.5 1
vt 0.5208333134651184 0
vt 0.5208333134651184 0.03448275849223137
vt 0.5208333134651184 0.06896551698446274
vt 0.5208333134651184 0.1034482792019844
vt 0.5208333134651184 0.13793103396892548
vt 0.5208333134651184 0.17241379618644714
vt 0.5208333134651184 0.2068965584039688
vt 0.5208333134651184 0.24137930572032928
vt 0.5208333134651184 0.27586206793785095
vt 0.5208333134651184 0.3103448152542114
vt 0.5208333134651184 0.3448275923728943
vt 0.5208333134651184 0.37931033968925476
vt 0.5208333134651184 0.4137931168079376
vt 0.5208333134651184 0.4482758641242981
vt 0.5208333134651184 0.48275861144065857
vt 0.5208333134651184 0.517241358757019
vt 0.5208333134651184 0.5517241358757019
vt 0.5208333134651184 0.5862069129943848
vt 0.5208333134651184 0.6206896305084229
vt 0.5208333134651184 0.6551724076271057
vt 0.5208333134651184 0.6896551847457886
vt 0.5208333134651184 0.7241379022598267
vt 0.5208333134651184 0.7586206793785095
vt 0.5208333134651184 0.7931034564971924
vt 0.5208333134651184 0.8275862336158752
vt 0.5208333134651184 0.8620689511299133
vt 0.5208333134651184 0.8965517282485962
vt 0.5208333134651184 0.931034505367279
vt 0.5208333134651184 0.9655172228813171
vt 0.5208333134651184 1
vt 0.5416666865348816 0
vt 0.5416666865348816 0.03448275849223137
vt 0.5416666865348816 0.06896551698446274
vt 0.5416666865348816 0.1034482792019844
vt 0.5416666865348816 0.13793103396892548
vt 0.5416666865348816 0.17241379618644714
vt 0.5416666865348816 0.2068965584039688
vt 0.5416666865348816 0.24137930572032928
vt 0.5416666865348816 0.27586206793785095
vt 0.5416666865348816 0.3103448152542114
vt 0.5416666865348816 0.3448275923728943
vt 0.5416666865348816 0.37931033968925476
vt 0.5416666865348816 0.4137931168079376
vt 0.5416666865348816 0.4482758641242981
vt 0.5416666865348816 0.48275861144065857
vt 0.5416666865348816 0.517241358757019
vt 0.5416666865348816 0.5517241358757019
vt 0.5416666865348816 0.5862069129943848
vt 0.5416666865348816 0.6206896305084229
vt 0.5416666865348816 0.6551724076271057
vt 0.5416666865348816 0.6896551847457886
vt 0.5416666865348816 0.7241379022598267
vt 0.5416666865348816 0.7586206793785095
vt 0.5416666865348816 0.7931034564971924
vt 0.5416666865348816 0.8275862336158752
vt 0.5416666865348816 0.8620689511299133
vt 0.5416666865348816 0.8965517282485962
vt 0.5416666865348816 0.931034505367279
vt 0.5416666865348816 0.9655172228813171
vt 0.5416666865348816 1
vt 0.5625 0
vt 0.5625 0.03448275849223137
vt 0.5625 0.06896551698446274
vt 0.5625 0.1034482792019844
vt 0.5625 0.13793103396892548
vt 0.5625 0.17241379618644714
vt 0.5625 0.2068965584039688
vt 0.5625 0.24137930572032928
vt 0.5625 0.27586206793785095
vt 0.5625 0.3103448152542114
vt 0.5625 0.3448275923728943
vt 0.5625 0.37931033968925476
vt 0.5625 0.4137931168079376
vt 0.5625 0.4482758641242981
vt 0.5625 0.48275861144065857
vt 0.5625 0.517241358757019
vt 0.5625 0.5517241358757019
vt 0.5625 0.5862069129943848
vt 0.5625 0.6206896305084229
vt 0.5625 0.6551724076271057
vt 0.5625 0.6896551847457886
vt 0.5625 0.7241379022598267
vt 0.5625 0.7586206793785095
vt 0.5625 0.7931034564971924
vt 0.5625 0.8275862336158752
vt 0.5625 0.8620689511299133
vt 0.5625 0.8965517282485962
vt 0.5625 0.931034505367279
vt 0.5625 0.9655172228813171
vt 0.5625 1
vt 0.5833333134651184 0
vt 0.5833333134651184 0.03448275849223137
vt 0.5833333134651184 0.06896551698446274
vt 0.5833333134651184 0.1034482792019844
vt 0.5833333134651184 0.13793103396892548
vt 0.5833333134651184 0.17241379618644714
vt 0.5833333134651184 0.2068965584039688
vt 0.5833333134651184 0.24137930572032928
vt 0.5833333134651184 0.27586206793785095
vt 0.5833333134651184 0.3103448152542114
vt 0.5833333134651184 0.3448275923728943
vt 0.5833333134651184 0.37931033968925476
vt 0.5833333134651184 0.4137931168079376
vt 0.5833333134651184 0.4482758641242981
vt 0.5833333134651184 0.48275861144065857
vt 0.5833333134651184 0.517241358757019
vt 0.5833333134651184 0.5517241358757019
vt 0.5833333134651184 0.5862069129943848
vt 0.5833333134651184 0.6206896305084229
vt 0.5833333134651184 0.6551724076271057
vt 0.5833333134651184 0.6896551847457886
vt 0.5833333134651184 0.7241379022598267
vt 0.5833333134651184 0.7586206793785095
vt 0.5833333134651184 0.7931034564971924
vt 0.5833333134651184 0.8275862336158752
vt 0.5833333134651184 0.8620689511299133
vt 0.5833333134651184 0.8965517282485962
vt 0.5833333134651184 0.931034505367279
vt 0.5833333134651184 0.9655172228813171
vt 0.5833333134651184 1
vt 0.6041666865348816 0
vt 0.6041666865348816 0.03448275849223137
vt 0.6041666865348816 0.06896551698446274
vt 0.6041666865348816 0.1034482792019844
vt 0.6041666865348816 0.13793103396892548
vt 0.6041666865348816 0.17241379618644714
vt 0.6041666865348816 0.2068965584039688
vt 0.6041666865348816 0.24137930572032928
vt 0.6041666865348816 0.27586206793785095
vt 0.6041666865348816 0.3103448152542114
vt 0.6041666865348816 0.3448275923728943
vt 0.6041666865348816 0.37931033968925476
vt 0.6041666865348816 0.4137931168079376
vt 0.6041666865348816 0.4482758641242981
vt 0.6041666865348816 0.48275861144065857
vt 0.6041666865348816 0.517241358757019
vt 0.6041666865348816 0.5517241358757019
vt 0.6041666865348816 0.5862069129943848
vt 0.6041666865348816 0.6206896305084229
vt 0.6041666865348816 0.6551724076271057
vt 0.6041666865348816 0.6896551847457886
vt 0.6041666865348816 0.7241379022598267
vt 0.6041666865348816 0.7586206793785095
vt 0.6041666865348816 0.7931034564971924
vt 0.6041666865348816 0.8275862336158752
vt 0.6041666865348816 0.8620689511299133
vt 0.6041666865348816 0.8965517282485962
vt 0.6041666865348816 0.931034505367279
vt 0.6041666865348816 0.9655172228813171
vt 0.6041666865348816 1
vt 0.625 0
vt 0.625 0.03448275849223137
vt 0.625 0.06896551698446274
vt 0.625 0.1034482792019844
vt 0.625 0.13793103396892548
vt 0.625 0.17241379618644714
vt 0.625 0.2068965584039688
vt 0.625 0.24137930572032928
vt 0.625 0.27586206793785095
vt 0.625 0.3103448152542114
vt 0.625 0.3448275923728943
vt 0.625 0.37931033968925476
vt 0.625 0.4137931168079376
vt 0.625 0.4482758641242981
vt 0.625 0.48275861144065857
vt 0.625 0.517241358757019
vt 0.625 0.5517241358757019
vt 0.625 0.5862069129943848
vt 0.625 0.6206896305084229
vt 0.625 0.6551724076271057
vt 0.625 0.6896551847457886
vt 0.625 0.7241379022598267
vt 0.625 0.7586206793785095
vt 0.625 0.7931034564971924
vt 0.625 0.8275862336158752
vt 0.625 0.8620689511299133
vt 0.625 0.8965517282485962
vt 0.625 0.931034505367279
vt 0.625 0.9655172228813171
vt 0.625 1
vt 0.6458333134651184 0
vt 0.6458333134651184 0.03448275849223137
vt 0.6458333134651184 0.06896551698446274
vt 0.6458333134651184 0.1034482792019844
vt 0.6458333134651184 0.13793103396892548
vt 0.6458333134651184 0.17241379618644714
vt 0.6458333134651184 0.2068965584039688
vt 0.6458333134651184 0.24137930572032928
vt 0.6458333134651184 0.27586206793785095
vt 0.6458333134651184 0.3103448152542114
vt 0.6458333134651184 0.3448275923728943
vt 0.6458333134651184 0.37931033968925476
vt 0.6458333134651184 0.4137931168079376
vt 0.6458333134651184 0.4482758641242981
vt 0.6458333134651184 0.48275861144065857
vt 0.6458333134651184 0.517241358757019
vt 0.6458333134651184 0.5517241358757019
vt 0.6458333134651184 0.5862069129943848
vt 0.6458333134651184 0.6206896305084229
vt 0.6458333134651184 0.6551724076271057
vt 0.6458333134651184 0.6896551847457886
vt 0.6458333134651184 0.7241379022598267
vt 0.6458333134651184 0.7586206793785095
vt 0.6458333134651184 0.7931034564971924
vt 0.6458333134651184 0.8275862336158752
vt 0.6458333134651184 0.8620689511299133
vt 0.6458333134651184 0.8965517282485962
vt 0.6458333134651184 0.931034505367279
vt 0.6458333134651184 0.9655172228813171
vt 0.6458333134651184 1
vt 0.6666666865348816 0
vt 0.6666666865348816 0.03448275849223137
vt 0.6666666865348816 0.06896551698446274
vt 0.6666666865348816 0.1034482792019844
vt 0.6666666865348816 0.13793103396892548
vt 0.6666666865348816 0.17241379618644714
vt 0.6666666865348816 0.2068965584039688
vt 0.6666666865348816 0.24137930572032928
vt 0.6666666865348816 0.27586206793785095
vt 0.6666666865348816 0.3103448152542114
vt 0.6666666865348816 0.3448275923728943
vt 0.6666666865348816 0.37931033968925476
vt 0.6666666865348816 0.4137931168079376
vt 0.6666666865348816 0.4482758641242981
vt 0.6666666865348816 0.48275861144065857
vt 0.6666666865348816 0.517241358757019
vt 0.6666666865348816 0.5517241358757019
vt 0.6666666865348816 0.5862069129943848
vt 0.6666666865348816 0.6206896305084229
vt 0.6666666865348816 0.6551724076271057
vt 0.6666666865348816 0.6896551847457886
vt 0.6666666865348816 0.7241379022598267
vt 0.6666666865348816 0.7586206793785095
vt 0.6666666865348816 0.7931034564971924
vt 0.6666666865348816 0.8275862336158752
vt 0.6666666865348816 0.8620689511299133
vt 0.6666666865348816 0.8965517282485962
vt 0.6666666865348816 0.931034505367279
vt 0.6666666865348816 0.9655172228813171
vt 0.6666666865348816 1
vt 0.6875 0
vt 0.6875 0.03448275849223137
vt 0.6875 0.06896551698446274
vt 0.6875 0.1034482792019844
vt 0.6875 0.13793103396892548
vt 0.6875 0.17241379618644714
vt 0.6875 0.2068965584039688
vt 0.6875 0.24137930572032928
vt 0.6875 0.27586206793785095
vt 0.6875 0.3103448152542114
vt 0.6875 0.3448275923728943
vt 0.6875 0.37931033968925476
vt 0.6875 0.4137931168079376
vt 0.6875 0.4482758641242981
vt 0.6875 0.48275861144065857
vt 0.6875 0.517241358757019
vt 0.6875 0.5517241358757019
vt 0.6875 0.5862069129943848
vt 0.6875 0.6206896305084229
vt 0.6875 0.6551724076271057
vt 0.6875 0.6896551847457886
vt 0.6875 0.7241379022598267
vt 0.6875 0.7586206793785095
vt 0.6875 0.7931034564971924
vt 0.6875 0.8275862336158752
vt 0.6875 0.8620689511299133
vt 0.6875 0.8965517282485962
vt 0.6875 0.931034505367279
vt 0.6875 0.9655172228813171
vt 0.6875 1
vt 0.7083333134651184 0
vt 0.7083333134651184 0.03448275849223137
vt 0.7083333134651184 0.06896551698446274
vt 0.7083333134651184 0.1034482792019844
vt 0.7083333134651184 0.13793103396892548
vt 0.7083333134651184 0.17241379618644714
vt 0.7083333134651184 0.2068965584039688
vt 0.7083333134651184 0.24137930572032928
vt 0.7083333134651184 0.27586206793785095
vt 0.7083333134651184 0.3103448152542114
vt 0.7083333134651184 0.3448275923728943
vt 0.7083333134651184 0.37931033968925476
vt 0.7083333134651184 0.4137931168079376
vt 0.7083333134651184 0.4482758641242981
vt 0.7083333134651184 0.48275861144065857
vt 0.7083333134651184 0.517241358757019
vt 0.7083333134651184 0.5517241358757019
vt 0.7083333134651184 0.5862069129943848
vt 0.7083333134651184 0.6206896305084229
vt 0.7083333134651184 0.6551724076271057
vt 0.7083333134651184 0.6896551847457886
vt 0.7083333134651184 0.7241379022598267
vt 0.7083333134651184 0.7586206793785095
vt 0.7083333134651184 0.7931034564971924
vt 0.7083333134651184 0.8275862336158752
vt 0.7083333134651184 0.8620689511299133
vt 0.7083333134651184 0.8965517282485962
vt 0.7083333134651184 0.931034505367279
vt 0.7083333134651184 0.9655172228813171
vt 0.7083333134651184 1
vt 0.7291666865348816 0
vt 0.7291666865348816 0.03448275849223137
vt 0.7291666865348816 0.06896551698446274
vt 0.7291666865348816 0.1034482792019844
vt 0.7291666865348816 0.13793103396892548
vt 0.7291666865348816 0.17241379618644714
vt 0.7291666865348816 0.2068965584039688
vt 0.7291666865348816 0.24137930572032928
vt 0.7291666865348816 0.27586206793785095
vt 0.7291666865348816 0.3103448152542114
vt 0.7291666865348816 0.3448275923728943
vt 0.7291666865348816 0.37931033968925476
vt 0.7291666865348816 0.4137931168079376
vt 0.7291666865348816 0.4482758641242981
vt 0.7291666865348816 0.48275861144065857
vt 0.7291666865348816 0.517241358757019
vt 0.7291666865348816 0.5517241358757019
vt 0.7291666865348816 0.5862069129943848
vt 0.7291666865348816 0.6206896305084229
vt 0.7291666865348816 0.6551724076271057
vt 0.7291666865348816 0.6896551847457886
vt 0.7291666865348816 0.7241379022598267
vt 0.7291666865348816 0.7586206793785095
vt 0.7291666865348816 0.7931034564971924
vt 0.7291666865348816 0.8275862336158752
vt 0.7291666865348816 0.8620689511299133
vt 0.7291666865348816 0.8965517282485962
vt 0.7291666865348816 0.931034505367279
vt 0.7291666865348816 0.9655172228813171
vt 0.7291666865348816 1
vt 0.75 0
vt 0.75 0.03448275849223137
vt 0.75 0.06896551698446274
vt 0.75 0.1034482792019844
vt 0.75 0.13793103396892548
vt 0.75 0.17241379618644714
vt 0.75 0.2068965584039688
vt 0.75 0.24137930572032928
vt 0.75 0.27586206793785095
vt 0.75 0.3103448152542114
vt 0.75 0.3448275923728943
vt 0.75 0.37931033968925476
vt 0.75 0.4137931168079376
vt 0.75 0.4482758641242981
vt 0.75 0.48275861144065857
vt 0.75 0.517241358757019
vt 0.75 0.5517241358757019
vt 0.75 0.5862069129943848
vt 0.75 0.6206896305084229
vt 0.75 0.6551724076271057
vt 0.75 0.6896551847457886
vt 0.75 0.7241379022598267
vt 0.75 0.7586206793785095
vt 0.75 0.7931034564971924
vt 0.75 0.8275862336158752
vt 0.75 0.8620689511299133
vt 0.75 0.8965517282485962
vt 0.75 0.931034505367279
vt 0.75 0.9655172228813171
vt 0.75 1
vt 0.7708333134651184 0
vt 0.7708333134651184 0.03448275849223137
vt 0.7708333134651184 0.06896551698446274
vt 0.7708333134651184 0.1034482792019844
vt 0.7708333134651184 0.13793103396892548
vt 0.7708333134651184 0.17241379618644714
vt 0.7708333134651184 0.2068965584039688
vt 0.7708333134651184 0.24137930572032928
vt 0.7708333134651184 0.27586206793785095
vt 0.7708333134651184 0.3103448152542114
vt 0.7708333134651184 0.3448275923728943
vt 0.7708333134651184 0.37931033968925476
vt 0.7708333134651184 0.4137931168079376
vt 0.7708333134651184 0.4482758641242981
vt 0.7708333134651184 0.48275861144065857
vt 0.7708333134651184 0.517241358757019
vt 0.7708333134651184 0.5517241358757019
vt 0.7708333134651184 0.5862069129943848
vt 0.7708333134651184 0.6206896305084229
vt 0.7708333134651184 0.6551724076271057
vt 0.7708333134651184 0.6896551847457886
vt 0.7708333134651184 0.7241379022598267
vt 0.7708333134651184 0.7586206793785095
vt 0.7708333134651184 0.7931034564971924
vt 0.7708333134651184 0.8275862336158752
vt 0.7708333134651184 0.8620689511299133
vt 0.7708333134651184 0.8965517282485962
vt 0.7708333134651184 0.931034505367279
vt 0.7708333134651184 0.9655172228813171
vt 0.7708333134651184 1
vt 0.7916666865348816 0
vt 0.7916666865348816 0.03448275849223137
vt 0.7916666865348816 0.06896551698446274
vt 0.7916666865348816 0.1034482792019844
vt 0.7916666865348816 0.13793103396892548
vt 0.7916666865348816 0.17241379618644714
vt 0.7916666865348816 0.2068965584039688
vt 0.7916666865348816 0.24137930572032928
vt 0.7916666865348816 0.27586206793785095
vt 0.7916666865348816 0.3103448152542114
vt 0.7916666865348816 0.3448275923728943
vt 0.7916666865348816 0.37931033968925476
vt 0.7916666865348816 0.4137931168079376
vt 0.7916666865348816 0.4482758641242981
vt 0.7916666865348816 0.48275861144065857
vt 0.7916666865348816 0.517241358757019
vt 0.7916666865348816 0.5517241358757019
vt 0.7916666865348816 0.5862069129943848
vt 0.7916666865348816 0.6206896305084229
vt 0.7916666865348816 0.6551724076271057
vt 0.7916666865348816 0.6896551847457886
vt 0.7916666865348816 0.7241379022598267
vt 0.7916666865348816 0.7586206793785095
vt 0.7916666865348816 0.7931034564971924
vt 0.7916666865348816 0.8275862336158752
vt 0.7916666865348816 0.8620689511299133
vt 0.7916666865348816 0.8965517282485962
vt 0.7916666865348816 0.931034505367279
vt 0.7916666865348816 0.9655172228813171
vt 0.7916666865348816 1
vt 0.8125 0
vt 0.8125 0.03448275849223137
vt 0.8125 0.06896551698446274
vt 0.8125 0.1034482792019844
vt 0.8125 0.13793103396892548
vt 0.8125 0.17241379618644714
vt 0.8125 0.2068965584039688
vt 0.8125 0.24137930572032928
vt 0.8125 0.27586206793785095
vt 0.8125 0.3103448152542114
vt 0.8125 0.3448275923728943
vt 0.8125 0.37931033968925476
vt 0.8125 0.4137931168079376
vt 0.8125 0.4482758641242981
vt 0.8125 0.48275861144065857
vt 0.8125 0.517241358757019
vt 0.8125 0.5517241358757019
vt 0.8125 0.5862069129943848
vt 0.8125 0.6206896305084229
vt 0.8125 0.6551724076271057
vt 0.8125 0.6896551847457886
vt 0.8125 0.7241379022598267
vt 0.8125 0.7586206793785095
vt 0.8125 0.7931034564971924
vt 0.8125 0.8275862336158752
vt 0.8125 0.8620689511299133
vt 0.8125 0.8965517282485962
vt 0.8125 0.931034505367279
vt 0.8125 0.9655172228813171
vt 0.8125 1
vt 0.8333333134651184 0
vt 0.8333333134651184 0.03448275849223137
vt 0.8333333134651184 0.06896551698446274
vt 0.8333333134651184 0.1034482792019844
vt 0.8333333134651184 0.13793103396892548
vt 0.8333333134651184 0.17241379618644714
vt 0.8333333134651184 0.2068965584039688
vt 0.8333333134651184 0.24137930572032928
vt 0.8333333134651184 0.27586206793785095
vt 0.8333333134651184 0.3103448152542114
vt 0.8333333134651184 0.3448275923728943
vt 0.8333333134651184 0.37931033968925476
vt 0.8333333134651184 0.4137931168079376
vt 0.8333333134651184 0.4482758641242981
vt 0.8333333134651184 0.48275861144065857
vt 0.8333333134651184 0.517241358757019
vt 0.8333333134651184 0.5517241358757019
vt 0.8333333134651184 0.5862069129943848
vt 0.8333333134651184 0.6206896305084229
vt 0.8333333134651184 0.6551724076271057
vt 0.8333333134651184 0.6896551847457886
vt 0.8333333134651184 0.7241379022598267
vt 0.8333333134651184 0.7586206793785095
vt 0.8333333134651184 0.7931034564971924
vt 0.8333333134651184 0.8275862336158752
vt 0.8333333134651184 0.8620689511299133
vt 0.8333333134651184 0.8965517282485962
vt 0.8333333134651184 0.931034505367279
vt 0.8333333134651184 0.9655172228813171
vt 0.8333333134651184 1
vt 0.8541666865348816 0
vt 0.8541666865348816 0.03448275849223137
vt 0.8541666865348816 0.06896551698446274
vt 0.8541666865348816 0.1034482792019844
vt 0.8541666865348816 0.13793103396892548
vt 0.8541666865348816 0.17241379618644714
vt 0.8541666865348816 0.2068965584039688
vt 0.8541666865348816 0.24137930572032928
vt 0.8541666865348816 0.27586206793785095
vt 0.8541666865348816 0.3103448152542114
vt 0.8541666865348816 0.3448275923728943
vt 0.8541666865348816 0.37931033968925476
vt 0.8541666865348816 0.4137931168079376
vt 0.8541666865348816 0.4482758641242981
vt 0.8541666865348816 0.48275861144065857
vt 0.8541666865348816 0.517241358757019
vt 0.8541666865348816 0.5517241358757019
vt 0.8541666865348816 0.5862069129943848
vt 0.8541666865348816 0.6206896305084229
vt 0.8541666865348816 0.6551724076271057
vt 0.8541666865348816 0.6896551847457886
vt 0.8541666865348816 0.7241379022598267
vt 0.8541666865348816 0.7586206793785095
vt 0.8541666865348816 0.7931034564971924
vt 0.8541666865348816 0.8275862336158752
vt 0.8541666865348816 0.8620689511299133
vt 0.8541666865348816 0.8965517282485962
vt 0.8541666865348816 0.931034505367279
vt 0.8541666865348816 0.9655172228813171
vt 0.8541666865348816 1
vt 0.875 0
vt 0.875 0.03448275849223137
vt 0.875 0.06896551698446274
vt 0.875 0.1034482792019844
vt 0.875 0.13793103396892548
vt 0.875 0.17241379618644714
vt 0.875 0.2068965584039688
vt 0.875 0.24137930572032928
vt 0.875 0.27586206793785095
vt 0.875 0.3103448152542114
vt 0.875 0.3448275923728943
vt 0.875 0.37931033968925476
vt 0.875 0.4137931168079376
vt 0.875 0.4482758641242981
vt 0.875 0.48275861144065857
vt 0.875 0.517241358757019
vt 0.875 0.5517241358757019
vt 0.875 0.5862069129943848
vt 0.875 0.6206896305084229
vt 0.875 0.6551724076271057
vt 0.875 0.6896551847457886
vt 0.875 0.7241379022598267
vt 0.875 0.7586206793785095
vt 0.875 0.7931034564971924
vt 0.875 0.8275862336158752
vt 0.875 0.8620689511299133
vt 0.875 0.8965517282485962
vt 0.875 0.931034505367279
vt 0.875 0.9655172228813171
vt 0.875 1
vt 0.8958333134651184 0
vt 0.8958333134651184 0.03448275849223137
vt 0.8958333134651184 0.06896551698446274
vt 0.8958333134651184 0.1034482792019844
vt 0.8958333134651184 0.13793103396892548
vt 0.8958333134651184 0.17241379618644714
vt 0.8958333134651184 0.2068965584039688
vt 0.8958333134651184 0.24137930572032928
vt 0.8958333134651184 0.27586206793785095
vt 0.8958333134651184 0.3103448152542114
vt 0.8958333134651184 0.3448275923728943
vt 0.8958333134651184 0.37931033968925476
vt 0.8958333134651184 0.4137931168079376
vt 0.8958333134651184 0.4482758641242981
vt 0.8958333134651184 0.48275861144065857
vt 0.8958333134651184 0.517241358757019
vt 0.8958333134651184 0.5517241358757019
vt 0.8958333134651184 0.5862069129943848
vt 0.8958333134651184 0.6206896305084229
vt 0.8958333134651184 0.6551724076271057
vt 0.8958333134651184 0.6896551847457886
vt 0.8958333134651184 0.7241379022598267
vt 0.8958333134651184 0.7586206793785095
vt 0.8958333134651184 0.7931034564971924
vt 0.8958333134651184 0.8275862336158752
vt 0.8958333134651184 0.8620689511299133
vt 0.8958333134651184 0.8965517282485962
vt 0.8958333134651184 0.931034505367279
vt 0.8958333134651184 0.9655172228813171
vt 0.8958333134651184 1
vt 0.9166666865348816 0
vt 0.9166666865348816 0.03448275849223137
vt 0.9166666865348816 0.06896551698446274
vt 0.9166666865348816 0.1034482792019844
vt 0.9166666865348816 0.13793103396892548
vt 0.9166666865348816 0.17241379618644714
vt 0.9166666865348816 0.2068965584039688
vt 0.9166666865348816 0.24137930572032928
vt 0.9166666865348816 0.27586206793785095
vt 0.9166666865348816 0.3103448152542114
vt 0.9166666865348816 0.3448275923728943
vt 0.9166666865348816 0.37931033968925476
vt 0.9166666865348816 0.4137931168079376
vt 0.9166666865348816 0.4482758641242981
vt 0.9166666865348816 0.48275861144065857
vt 0.9166666865348816 0.517241358757019
vt 0.9166666865348816 0.5517241358757019
vt 0.9166666865348816 0.5862069129943848
vt 0.9166666865348816 0.6206896305084229
vt 0.9166666865348816 0.6551724076271057
vt 0.9166666865348816 0.6896551847457886
vt 0.9166666865348816 0.7241379022598267
vt 0.9166666865348816 0.7586206793785095
vt 0.9166666865348816 0.7931034564971924
vt 0.9166666865348816 0.8275862336158752
vt 0.9166666865348816 0.8620689511299133
vt 0.9166666865348816 0.8965517282485962
vt 0.9166666865348816 0.931034505367279
vt 0.9166666865348816 0.9655172228813171
vt 0.9166666865348816 1
vt 0.9375 0
vt 0.9375 0.03448275849223137
vt 0.9375 0.06896551698446274
vt 0.9375 0.1034482792019844
vt 0.9375 0.13793103396892548
vt 0.9375 0.17241379618644714
vt 0.9375 0.2068965584039688
vt 0.9375 0.24137930572032928
vt 0.9375 0.27586206793785095
vt 0.9375 0.3103448152542114
vt 0.9375 0.3448275923728943
vt 0.9375 0.37931033968925476
vt 0.9375 0.4137931168079376
vt 0.9375 0.4482758641242981
vt 0.9375 0.48275861144065857
vt 0.9375 0.517241358757019
vt 0.9375 0.5517241358757019
vt 0.9375 0.5862069129943848
vt 0.9375 0.6206896305084229
vt 0.9375 0.6551724076271057
vt 0.9375 0.6896551847457886
vt 0.9375 0.7241379022598267
vt 0.9375 0.7586206793785095
vt 0.9375 0.7931034564971924
vt 0.9375 0.8275862336158752
vt 0.9375 0.8620689511299133
vt 0.9375 0.8965517282485962
vt 0.9375 0.931034505367279
vt 0.9375 0.9655172228813171
vt 0.9375 1
vt 0.9583333134651184 0
vt 0.9583333134651184 0.03448275849223137
vt 0.9583333134651184 0.06896551698446274
vt 0.9583333134651184 0.1034482792019844
vt 0.9583333134651184 0.13793103396892548
vt 0.9583333134651184 0.17241379618644714
vt 0.9583333134651184 0.2068965584039688
vt 0.9583333134651184 0.24137930572032928
vt 0.9583333134651184 0.27586206793785095
vt 0.9583333134651184 0.3103448152542114
vt 0.9583333134651184 0.3448275923728943
vt 0.9583333134651184 0.37931033968925476
vt 0.9583333134651184 0.4137931168079376
vt 0.9583333134651184 0.4482758641242981
vt 0.9583333134651184 0.48275861144065857
vt 0.9583333134651184 0.517241358757019
vt 0.9583333134651184 0.5517241358757019
vt 0.9583333134651184 0.5862069129943848
vt 0.9583333134651184 0.6206896305084229
vt 0.9583333134651184 0.6551724076271057
vt 0.9583333134651184 0.6896551847457886
vt 0.9583333134651184 0.7241379022598267
vt 0.9583333134651184 0.7586206793785095
vt 0.9583333134651184 0.7931034564971924
vt 0.9583333134651184 0.8275862336158752
vt 0.9583333134651184 0.8620689511299133
vt 0.9583333134651184 0.8965517282485962
vt 0.9583333134651184 0.931034505367279
vt 0.9583333134651184 0.9655172228813171
vt 0.9583333134651184 1
vt 0.9791666865348816 0
vt 0.9791666865348816 0.03448275849223137
vt 0.9791666865348816 0.06896551698446274
vt 0.9791666865348816 0.1034482792019844
vt 0.9791666865348816 0.13793103396892548
vt 0.9791666865348816 0.17241379618644714
vt 0.9791666865348816 0.2068965584039688
vt 0.9791666865348816 0.24137930572032928
vt 0.9791666865348816 0.27586206793785095
vt 0.9791666865348816 0.3103448152542114
vt 0.9791666865348816 0.3448275923728943
vt 0.9791666865348816 0.37931033968925476
vt 0.9791666865348816 0.4137931168079376
vt 0.9791666865348816 0.4482758641242981
vt 0.9791666865348816 0.48275861144065857
vt 0.9791666865348816 0.517241358757019
vt 0.9791666865348816 0.5517241358757019
vt 0.9791666865348816 0.5862069129943848
vt 0.9791666865348816 0.6206896305084229
vt 0.9791666865348816 0.6551724076271057
vt 0.9791666865348816 0.6896551847457886
vt 0.9791666865348816 0.7241379022598267
vt 0.9791666865348816 0.7586206793785095
vt 0.9791666865348816 0.7931034564971924
vt 0.9791666865348816 0.8275862336158752
vt 0.9791666865348816 0.8620689511299133
vt 0.9791666865348816 0.8965517282485962
vt 0.9791666865348816 0.931034505367279
vt 0.9791666865348816 0.9655172228813171
vt 0.9791666865348816 1
vt 1 0
vt 1 0.03448275849223137
vt 1 0.06896551698446274
vt 1 0.1034482792019844
vt 1 0.13793103396892548
vt 1 0.17241379618644714
vt 1 0.2068965584039688
vt 1 0.24137930572032928
vt 1 0.27586206793785095
vt 1 0.3103448152542114
vt 1 0.3448275923728943
vt 1 0.37931033968925476
vt 1 0.4137931168079376
vt 1 0.4482758641242981
vt 1 0.48275861144065857
vt 1 0.517241358757019
vt 1 0.5517241358757019
vt 1 0.5862069129943848
vt 1 0.6206896305084229
vt 1 0.6551724076271057
vt 1 0.6896551847457886
vt 1 0.7241379022598267
vt 1 0.7586206793785095
vt 1 0.7931034564971924
vt 1 0.8275862336158752
vt 1 0.8620689511299133
vt 1 0.8965517282485962
vt 1 0.931034505367279
vt 1 0.9655172228813171
vt 1 1
vn 0 0.012037859558224534 0.9999275423435722
vn 0 0.02407316856477251 0.9997101992853991
vn 0 0.04811542947387118 0.9988417819887918
vn 0 0.07209680072663728 0.9973976395224643
vn 0 0.09598921294352647 0.9953823742655294
vn 0 0.11976739210559016 0.9928019801492269
vn 0 0.14340990977243387 0.9896633759915855
vn 0 0.16690012344824443 0.9859738073564434
vn 0 0.19022730315527828 0.9817400741205738
vn 0 0.21338776030466788 0.9769675858247077
vn 0 0.23638615238467134 0.9716591928041286
vn 0 0.2592370581728278 0.9658137230697739
vn 0 0.2819668665144156 0.9594241430087329
vn 0 0.3046161279258342 0.9524752041956114
vn 0 0.3272426206486411 0.9449403511497483
vn 0 0.3499256922497192 0.936777460181208
vn 0 0.3727721062695131 0.9279229261029122
vn 0 0.39592424543763377 0.9182831762994682
vn 0 0.419572772407877 0.9077217022050138
vn 0 0.44397525806822774 0.8960390450327769
vn 0 0.46948603886376034 0.8829398956395704
vn 0 0.4966054193270028 0.8679764152873346
vn 0 0.5260665359795462 0.8504434135922746
vn 0 0.558999608904567 0.8291679186054784
vn 0 0.5972800950785953 0.8020327225387405
vn 0 0.6444015424358183 0.7646872904046059
vn 0 0.7084719568885866 0.7057389647046964
vn 0 0.8461024073351542 0.5330203713758571
vn 0 0.8581059736476057 0.5134726263300654
vn 0 4.6124478548712185e-9 1
vn 0.13051674037380595 0.012037859544945418 0.9913730228424479
vn 0.13048836694542446 0.024073168830337607 0.9911575397656935
vn 0.1303750140077808 0.048115428999328795 0.9902965521573229
vn 0.13018651116776123 0.0720968012428552 0.988864765051579
vn 0.12992348118909247 0.09598921492064634 0.9868667385491445
vn 0.12958666676882802 0.11976739014201146 0.984308421204612
vn 0.129176992665002 0.14340991166714076 0.9811966682585346
vn 0.12869541570904086 0.16690013102952242 0.9775386622726516
vn 0.12814278725471165 0.19022729732854055 0.9733411536689861
vn 0.1275198585407062 0.21338775365254786 0.9686094942074839
vn 0.1268269685571065 0.23638614413458836 0.9633465165286041
vn 0.12606398672197763 0.259237049178407 0.9575510553411934
vn 0.12522998155129428 0.28196685837419766 0.9512161386873372
vn 0.12432296674038261 0.3046161258861827 0.9443266467652828
vn 0.12333946539094737 0.32724260923127524 0.936856259508673
vn 0.12227399493076499 0.3499256924380652 0.9287631990639013
vn 0.12111824972764612 0.3727721044160228 0.919984417124639
vn 0.11986000675151263 0.39592423504098273 0.9104271409007643
vn 0.1184814604475359 0.4195727819775152 0.8999560123438631
vn 0.11695656034559582 0.4439752642589519 0.8883733042580245
vn 0.11524677925738853 0.46948602404804324 0.8753862308114967
vn 0.11329365441464351 0.4966054225574091 0.8605507551306619
vn 0.11100513743151079 0.526066553761094 0.8431677416017155
vn 0.10822813082014944 0.5589995912675162 0.8220742841507247
vn 0.10468627745356322 0.5972800983748423 0.7951712189197081
vn 0.09981171828659838 0.6444015529964718 0.7581452759124812
vn 0.09211742282951672 0.708471965409124 0.6997012609968494
vn 0.06957311816948915 0.8461024029769405 0.5284603153547305
vn 0.06702163103040082 0.8581059616819744 0.5090798164334142
vn 0.13052618749882025 4.612447813179205e-9 0.9914448619953723
vn 0.25880029772951796 0.012037859286845325 0.9658558359501189
vn 0.25874402947138836 0.02407316847539007 0.9656459028921859
vn 0.25851925815791743 0.04811542780800667 0.9648070785231277
vn 0.2581455040855979 0.07209680032115486 0.963412139275733
vn 0.25762391241644056 0.09598921295731332 0.9614655431928291
vn 0.256956075690848 0.11976739253571647 0.9589730688871064
vn 0.2561437137584661 0.14340990490677769 0.9559414192703704
vn 0.2551887948161249 0.16690012935059273 0.9523775647415519
vn 0.2540930240075657 0.1902273020646912 0.948288093724623
vn 0.2528578106350289 0.21338776288725597 0.9436782238935219
vn 0.251483916090536 0.23638614904468405 0.9385507064019464
vn 0.24997098690256336 0.2592370504536489 0.9329044202805832
vn 0.24831724583544112 0.2819668697940911 0.9267325556811
vn 0.24651873030553897 0.30461612243487524 0.9200203984484725
vn 0.2445685512588929 0.32724260576282344 0.9127422969867691
vn 0.24245584586863045 0.34992570515987337 0.9048575377773522
vn 0.2401641297913551 0.37277209582623483 0.8963047223656012
vn 0.23766917648441016 0.3959242513147806 0.8869934327660226
vn 0.2349356568945678 0.4195727718539872 0.8767918374610247
vn 0.23191197282832102 0.4439752710641282 0.8655072475389274
vn 0.22852166460420853 0.4694860374761701 0.8528544479695499
vn 0.22464881718441473 0.4966054234441015 0.8384008363208784
vn 0.22011095273499315 0.5260665413869519 0.8214652533852325
vn 0.21460445376702342 0.5589996019715833 0.8009147104523484
vn 0.20758134605882975 0.5972800988755581 0.774704116586202
vn 0.1979156298175112 0.6444015544119759 0.7386311935907982
vn 0.18265868322235215 0.7084719383093171 0.6816915123952444
vn 0.13795582945327822 0.8461024162217334 0.5148581264616523
vn 0.13289649917180302 0.8581059660709919 0.49597648281067586
vn 0.2588190503526887 4.612447910517526e-9 0.9659258248822901
vn 0.3826557169501114 0.012037859517499265 0.9238125850104192
vn 0.38257252155610466 0.024073167997060798 0.9236117952542556
vn 0.382240204298799 0.04811542832258605 0.9228094775060269
vn 0.38168754249233605 0.07209680054806539 0.9214752689339489
vn 0.3809163486654436 0.09598921028330794 0.9196134007443417
vn 0.3799288642909635 0.11976739246216297 0.9172294313754837
vn 0.37872775555162336 0.1434099046599501 0.9143297470936039
vn 0.37731584175849 0.16690012489387163 0.9109210195557528
vn 0.3756956802007528 0.19022730225235954 0.9070095530678182
vn 0.37386930424996334 0.21338776002901275 0.9026003585249947
vn 0.3718378906553027 0.23638615423329812 0.8976960338331714
vn 0.3696009182362997 0.2592370484619711 0.8922955306083348
vn 0.36715572144671627 0.2819668579377234 0.8863923325670574
vn 0.3644964739135005 0.3046161271282599 0.8799723493371849
vn 0.36161300697121646 0.32724261426088935 0.8730110564024568
vn 0.35848921666279215 0.34992569810783564 0.8654695184350755
vn 0.35510071823425904 0.37277209455736143 0.8572890092779861
vn 0.3514117669244013 0.3959242483174329 0.8483830265047422
vn 0.34737006162919837 0.41957277461902215 0.838625498707392
vn 0.342899300334525 0.4439752796697708 0.8278321211889774
vn 0.3378864836212627 0.46948602954567603 0.8157300976717082
vn 0.332160205741525 0.496605427706527 0.8019056346567002
vn 0.32545060595615166 0.5260665526029553 0.7857072516626125
vn 0.3173088107585276 0.5589995934899539 0.7660512862028726
vn 0.3069246374694778 0.5972800779588076 0.7409816295885818
vn 0.29263314199045765 0.6444015413588345 0.7064789435667214
vn 0.27007460898618113 0.7084719618550969 0.6520177795475761
vn 0.20397806125791001 0.8461024147810048 0.4924466003814188
vn 0.1964974707959911 0.858105960370809 0.47438687244365246
vn 0.3826834317929807 4.6124479917159416e-9 0.9238795327482622
vn 0.49996377565910344 0.012037859666267754 0.8659626510210177
vn 0.49985509049246235 0.024073168124094393 0.8657744342987044
vn 0.4994208821141185 0.04811542861832355 0.8650223627382305
vn 0.4986988349520769 0.07209680292277504 0.8637716845473435
vn 0.49769119753336666 0.09598921494948041 0.8620264163650588
vn 0.4964009756998932 0.11976738863738041 0.859791744519088
vn 0.49483169141485733 0.1434099107633319 0.8570736226639837
vn 0.4929869077619767 0.16690012483079475 0.8538783620087521
vn 0.49087002492854986 0.1902272984538554 0.8502118521577976
vn 0.48848378611939236 0.21338775733725146 0.8460787526684748
vn 0.4858295842619315 0.23638614647774575 0.8414815534575197
vn 0.4829068500850931 0.2592370520262784 0.8364192280176359
vn 0.47971205884520435 0.28196685907356833 0.830885690683551
vn 0.47623759651288367 0.30461612435354735 0.8248677278518393
vn 0.4724701761759902 0.3272426210649865 0.8183423486431252
vn 0.46838872662607234 0.3499256896614233 0.8112730813262473
vn 0.4639614506771077 0.3727720963272824 0.8036048385153969
vn 0.459141585683311 0.39592424331080245 0.7952565610260522
vn 0.45386085351249067 0.4195727746357924 0.7861100510954785
vn 0.4480195308494452 0.44397526632606216 0.7759925662454153
vn 0.44146994241122356 0.4694860331119664 0.7646483862928245
vn 0.4339882151045393 0.4966054278643533 0.7516896155768275
vn 0.4252217195092275 0.5260665517076504 0.7365055820779896
vn 0.41458396124261954 0.5589996115201827 0.7180804783592595
vn 0.4010163520746445 0.5972800813838257 0.6945807294698545
vn 0.38234365270881204 0.64440155508728 0.662238602796891
vn 0.3528694810580908 0.7084719542900475 0.6111878756341903
vn 0.2665101860093381 0.8461024083555483 0.46160918029022013
vn 0.25673630942567943 0.8581059611493292 0.4446803648267681
vn 0.5000000123185223 4.6124479685083026e-9 0.8660253966723364
vn 0.6087173191419193 0.01203785923485546 0.7932958561102639
vn 0.6085850044499508 0.024073168809881515 0.7931234298027668
vn 0.6080563655116237 0.04811542846338049 0.7924344527496139
vn 0.6071772105845892 0.07209680379649273 0.7912887499699762
vn 0.6059503956184299 0.09598920930221155 0.789689932661804
vn 0.6043795365797863 0.1197673905598288 0.7876427793880245
vn 0.6024689074670536 0.14340990773070814 0.7851527328489182
vn 0.6002228269861438 0.16690012839923501 0.7822256101056014
vn 0.597645471876583 0.1902273032126016 0.7788667813290521
vn 0.5947402002393903 0.21338775333318266 0.775080486753877
vn 0.5915086268098461 0.2363861500705278 0.7708690760851444
vn 0.5879501644094768 0.2592370485274825 0.7662315295272238
vn 0.5840604280998203 0.2819668638910727 0.761162337478207
vn 0.5798301680355266 0.304616122575141 0.7556493856962895
vn 0.575243239776542 0.32724261576399144 0.7496715851086583
vn 0.570273988403841 0.3499256925572336 0.7431955246355537
vn 0.5648836970559078 0.37277208973601605 0.7361707532320834
vn 0.5590153935918709 0.39592424058779657 0.7285230164121805
vn 0.5525859646075143 0.41957277452335945 0.7201440401735981
vn 0.5454739944172291 0.4439752710907829 0.7108755728496925
vn 0.5374997761843963 0.4694860198861894 0.7004833101032092
vn 0.5283905795512462 0.49660541965868266 0.6886119753584901
vn 0.5177171333445747 0.5260665521510324 0.674702121346451
vn 0.5047654505301858 0.5589995975564409 0.6578231448366617
vn 0.4882465984272335 0.5972800955194736 0.6362953297176432
vn 0.46551212327397606 0.6444015455722617 0.6066672161482229
vn 0.42962667721348097 0.7084719600584986 0.5599003483097439
vn 0.3244822302546871 0.8461024110980622 0.42287349430177107
vn 0.31258234556807496 0.8581059623158321 0.40736523498843163
vn 0.6087614350106061 4.6124480196339085e-9 0.7933533356858266
vn 0.7070555458918562 0.01203785891005645 0.7070555458918562
vn 0.7069018611274296 0.024073169071648248 0.7069018611274296
vn 0.7062877974175666 0.04811542827497748 0.7062877974175666
vn 0.705266634470277 0.07209680024756641 0.705266634470277
vn 0.703841626753196 0.09598921240863437 0.703841626753196
vn 0.7020170126528212 0.11976739077068133 0.7020170126528212
vn 0.6997976845681678 0.14340990672217224 0.6997976845681678
vn 0.6971887655275443 0.16690012116340053 0.6971887655275443
vn 0.6941950652107838 0.19022729266325392 0.6941950652107838
vn 0.6908204049343497 0.2133877603160084 0.6908204049343497
vn 0.6870668039985293 0.23638615375375363 0.6870668039985293
vn 0.682933435342751 0.25923704554306504 0.682933435342751
vn 0.6784153163152171 0.28196687248300606 0.6784153163152171
vn 0.6735016762148891 0.3046161260857167 0.6735016762148891
vn 0.6681737318501493 0.3272426135620016 0.6681737318501493
vn 0.6624016912401236 0.34992570480667423 0.6624016912401236
vn 0.6561406000375716 0.3727720831348172 0.6561406000375716
vn 0.6493242587586195 0.39592425282513105 0.6493242587586195
vn 0.6418561755053881 0.41957275880494554 0.6418561755053881
vn 0.6335952822136223 0.443975265880072 0.6335952822136223
vn 0.6243327903475783 0.469486031521294 0.6243327903475783
vn 0.6137520066903729 0.4966054254305737 0.6137520066903729
vn 0.6013543019167197 0.5260665424948726 0.6013543019167197
vn 0.5863102645097135 0.5589995952244506 0.5863102645097135
vn 0.5671227733022809 0.5972801017980255 0.5671227733022809
vn 0.540715568570892 0.6444015423709923 0.540715568570892
vn 0.4990328175624313 0.7084719429810912 0.4990328175624313
vn 0.3769023111214776 0.8461024144526346 0.3769023111214776
vn 0.3630799949661847 0.8581059576245293 0.3630799949661847
vn 0.7071067811865476 4.6124477109405255e-9 0.7071067811865476
vn 0.7932958561102639 0.01203785923485546 0.6087173191419193
vn 0.7931234298027668 0.024073168809881515 0.6085850044499508
vn 0.7924344527496139 0.04811542846338049 0.6080563655116237
vn 0.7912887499699762 0.07209680379649273 0.6071772105845892
vn 0.789689932661804 0.09598920930221155 0.6059503956184299
vn 0.7876427793880245 0.1197673905598288 0.6043795365797863
vn 0.7851527328489182 0.14340990773070814 0.6024689074670536
vn 0.7822256101056014 0.16690012839923501 0.6002228269861438
vn 0.7788667813290521 0.1902273032126016 0.597645471876583
vn 0.775080486753877 0.21338775333318266 0.5947402002393903
vn 0.7708690760851444 0.2363861500705278 0.5915086268098461
vn 0.7662315295272238 0.2592370485274825 0.5879501644094768
vn 0.761162337478207 0.2819668638910727 0.5840604280998203
vn 0.7556493856962895 0.304616122575141 0.5798301680355266
vn 0.7496715851086583 0.32724261576399144 0.575243239776542
vn 0.7431955246355537 0.3499256925572336 0.570273988403841
vn 0.7361707532320834 0.37277208973601605 0.5648836970559078
vn 0.7285230164121805 0.39592424058779657 0.5590153935918709
vn 0.7201440401735981 0.41957277452335945 0.5525859646075143
vn 0.7108755728496925 0.4439752710907829 0.5454739944172291
vn 0.7004833101032092 0.4694860198861894 0.5374997761843963
vn 0.6886119753584901 0.49660541965868266 0.5283905795512462
vn 0.674702121346451 0.5260665521510324 0.5177171333445747
vn 0.6578231448366617 0.5589995975564409 0.5047654505301858
vn 0.6362953297176432 0.5972800955194736 0.4882465984272335
vn 0.6066672161482229 0.6444015455722617 0.46551212327397606
vn 0.5599003483097439 0.7084719600584986 0.42962667721348097
vn 0.42287349430177107 0.8461024110980622 0.3244822302546871
vn 0.40736523498843163 0.8581059623158321 0.31258234556807496
vn 0.7933533356858266 4.6124480196339085e-9 0.6087614350106061
vn 0.8659626510210177 0.012037859666267754 0.49996377565910344
vn 0.8657744342987044 0.024073168124094393 0.49985509049246235
vn 0.8650223627382305 0.04811542861832355 0.4994208821141185
vn 0.8637716845473435 0.07209680292277504 0.4986988349520769
vn 0.8620264163650588 0.09598921494948041 0.49769119753336666
vn 0.859791744519088 0.11976738863738041 0.4964009756998932
vn 0.8570736226639837 0.1434099107633319 0.49483169141485733
vn 0.8538783620087521 0.16690012483079475 0.4929869077619767
vn 0.8502118521577976 0.1902272984538554 0.49087002492854986
vn 0.8460787526684748 0.21338775733725146 0.48848378611939236
vn 0.8414815534575197 0.23638614647774575 0.4858295842619315
vn 0.8364192280176359 0.2592370520262784 0.4829068500850931
vn 0.830885690683551 0.28196685907356833 0.47971205884520435
vn 0.8248677278518393 0.30461612435354735 0.47623759651288367
vn 0.8183423486431252 0.3272426210649865 0.4724701761759902
vn 0.8112730813262473 0.3499256896614233 0.46838872662607234
vn 0.8036048385153969 0.3727720963272824 0.4639614506771077
vn 0.7952565610260522 0.39592424331080245 0.459141585683311
vn 0.7861100510954785 0.4195727746357924 0.45386085351249067
vn 0.7759925662454153 0.44397526632606216 0.4480195308494452
vn 0.7646483862928245 0.4694860331119664 0.44146994241122356
vn 0.7516896155768275 0.4966054278643533 0.4339882151045393
vn 0.7365055820779896 0.5260665517076504 0.4252217195092275
vn 0.7180804783592595 0.5589996115201827 0.41458396124261954
vn 0.6945807294698545 0.5972800813838257 0.4010163520746445
vn 0.662238602796891 0.64440155508728 0.38234365270881204
vn 0.6111878756341903 0.7084719542900475 0.3528694810580908
vn 0.46160918029022013 0.8461024083555483 0.2665101860093381
vn 0.4446803648267681 0.8581059611493292 0.25673630942567943
vn 0.8660253966723364 4.6124479685083026e-9 0.5000000123185223
vn 0.9238125850104192 0.012037859517499265 0.3826557169501114
vn 0.9236117952542556 0.024073167997060798 0.38257252155610466
vn 0.9228094775060269 0.04811542832258605 0.382240204298799
vn 0.9214752689339489 0.07209680054806539 0.38168754249233605
vn 0.9196134007443417 0.09598921028330794 0.3809163486654436
vn 0.9172294313754837 0.11976739246216297 0.3799288642909635
vn 0.9143297470936039 0.1434099046599501 0.37872775555162336
vn 0.9109210195557528 0.16690012489387163 0.37731584175849
vn 0.9070095530678182 0.19022730225235954 0.3756956802007528
vn 0.9026003585249947 0.21338776002901275 0.37386930424996334
vn 0.8976960338331714 0.23638615423329812 0.3718378906553027
vn 0.8922955306083348 0.2592370484619711 0.3696009182362997
vn 0.8863923325670574 0.2819668579377234 0.36715572144671627
vn 0.8799723493371849 0.3046161271282599 0.3644964739135005
vn 0.8730110564024568 0.32724261426088935 0.36161300697121646
vn 0.8654695184350755 0.34992569810783564 0.35848921666279215
vn 0.8572890092779861 0.37277209455736143 0.35510071823425904
vn 0.8483830265047422 0.3959242483174329 0.3514117669244013
vn 0.838625498707392 0.41957277461902215 0.34737006162919837
vn 0.8278321211889774 0.4439752796697708 0.342899300334525
vn 0.8157300976717082 0.46948602954567603 0.3378864836212627
vn 0.8019056346567002 0.496605427706527 0.332160205741525
vn 0.7857072516626125 0.5260665526029553 0.32545060595615166
vn 0.7660512862028726 0.5589995934899539 0.3173088107585276
vn 0.7409816295885818 0.5972800779588076 0.3069246374694778
vn 0.7064789435667214 0.6444015413588345 0.29263314199045765
vn 0.6520177795475761 0.7084719618550969 0.27007460898618113
vn 0.4924466003814188 0.8461024147810048 0.20397806125791001
vn 0.47438687244365246 0.858105960370809 0.1964974707959911
vn 0.9238795327482622 4.6124479917159416e-9 0.3826834317929807
vn 0.9658558359501189 0.012037859286845325 0.25880029772951796
vn 0.9656459028921859 0.02407316847539007 0.25874402947138836
vn 0.9648070785231277 0.04811542780800667 0.25851925815791743
vn 0.963412139275733 0.07209680032115486 0.2581455040855979
vn 0.9614655431928291 0.09598921295731332 0.25762391241644056
vn 0.9589730688871064 0.11976739253571647 0.256956075690848
vn 0.9559414192703704 0.14340990490677769 0.2561437137584661
vn 0.9523775647415519 0.16690012935059273 0.2551887948161249
vn 0.948288093724623 0.1902273020646912 0.2540930240075657
vn 0.9436782238935219 0.21338776288725597 0.2528578106350289
vn 0.9385507064019464 0.23638614904468405 0.251483916090536
vn 0.9329044202805832 0.2592370504536489 0.24997098690256336
vn 0.9267325556811 0.2819668697940911 0.24831724583544112
vn 0.9200203984484725 0.30461612243487524 0.24651873030553897
vn 0.9127422969867691 0.32724260576282344 0.2445685512588929
vn 0.9048575377773522 0.34992570515987337 0.24245584586863045
vn 0.8963047223656012 0.37277209582623483 0.2401641297913551
vn 0.8869934327660226 0.3959242513147806 0.23766917648441016
vn 0.8767918374610247 0.4195727718539872 0.2349356568945678
vn 0.8655072475389274 0.4439752710641282 0.23191197282832102
vn 0.8528544479695499 0.4694860374761701 0.22852166460420853
vn 0.8384008363208784 0.4966054234441015 0.22464881718441473
vn 0.8214652533852325 0.5260665413869519 0.22011095273499315
vn 0.8009147104523484 0.5589996019715833 0.21460445376702342
vn 0.774704116586202 0.5972800988755581 0.20758134605882975
vn 0.7386311935907982 0.6444015544119759 0.1979156298175112
vn 0.6816915123952444 0.7084719383093171 0.18265868322235215
vn 0.5148581264616523 0.8461024162217334 0.13795582945327822
vn 0.49597648281067586 0.8581059660709919 0.13289649917180302
vn 0.9659258248822901 4.612447910517526e-9 0.2588190503526887
vn 0.9913730228424479 0.012037859544945418 0.13051674037380595
vn 0.9911575397656935 0.024073168830337607 0.13048836694542446
vn 0.9902965521573229 0.048115428999328795 0.1303750140077808
vn 0.988864765051579 0.0720968012428552 0.13018651116776123
vn 0.9868667385491445 0.09598921492064634 0.12992348118909247
vn 0.984308421204612 0.11976739014201146 0.12958666676882802
vn 0.9811966682585346 0.14340991166714076 0.129176992665002
vn 0.9775386622726516 0.16690013102952242 0.12869541570904086
vn 0.9733411536689861 0.19022729732854055 0.12814278725471165
vn 0.9686094942074839 0.21338775365254786 0.1275198585407062
vn 0.9633465165286041 0.23638614413458836 0.1268269685571065
vn 0.9575510553411934 0.259237049178407 0.12606398672197763
vn 0.9512161386873372 0.28196685837419766 0.12522998155129428
vn 0.9443266467652828 0.3046161258861827 0.12432296674038261
vn 0.936856259508673 0.32724260923127524 0.12333946539094737
vn 0.9287631990639013 0.3499256924380652 0.12227399493076499
vn 0.919984417124639 0.3727721044160228 0.12111824972764612
vn 0.9104271409007643 0.39592423504098273 0.11986000675151263
vn 0.8999560123438631 0.4195727819775152 0.1184814604475359
vn 0.8883733042580245 0.4439752642589519 0.11695656034559582
vn 0.8753862308114967 0.46948602404804324 0.11524677925738853
vn 0.8605507551306619 0.4966054225574091 0.11329365441464351
vn 0.8431677416017155 0.526066553761094 0.11100513743151079
vn 0.8220742841507247 0.5589995912675162 0.10822813082014944
vn 0.7951712189197081 0.5972800983748423 0.10468627745356322
vn 0.7581452759124812 0.6444015529964718 0.09981171828659838
vn 0.6997012609968494 0.708471965409124 0.09211742282951672
vn 0.5284603153547305 0.8461024029769405 0.06957311816948915
vn 0.5090798164334142 0.8581059616819744 0.06702163103040082
vn 0.9914448619953723 4.612447813179205e-9 0.13052618749882025
vn 0.9999275423435722 0.012037859558224534 6.122790364583558e-17
vn 0.9997101992853991 0.02407316856477251 6.121459446252042e-17
vn 0.9988417819887918 0.04811542947387118 6.116141804554382e-17
vn 0.9973976395224643 0.07209680072663728 6.107299322813229e-17
vn 0.9953823742655294 0.09598921294352647 6.094959279263396e-17
vn 0.9928019801492269 0.11976739210559016 6.079158868319249e-17
vn 0.9896633759915855 0.14340990977243387 6.0599404702802e-17
vn 0.9859738073564434 0.16690012344824443 6.037348261581062e-17
vn 0.9817400741205738 0.19022730315527828 6.011424030619868e-17
vn 0.9769675858247077 0.21338776030466788 5.982201369487412e-17
vn 0.9716591928041286 0.23638615238467134 5.949696459581545e-17
vn 0.9658137230697739 0.2592370581728278 5.913903468302346e-17
vn 0.9594241430087329 0.2819668665144156 5.874778353918676e-17
vn 0.9524752041956114 0.3046161279258342 5.832228900634293e-17
vn 0.9449403511497483 0.3272426206486411 5.786090803461989e-17
vn 0.936777460181208 0.3499256922497192 5.736107705144057e-17
vn 0.9279229261029122 0.3727721062695131 5.681889201580161e-17
vn 0.9182831762994682 0.39592424543763377 5.62286285646878e-17
vn 0.9077217022050138 0.419572772407877 5.558192504455159e-17
vn 0.8960390450327769 0.44397525806822774 5.4866564326711224e-17
vn 0.8829398956395704 0.46948603886376034 5.4064476461730106e-17
vn 0.8679764152873346 0.4966054193270028 5.31482263714537e-17
vn 0.8504434135922746 0.5260665359795462 5.207463873910952e-17
vn 0.8291679186054784 0.558999608904567 5.077189369156465e-17
vn 0.8020327225387405 0.5972800950785953 4.911033913737285e-17
vn 0.7646872904046059 0.6444015424358183 4.6823590324051287e-17
vn 0.7057389647046964 0.7084719568885866 4.321404950994183e-17
vn 0.5330203713758571 0.8461024073351542 3.263808492771687e-17
vn 0.5134726263300654 0.8581059736476057 3.1441132365772524e-17
vn 1 4.6124478548712185e-9 6.12323375809224e-17
vn 0.9913730228424479 0.012037859544945418 -0.13051674037380595
vn 0.9911575397656935 0.024073168830337607 -0.13048836694542446
vn 0.9902965521573229 0.048115428999328795 -0.1303750140077808
vn 0.988864765051579 0.0720968012428552 -0.13018651116776123
vn 0.9868667385491445 0.09598921492064634 -0.12992348118909247
vn 0.984308421204612 0.11976739014201146 -0.12958666676882802
vn 0.9811966682585346 0.14340991166714076 -0.129176992665002
vn 0.9775386622726516 0.16690013102952242 -0.12869541570904086
vn 0.9733411536689861 0.19022729732854055 -0.12814278725471165
vn 0.9686094942074839 0.21338775365254786 -0.1275198585407062
vn 0.9633465165286041 0.23638614413458836 -0.1268269685571065
vn 0.9575510553411934 0.259237049178407 -0.12606398672197763
vn 0.9512161386873372 0.28196685837419766 -0.12522998155129428
vn 0.9443266467652828 0.3046161258861827 -0.12432296674038261
vn 0.936856259508673 0.32724260923127524 -0.12333946539094737
vn 0.9287631990639013 0.3499256924380652 -0.12227399493076499
vn 0.919984417124639 0.3727721044160228 -0.12111824972764612
vn 0.9104271409007643 0.39592423504098273 -0.11986000675151263
vn 0.8999560123438631 0.4195727819775152 -0.1184814604475359
vn 0.8883733042580245 0.4439752642589519 -0.11695656034559582
vn 0.8753862308114967 0.46948602404804324 -0.11524677925738853
vn 0.8605507551306619 0.4966054225574091 -0.11329365441464351
vn 0.8431677416017155 0.526066553761094 -0.11100513743151079
vn 0.8220742841507247 0.5589995912675162 -0.10822813082014944
vn 0.7951712189197081 0.5972800983748423 -0.10468627745356322
vn 0.7581452759124812 0.6444015529964718 -0.09981171828659838
vn 0.6997012609968494 0.708471965409124 -0.09211742282951672
vn 0.5284603153547305 0.8461024029769405 -0.06957311816948915
vn 0.5090798164334142 0.8581059616819744 -0.06702163103040082
vn 0.9914448619953723 4.612447813179205e-9 -0.13052618749882025
vn 0.9658558359501189 0.012037859286845325 -0.25880029772951796
vn 0.9656459028921859 0.02407316847539007 -0.25874402947138836
vn 0.9648070785231277 0.04811542780800667 -0.25851925815791743
vn 0.963412139275733 0.07209680032115486 -0.2581455040855979
vn 0.9614655431928291 0.09598921295731332 -0.25762391241644056
vn 0.9589730688871064 0.11976739253571647 -0.256956075690848
vn 0.9559414192703704 0.14340990490677769 -0.2561437137584661
vn 0.9523775647415519 0.16690012935059273 -0.2551887948161249
vn 0.948288093724623 0.1902273020646912 -0.2540930240075657
vn 0.9436782238935219 0.21338776288725597 -0.2528578106350289
vn 0.9385507064019464 0.23638614904468405 -0.251483916090536
vn 0.9329044202805832 0.2592370504536489 -0.24997098690256336
vn 0.9267325556811 0.2819668697940911 -0.24831724583544112
vn 0.9200203984484725 0.30461612243487524 -0.24651873030553897
vn 0.9127422969867691 0.32724260576282344 -0.2445685512588929
vn 0.9048575377773522 0.34992570515987337 -0.24245584586863045
vn 0.8963047223656012 0.37277209582623483 -0.2401641297913551
vn 0.8869934327660226 0.3959242513147806 -0.23766917648441016
vn 0.8767918374610247 0.4195727718539872 -0.2349356568945678
vn 0.8655072475389274 0.4439752710641282 -0.23191197282832102
vn 0.8528544479695499 0.4694860374761701 -0.22852166460420853
vn 0.8384008363208784 0.4966054234441015 -0.22464881718441473
vn 0.8214652533852325 0.5260665413869519 -0.22011095273499315
vn 0.8009147104523484 0.5589996019715833 -0.21460445376702342
vn 0.774704116586202 0.5972800988755581 -0.20758134605882975
vn 0.7386311935907982 0.6444015544119759 -0.1979156298175112
vn 0.6816915123952444 0.7084719383093171 -0.18265868322235215
vn 0.5148581264616523 0.8461024162217334 -0.13795582945327822
vn 0.49597648281067586 0.8581059660709919 -0.13289649917180302
vn 0.9659258248822901 4.612447910517526e-9 -0.2588190503526887
vn 0.9238125850104192 0.012037859517499265 -0.3826557169501114
vn 0.9236117952542556 0.024073167997060798 -0.38257252155610466
vn 0.9228094775060269 0.04811542832258605 -0.382240204298799
vn 0.9214752689339489 0.07209680054806539 -0.38168754249233605
vn 0.9196134007443417 0.09598921028330794 -0.3809163486654436
vn 0.9172294313754837 0.11976739246216297 -0.3799288642909635
vn 0.9143297470936039 0.1434099046599501 -0.37872775555162336
vn 0.9109210195557528 0.16690012489387163 -0.37731584175849
vn 0.9070095530678182 0.19022730225235954 -0.3756956802007528
vn 0.9026003585249947 0.21338776002901275 -0.37386930424996334
vn 0.8976960338331714 0.23638615423329812 -0.3718378906553027
vn 0.8922955306083348 0.2592370484619711 -0.3696009182362997
vn 0.8863923325670574 0.2819668579377234 -0.36715572144671627
vn 0.8799723493371849 0.3046161271282599 -0.3644964739135005
vn 0.8730110564024568 0.32724261426088935 -0.36161300697121646
vn 0.8654695184350755 0.34992569810783564 -0.35848921666279215
vn 0.8572890092779861 0.37277209455736143 -0.35510071823425904
vn 0.8483830265047422 0.3959242483174329 -0.3514117669244013
vn 0.838625498707392 0.41957277461902215 -0.34737006162919837
vn 0.8278321211889774 0.4439752796697708 -0.342899300334525
vn 0.8157300976717082 0.46948602954567603 -0.3378864836212627
vn 0.8019056346567002 0.496605427706527 -0.332160205741525
vn 0.7857072516626125 0.5260665526029553 -0.32545060595615166
vn 0.7660512862028726 0.5589995934899539 -0.3173088107585276
vn 0.7409816295885818 0.5972800779588076 -0.3069246374694778
vn 0.7064789435667214 0.6444015413588345 -0.29263314199045765
vn 0.6520177795475761 0.7084719618550969 -0.27007460898618113
vn 0.4924466003814188 0.8461024147810048 -0.20397806125791001
vn 0.47438687244365246 0.858105960370809 -0.1964974707959911
vn 0.9238795327482622 4.6124479917159416e-9 -0.3826834317929807
vn 0.8659626510210177 0.012037859666267754 -0.49996377565910344
vn 0.8657744342987044 0.024073168124094393 -0.49985509049246235
vn 0.8650223627382305 0.04811542861832355 -0.4994208821141185
vn 0.8637716845473435 0.07209680292277504 -0.4986988349520769
vn 0.8620264163650588 0.09598921494948041 -0.49769119753336666
vn 0.859791744519088 0.11976738863738041 -0.4964009756998932
vn 0.8570736226639837 0.1434099107633319 -0.49483169141485733
vn 0.8538783620087521 0.16690012483079475 -0.4929869077619767
vn 0.8502118521577976 0.1902272984538554 -0.49087002492854986
vn 0.8460787526684748 0.21338775733725146 -0.48848378611939236
vn 0.8414815534575197 0.23638614647774575 -0.4858295842619315
vn 0.8364192280176359 0.2592370520262784 -0.4829068500850931
vn 0.830885690683551 0.28196685907356833 -0.47971205884520435
vn 0.8248677278518393 0.30461612435354735 -0.47623759651288367
vn 0.8183423486431252 0.3272426210649865 -0.4724701761759902
vn 0.8112730813262473 0.3499256896614233 -0.46838872662607234
vn 0.8036048385153969 0.3727720963272824 -0.4639614506771077
vn 0.7952565610260522 0.39592424331080245 -0.459141585683311
vn 0.7861100510954785 0.4195727746357924 -0.45386085351249067
vn 0.7759925662454153 0.44397526632606216 -0.4480195308494452
vn 0.7646483862928245 0.4694860331119664 -0.44146994241122356
vn 0.7516896155768275 0.4966054278643533 -0.4339882151045393
vn 0.7365055820779896 0.5260665517076504 -0.4252217195092275
vn 0.7180804783592595 0.5589996115201827 -0.41458396124261954
vn 0.6945807294698545 0.5972800813838257 -0.4010163520746445
vn 0.662238602796891 0.64440155508728 -0.38234365270881204
vn 0.6111878756341903 0.7084719542900475 -0.3528694810580908
vn 0.46160918029022013 0.8461024083555483 -0.2665101860093381
vn 0.4446803648267681 0.8581059611493292 -0.25673630942567943
vn 0.8660253966723364 4.6124479685083026e-9 -0.5000000123185223
vn 0.7932958561102639 0.01203785923485546 -0.6087173191419193
vn 0.7931234298027668 0.024073168809881515 -0.6085850044499508
vn 0.7924344527496139 0.04811542846338049 -0.6080563655116237
vn 0.7912887499699762 0.07209680379649273 -0.6071772105845892
vn 0.789689932661804 0.09598920930221155 -0.6059503956184299
vn 0.7876427793880245 0.1197673905598288 -0.6043795365797863
vn 0.7851527328489182 0.14340990773070814 -0.6024689074670536
vn 0.7822256101056014 0.16690012839923501 -0.6002228269861438
vn 0.7788667813290521 0.1902273032126016 -0.597645471876583
vn 0.775080486753877 0.21338775333318266 -0.5947402002393903
vn 0.7708690760851444 0.2363861500705278 -0.5915086268098461
vn 0.7662315295272238 0.2592370485274825 -0.5879501644094768
vn 0.761162337478207 0.2819668638910727 -0.5840604280998203
vn 0.7556493856962895 0.304616122575141 -0.5798301680355266
vn 0.7496715851086583 0.32724261576399144 -0.575243239776542
vn 0.7431955246355537 0.3499256925572336 -0.570273988403841
vn 0.7361707532320834 0.37277208973601605 -0.5648836970559078
vn 0.7285230164121805 0.39592424058779657 -0.5590153935918709
vn 0.7201440401735981 0.41957277452335945 -0.5525859646075143
vn 0.7108755728496925 0.4439752710907829 -0.5454739944172291
vn 0.7004833101032092 0.4694860198861894 -0.5374997761843963
vn 0.6886119753584901 0.49660541965868266 -0.5283905795512462
vn 0.674702121346451 0.5260665521510324 -0.5177171333445747
vn 0.6578231448366617 0.5589995975564409 -0.5047654505301858
vn 0.6362953297176432 0.5972800955194736 -0.4882465984272335
vn 0.6066672161482229 0.6444015455722617 -0.46551212327397606
vn 0.5599003483097439 0.7084719600584986 -0.42962667721348097
vn 0.42287349430177107 0.8461024110980622 -0.3244822302546871
vn 0.40736523498843163 0.8581059623158321 -0.31258234556807496
vn 0.7933533356858266 4.6124480196339085e-9 -0.6087614350106061
vn 0.7070555458918562 0.01203785891005645 -0.7070555458918562
vn 0.7069018611274296 0.024073169071648248 -0.7069018611274296
vn 0.7062877974175666 0.04811542827497748 -0.7062877974175666
vn 0.705266634470277 0.07209680024756641 -0.705266634470277
vn 0.703841626753196 0.09598921240863437 -0.703841626753196
vn 0.7020170126528212 0.11976739077068133 -0.7020170126528212
vn 0.6997976845681678 0.14340990672217224 -0.6997976845681678
vn 0.6971887655275443 0.16690012116340053 -0.6971887655275443
vn 0.6941950652107838 0.19022729266325392 -0.6941950652107838
vn 0.6908204049343497 0.2133877603160084 -0.6908204049343497
vn 0.6870668039985293 0.23638615375375363 -0.6870668039985293
vn 0.682933435342751 0.25923704554306504 -0.682933435342751
vn 0.6784153163152171 0.28196687248300606 -0.6784153163152171
vn 0.6735016762148891 0.3046161260857167 -0.6735016762148891
vn 0.6681737318501493 0.3272426135620016 -0.6681737318501493
vn 0.6624016912401236 0.34992570480667423 -0.6624016912401236
vn 0.6561406000375716 0.3727720831348172 -0.6561406000375716
vn 0.6493242587586195 0.39592425282513105 -0.6493242587586195
vn 0.6418561755053881 0.41957275880494554 -0.6418561755053881
vn 0.6335952822136223 0.443975265880072 -0.6335952822136223
vn 0.6243327903475783 0.469486031521294 -0.6243327903475783
vn 0.6137520066903729 0.4966054254305737 -0.6137520066903729
vn 0.6013543019167197 0.5260665424948726 -0.6013543019167197
vn 0.5863102645097135 0.5589995952244506 -0.5863102645097135
vn 0.5671227733022809 0.5972801017980255 -0.5671227733022809
vn 0.540715568570892 0.6444015423709923 -0.540715568570892
vn 0.4990328175624313 0.7084719429810912 -0.4990328175624313
vn 0.3769023111214776 0.8461024144526346 -0.3769023111214776
vn 0.3630799949661847 0.8581059576245293 -0.3630799949661847
vn 0.7071067811865476 4.6124477109405255e-9 -0.7071067811865476
vn 0.6087173191419193 0.01203785923485546 -0.7932958561102639
vn 0.6085850044499508 0.024073168809881515 -0.7931234298027668
vn 0.6080563655116237 0.04811542846338049 -0.7924344527496139
vn 0.6071772105845892 0.07209680379649273 -0.7912887499699762
vn 0.6059503956184299 0.09598920930221155 -0.789689932661804
vn 0.6043795365797863 0.1197673905598288 -0.7876427793880245
vn 0.6024689074670536 0.14340990773070814 -0.7851527328489182
vn 0.6002228269861438 0.16690012839923501 -0.7822256101056014
vn 0.597645471876583 0.1902273032126016 -0.7788667813290521
vn 0.5947402002393903 0.21338775333318266 -0.775080486753877
vn 0.5915086268098461 0.2363861500705278 -0.7708690760851444
vn 0.5879501644094768 0.2592370485274825 -0.7662315295272238
vn 0.5840604280998203 0.2819668638910727 -0.761162337478207
vn 0.5798301680355266 0.304616122575141 -0.7556493856962895
vn 0.575243239776542 0.32724261576399144 -0.7496715851086583
vn 0.570273988403841 0.3499256925572336 -0.7431955246355537
vn 0.5648836970559078 0.37277208973601605 -0.7361707532320834
vn 0.5590153935918709 0.39592424058779657 -0.7285230164121805
vn 0.5525859646075143 0.41957277452335945 -0.7201440401735981
vn 0.5454739944172291 0.4439752710907829 -0.7108755728496925
vn 0.5374997761843963 0.4694860198861894 -0.7004833101032092
vn 0.5283905795512462 0.49660541965868266 -0.6886119753584901
vn 0.5177171333445747 0.5260665521510324 -0.674702121346451
vn 0.5047654505301858 0.5589995975564409 -0.6578231448366617
vn 0.4882465984272335 0.5972800955194736 -0.6362953297176432
vn 0.46551212327397606 0.6444015455722617 -0.6066672161482229
vn 0.42962667721348097 0.7084719600584986 -0.5599003483097439
vn 0.3244822302546871 0.8461024110980622 -0.42287349430177107
vn 0.31258234556807496 0.8581059623158321 -0.40736523498843163
vn 0.6087614350106061 4.6124480196339085e-9 -0.7933533356858266
vn 0.49996377565910344 0.012037859666267754 -0.8659626510210177
vn 0.49985509049246235 0.024073168124094393 -0.8657744342987044
vn 0.4994208821141185 0.04811542861832355 -0.8650223627382305
vn 0.4986988349520769 0.07209680292277504 -0.8637716845473435
vn 0.49769119753336666 0.09598921494948041 -0.8620264163650588
vn 0.4964009756998932 0.11976738863738041 -0.859791744519088
vn 0.49483169141485733 0.1434099107633319 -0.8570736226639837
vn 0.4929869077619767 0.16690012483079475 -0.8538783620087521
vn 0.49087002492854986 0.1902272984538554 -0.8502118521577976
vn 0.48848378611939236 0.21338775733725146 -0.8460787526684748
vn 0.4858295842619315 0.23638614647774575 -0.8414815534575197
vn 0.4829068500850931 0.2592370520262784 -0.8364192280176359
vn 0.47971205884520435 0.28196685907356833 -0.830885690683551
vn 0.47623759651288367 0.30461612435354735 -0.8248677278518393
vn 0.4724701761759902 0.3272426210649865 -0.8183423486431252
vn 0.46838872662607234 0.3499256896614233 -0.8112730813262473
vn 0.4639614506771077 0.3727720963272824 -0.8036048385153969
vn 0.459141585683311 0.39592424331080245 -0.7952565610260522
vn 0.45386085351249067 0.4195727746357924 -0.7861100510954785
vn 0.4480195308494452 0.44397526632606216 -0.7759925662454153
vn 0.44146994241122356 0.4694860331119664 -0.7646483862928245
vn 0.4339882151045393 0.4966054278643533 -0.7516896155768275
vn 0.4252217195092275 0.5260665517076504 -0.7365055820779896
vn 0.41458396124261954 0.5589996115201827 -0.7180804783592595
vn 0.4010163520746445 0.5972800813838257 -0.6945807294698545
vn 0.38234365270881204 0.64440155508728 -0.662238602796891
vn 0.3528694810580908 0.7084719542900475 -0.6111878756341903
vn 0.2665101860093381 0.8461024083555483 -0.46160918029022013
vn 0.25673630942567943 0.8581059611493292 -0.4446803648267681
vn 0.5000000123185223 4.6124479685083026e-9 -0.8660253966723364
vn 0.3826557169501114 0.012037859517499265 -0.9238125850104192
vn 0.38257252155610466 0.024073167997060798 -0.9236117952542556
vn 0.382240204298799 0.04811542832258605 -0.9228094775060269
vn 0.38168754249233605 0.07209680054806539 -0.9214752689339489
vn 0.3809163486654436 0.09598921028330794 -0.9196134007443417
vn 0.3799288642909635 0.11976739246216297 -0.9172294313754837
vn 0.37872775555162336 0.1434099046599501 -0.9143297470936039
vn 0.37731584175849 0.16690012489387163 -0.9109210195557528
vn 0.3756956802007528 0.19022730225235954 -0.9070095530678182
vn 0.37386930424996334 0.21338776002901275 -0.9026003585249947
vn 0.3718378906553027 0.23638615423329812 -0.8976960338331714
vn 0.3696009182362997 0.2592370484619711 -0.8922955306083348
vn 0.36715572144671627 0.2819668579377234 -0.8863923325670574
vn 0.3644964739135005 0.3046161271282599 -0.8799723493371849
vn 0.36161300697121646 0.32724261426088935 -0.8730110564024568
vn 0.35848921666279215 0.34992569810783564 -0.8654695184350755
vn 0.35510071823425904 0.37277209455736143 -0.8572890092779861
vn 0.3514117669244013 0.3959242483174329 -0.8483830265047422
vn 0.34737006162919837 0.41957277461902215 -0.838625498707392
vn 0.342899300334525 0.4439752796697708 -0.8278321211889774
vn 0.3378864836212627 0.46948602954567603 -0.8157300976717082
vn 0.332160205741525 0.496605427706527 -0.8019056346567002
vn 0.32545060595615166 0.5260665526029553 -0.7857072516626125
vn 0.3173088107585276 0.5589995934899539 -0.7660512862028726
vn 0.3069246374694778 0.5972800779588076 -0.7409816295885818
vn 0.29263314199045765 0.6444015413588345 -0.7064789435667214
vn 0.27007460898618113 0.7084719618550969 -0.6520177795475761
vn 0.20397806125791001 0.8461024147810048 -0.4924466003814188
vn 0.1964974707959911 0.858105960370809 -0.47438687244365246
vn 0.3826834317929807 4.6124479917159416e-9 -0.9238795327482622
vn 0.25880029772951796 0.012037859286845325 -0.9658558359501189
vn 0.25874402947138836 0.02407316847539007 -0.9656459028921859
vn 0.25851925815791743 0.04811542780800667 -0.9648070785231277
vn 0.2581455040855979 0.07209680032115486 -0.963412139275733
vn 0.25762391241644056 0.09598921295731332 -0.9614655431928291
vn 0.256956075690848 0.11976739253571647 -0.9589730688871064
vn 0.2561437137584661 0.14340990490677769 -0.9559414192703704
vn 0.2551887948161249 0.16690012935059273 -0.9523775647415519
vn 0.2540930240075657 0.1902273020646912 -0.948288093724623
vn 0.2528578106350289 0.21338776288725597 -0.9436782238935219
vn 0.251483916090536 0.23638614904468405 -0.9385507064019464
vn 0.24997098690256336 0.2592370504536489 -0.9329044202805832
vn 0.24831724583544112 0.2819668697940911 -0.9267325556811
vn 0.24651873030553897 0.30461612243487524 -0.9200203984484725
vn 0.2445685512588929 0.32724260576282344 -0.9127422969867691
vn 0.24245584586863045 0.34992570515987337 -0.9048575377773522
vn 0.2401641297913551 0.37277209582623483 -0.8963047223656012
vn 0.23766917648441016 0.3959242513147806 -0.8869934327660226
vn 0.2349356568945678 0.4195727718539872 -0.8767918374610247
vn 0.23191197282832102 0.4439752710641282 -0.8655072475389274
vn 0.22852166460420853 0.4694860374761701 -0.8528544479695499
vn 0.22464881718441473 0.4966054234441015 -0.8384008363208784
vn 0.22011095273499315 0.5260665413869519 -0.8214652533852325
vn 0.21460445376702342 0.5589996019715833 -0.8009147104523484
vn 0.20758134605882975 0.5972800988755581 -0.774704116586202
vn 0.1979156298175112 0.6444015544119759 -0.7386311935907982
vn 0.18265868322235215 0.7084719383093171 -0.6816915123952444
vn 0.13795582945327822 0.8461024162217334 -0.5148581264616523
vn 0.13289649917180302 0.8581059660709919 -0.49597648281067586
vn 0.2588190503526887 4.612447910517526e-9 -0.9659258248822901
vn 0.13051674037380595 0.012037859544945418 -0.9913730228424479
vn 0.13048836694542446 0.024073168830337607 -0.9911575397656935
vn 0.1303750140077808 0.048115428999328795 -0.9902965521573229
vn 0.13018651116776123 0.0720968012428552 -0.988864765051579
vn 0.12992348118909247 0.09598921492064634 -0.9868667385491445
vn 0.12958666676882802 0.11976739014201146 -0.984308421204612
vn 0.129176992665002 0.14340991166714076 -0.9811966682585346
vn 0.12869541570904086 0.16690013102952242 -0.9775386622726516
vn 0.12814278725471165 0.19022729732854055 -0.9733411536689861
vn 0.1275198585407062 0.21338775365254786 -0.9686094942074839
vn 0.1268269685571065 0.23638614413458836 -0.9633465165286041
vn 0.12606398672197763 0.259237049178407 -0.9575510553411934
vn 0.12522998155129428 0.28196685837419766 -0.9512161386873372
vn 0.12432296674038261 0.3046161258861827 -0.9443266467652828
vn 0.12333946539094737 0.32724260923127524 -0.936856259508673
vn 0.12227399493076499 0.3499256924380652 -0.9287631990639013
vn 0.12111824972764612 0.3727721044160228 -0.919984417124639
vn 0.11986000675151263 0.39592423504098273 -0.9104271409007643
vn 0.1184814604475359 0.4195727819775152 -0.8999560123438631
vn 0.11695656034559582 0.4439752642589519 -0.8883733042580245
vn 0.11524677925738853 0.46948602404804324 -0.8753862308114967
vn 0.11329365441464351 0.4966054225574091 -0.8605507551306619
vn 0.11100513743151079 0.526066553761094 -0.8431677416017155
vn 0.10822813082014944 0.5589995912675162 -0.8220742841507247
vn 0.10468627745356322 0.5972800983748423 -0.7951712189197081
vn 0.09981171828659838 0.6444015529964718 -0.7581452759124812
vn 0.09211742282951672 0.708471965409124 -0.6997012609968494
vn 0.06957311816948915 0.8461024029769405 -0.5284603153547305
vn 0.06702163103040082 0.8581059616819744 -0.5090798164334142
vn 0.13052618749882025 4.612447813179205e-9 -0.9914448619953723
vn 1.2245580729167117e-16 0.012037859558224534 -0.9999275423435722
vn 1.2242918892504084e-16 0.02407316856477251 -0.9997101992853991
vn 1.2232283609108763e-16 0.04811542947387118 -0.9988417819887918
vn 1.2214598645626458e-16 0.07209680072663728 -0.9973976395224643
vn 1.2189918558526793e-16 0.09598921294352647 -0.9953823742655294
vn 1.2158317736638497e-16 0.11976739210559016 -0.9928019801492269
vn 1.21198809405604e-16 0.14340990977243387 -0.9896633759915855
vn 1.2074696523162124e-16 0.16690012344824443 -0.9859738073564434
vn 1.2022848061239737e-16 0.19022730315527828 -0.9817400741205738
vn 1.1964402738974823e-16 0.21338776030466788 -0.9769675858247077
vn 1.189939291916309e-16 0.23638615238467134 -0.9716591928041286
vn 1.1827806936604692e-16 0.2592370581728278 -0.9658137230697739
vn 1.1749556707837351e-16 0.2819668665144156 -0.9594241430087329
vn 1.1664457801268585e-16 0.3046161279258342 -0.9524752041956114
vn 1.1572181606923977e-16 0.3272426206486411 -0.9449403511497483
vn 1.1472215410288115e-16 0.3499256922497192 -0.936777460181208
vn 1.1363778403160322e-16 0.3727721062695131 -0.9279229261029122
vn 1.124572571293756e-16 0.39592424543763377 -0.9182831762994682
vn 1.1116385008910318e-16 0.419572772407877 -0.9077217022050138
vn 1.0973312865342245e-16 0.44397525806822774 -0.8960390450327769
vn 1.0812895292346021e-16 0.46948603886376034 -0.8829398956395704
vn 1.062964527429074e-16 0.4966054193270028 -0.8679764152873346
vn 1.0414927747821904e-16 0.5260665359795462 -0.8504434135922746
vn 1.015437873831293e-16 0.558999608904567 -0.8291679186054784
vn 9.82206782747457e-17 0.5972800950785953 -0.8020327225387405
vn 9.364718064810257e-17 0.6444015424358183 -0.7646872904046059
vn 8.642809901988365e-17 0.7084719568885866 -0.7057389647046964
vn 6.527616985543374e-17 0.8461024073351542 -0.5330203713758571
vn 6.288226473154505e-17 0.8581059736476057 -0.5134726263300654
vn 1.224646751618448e-16 4.6124478548712185e-9 -1
vn -0.13051674037380595 0.012037859544945418 -0.9913730228424479
vn -0.13048836694542446 0.024073168830337607 -0.9911575397656935
vn -0.1303750140077808 0.048115428999328795 -0.9902965521573229
vn -0.13018651116776123 0.0720968012428552 -0.988864765051579
vn -0.12992348118909247 0.09598921492064634 -0.9868667385491445
vn -0.12958666676882802 0.11976739014201146 -0.984308421204612
vn -0.129176992665002 0.14340991166714076 -0.9811966682585346
vn -0.12869541570904086 0.16690013102952242 -0.9775386622726516
vn -0.12814278725471165 0.19022729732854055 -0.9733411536689861
vn -0.1275198585407062 0.21338775365254786 -0.9686094942074839
vn -0.1268269685571065 0.23638614413458836 -0.9633465165286041
vn -0.12606398672197763 0.259237049178407 -0.9575510553411934
vn -0.12522998155129428 0.28196685837419766 -0.9512161386873372
vn -0.12432296674038261 0.3046161258861827 -0.9443266467652828
vn -0.12333946539094737 0.32724260923127524 -0.936856259508673
vn -0.12227399493076499 0.3499256924380652 -0.9287631990639013
vn -0.12111824972764612 0.3727721044160228 -0.919984417124639
vn -0.11986000675151263 0.39592423504098273 -0.9104271409007643
vn -0.1184814604475359 0.4195727819775152 -0.8999560123438631
vn -0.11695656034559582 0.4439752642589519 -0.8883733042580245
vn -0.11524677925738853 0.46948602404804324 -0.8753862308114967
vn -0.11329365441464351 0.4966054225574091 -0.8605507551306619
vn -0.11100513743151079 0.526066553761094 -0.8431677416017155
vn -0.10822813082014944 0.5589995912675162 -0.8220742841507247
vn -0.10468627745356322 0.5972800983748423 -0.7951712189197081
vn -0.09981171828659838 0.6444015529964718 -0.7581452759124812
vn -0.09211742282951672 0.708471965409124 -0.6997012609968494
vn -0.06957311816948915 0.8461024029769405 -0.5284603153547305
vn -0.06702163103040082 0.8581059616819744 -0.5090798164334142
vn -0.13052618749882025 4.612447813179205e-9 -0.9914448619953723
vn -0.25880029772951796 0.012037859286845325 -0.9658558359501189
vn -0.25874402947138836 0.02407316847539007 -0.9656459028921859
vn -0.25851925815791743 0.04811542780800667 -0.9648070785231277
vn -0.2581455040855979 0.07209680032115486 -0.963412139275733
vn -0.25762391241644056 0.09598921295731332 -0.9614655431928291
vn -0.256956075690848 0.11976739253571647 -0.9589730688871064
vn -0.2561437137584661 0.14340990490677769 -0.9559414192703704
vn -0.2551887948161249 0.16690012935059273 -0.9523775647415519
vn -0.2540930240075657 0.1902273020646912 -0.948288093724623
vn -0.2528578106350289 0.21338776288725597 -0.9436782238935219
vn -0.251483916090536 0.23638614904468405 -0.9385507064019464
vn -0.24997098690256336 0.2592370504536489 -0.9329044202805832
vn -0.24831724583544112 0.2819668697940911 -0.9267325556811
vn -0.24651873030553897 0.30461612243487524 -0.9200203984484725
vn -0.2445685512588929 0.32724260576282344 -0.9127422969867691
vn -0.24245584586863045 0.34992570515987337 -0.9048575377773522
vn -0.2401641297913551 0.37277209582623483 -0.8963047223656012
vn -0.23766917648441016 0.3959242513147806 -0.8869934327660226
vn -0.2349356568945678 0.4195727718539872 -0.8767918374610247
vn -0.23191197282832102 0.4439752710641282 -0.8655072475389274
vn -0.22852166460420853 0.4694860374761701 -0.8528544479695499
vn -0.22464881718441473 0.4966054234441015 -0.8384008363208784
vn -0.22011095273499315 0.5260665413869519 -0.8214652533852325
vn -0.21460445376702342 0.5589996019715833 -0.8009147104523484
vn -0.20758134605882975 0.5972800988755581 -0.774704116586202
vn -0.1979156298175112 0.6444015544119759 -0.7386311935907982
vn -0.18265868322235215 0.7084719383093171 -0.6816915123952444
vn -0.13795582945327822 0.8461024162217334 -0.5148581264616523
vn -0.13289649917180302 0.8581059660709919 -0.49597648281067586
vn -0.2588190503526887 4.612447910517526e-9 -0.9659258248822901
vn -0.3826557169501114 0.012037859517499265 -0.9238125850104192
vn -0.38257252155610466 0.024073167997060798 -0.9236117952542556
vn -0.382240204298799 0.04811542832258605 -0.9228094775060269
vn -0.38168754249233605 0.07209680054806539 -0.9214752689339489
vn -0.3809163486654436 0.09598921028330794 -0.9196134007443417
vn -0.3799288642909635 0.11976739246216297 -0.9172294313754837
vn -0.37872775555162336 0.1434099046599501 -0.9143297470936039
vn -0.37731584175849 0.16690012489387163 -0.9109210195557528
vn -0.3756956802007528 0.19022730225235954 -0.9070095530678182
vn -0.37386930424996334 0.21338776002901275 -0.9026003585249947
vn -0.3718378906553027 0.23638615423329812 -0.8976960338331714
vn -0.3696009182362997 0.2592370484619711 -0.8922955306083348
vn -0.36715572144671627 0.2819668579377234 -0.8863923325670574
vn -0.3644964739135005 0.3046161271282599 -0.8799723493371849
vn -0.36161300697121646 0.32724261426088935 -0.8730110564024568
vn -0.35848921666279215 0.34992569810783564 -0.8654695184350755
vn -0.35510071823425904 0.37277209455736143 -0.8572890092779861
vn -0.3514117669244013 0.3959242483174329 -0.8483830265047422
vn -0.34737006162919837 0.41957277461902215 -0.838625498707392
vn -0.342899300334525 0.4439752796697708 -0.8278321211889774
vn -0.3378864836212627 0.46948602954567603 -0.8157300976717082
vn -0.332160205741525 0.496605427706527 -0.8019056346567002
vn -0.32545060595615166 0.5260665526029553 -0.7857072516626125
vn -0.3173088107585276 0.5589995934899539 -0.7660512862028726
vn -0.3069246374694778 0.5972800779588076 -0.7409816295885818
vn -0.29263314199045765 0.6444015413588345 -0.7064789435667214
vn -0.27007460898618113 0.7084719618550969 -0.6520177795475761
vn -0.20397806125791001 0.8461024147810048 -0.4924466003814188
vn -0.1964974707959911 0.858105960370809 -0.47438687244365246
vn -0.3826834317929807 4.6124479917159416e-9 -0.9238795327482622
vn -0.49996377565910344 0.012037859666267754 -0.8659626510210177
vn -0.49985509049246235 0.024073168124094393 -0.8657744342987044
vn -0.4994208821141185 0.04811542861832355 -0.8650223627382305
vn -0.4986988349520769 0.07209680292277504 -0.8637716845473435
vn -0.49769119753336666 0.09598921494948041 -0.8620264163650588
vn -0.4964009756998932 0.11976738863738041 -0.859791744519088
vn -0.49483169141485733 0.1434099107633319 -0.8570736226639837
vn -0.4929869077619767 0.16690012483079475 -0.8538783620087521
vn -0.49087002492854986 0.1902272984538554 -0.8502118521577976
vn -0.48848378611939236 0.21338775733725146 -0.8460787526684748
vn -0.4858295842619315 0.23638614647774575 -0.8414815534575197
vn -0.4829068500850931 0.2592370520262784 -0.8364192280176359
vn -0.47971205884520435 0.28196685907356833 -0.830885690683551
vn -0.47623759651288367 0.30461612435354735 -0.8248677278518393
vn -0.4724701761759902 0.3272426210649865 -0.8183423486431252
vn -0.46838872662607234 0.3499256896614233 -0.8112730813262473
vn -0.4639614506771077 0.3727720963272824 -0.8036048385153969
vn -0.459141585683311 0.39592424331080245 -0.7952565610260522
vn -0.45386085351249067 0.4195727746357924 -0.7861100510954785
vn -0.4480195308494452 0.44397526632606216 -0.7759925662454153
vn -0.44146994241122356 0.4694860331119664 -0.7646483862928245
vn -0.4339882151045393 0.4966054278643533 -0.7516896155768275
vn -0.4252217195092275 0.5260665517076504 -0.7365055820779896
vn -0.41458396124261954 0.5589996115201827 -0.7180804783592595
vn -0.4010163520746445 0.5972800813838257 -0.6945807294698545
vn -0.38234365270881204 0.64440155508728 -0.662238602796891
vn -0.3528694810580908 0.7084719542900475 -0.6111878756341903
vn -0.2665101860093381 0.8461024083555483 -0.46160918029022013
vn -0.25673630942567943 0.8581059611493292 -0.4446803648267681
vn -0.5000000123185223 4.6124479685083026e-9 -0.8660253966723364
vn -0.6087173191419193 0.01203785923485546 -0.7932958561102639
vn -0.6085850044499508 0.024073168809881515 -0.7931234298027668
vn -0.6080563655116237 0.04811542846338049 -0.7924344527496139
vn -0.6071772105845892 0.07209680379649273 -0.7912887499699762
vn -0.6059503956184299 0.09598920930221155 -0.789689932661804
vn -0.6043795365797863 0.1197673905598288 -0.7876427793880245
vn -0.6024689074670536 0.14340990773070814 -0.7851527328489182
vn -0.6002228269861438 0.16690012839923501 -0.7822256101056014
vn -0.597645471876583 0.1902273032126016 -0.7788667813290521
vn -0.5947402002393903 0.21338775333318266 -0.775080486753877
vn -0.5915086268098461 0.2363861500705278 -0.7708690760851444
vn -0.5879501644094768 0.2592370485274825 -0.7662315295272238
vn -0.5840604280998203 0.2819668638910727 -0.761162337478207
vn -0.5798301680355266 0.304616122575141 -0.7556493856962895
vn -0.575243239776542 0.32724261576399144 -0.7496715851086583
vn -0.570273988403841 0.3499256925572336 -0.7431955246355537
vn -0.5648836970559078 0.37277208973601605 -0.7361707532320834
vn -0.5590153935918709 0.39592424058779657 -0.7285230164121805
vn -0.5525859646075143 0.41957277452335945 -0.7201440401735981
vn -0.5454739944172291 0.4439752710907829 -0.7108755728496925
vn -0.5374997761843963 0.4694860198861894 -0.7004833101032092
vn -0.5283905795512462 0.49660541965868266 -0.6886119753584901
vn -0.5177171333445747 0.5260665521510324 -0.674702121346451
vn -0.5047654505301858 0.5589995975564409 -0.6578231448366617
vn -0.4882465984272335 0.5972800955194736 -0.6362953297176432
vn -0.46551212327397606 0.6444015455722617 -0.6066672161482229
vn -0.42962667721348097 0.7084719600584986 -0.5599003483097439
vn -0.3244822302546871 0.8461024110980622 -0.42287349430177107
vn -0.31258234556807496 0.8581059623158321 -0.40736523498843163
vn -0.6087614350106061 4.6124480196339085e-9 -0.7933533356858266
vn -0.7070555458918562 0.01203785891005645 -0.7070555458918562
vn -0.7069018611274296 0.024073169071648248 -0.7069018611274296
vn -0.7062877974175666 0.04811542827497748 -0.7062877974175666
vn -0.705266634470277 0.07209680024756641 -0.705266634470277
vn -0.703841626753196 0.09598921240863437 -0.703841626753196
vn -0.7020170126528212 0.11976739077068133 -0.7020170126528212
vn -0.6997976845681678 0.14340990672217224 -0.6997976845681678
vn -0.6971887655275443 0.16690012116340053 -0.6971887655275443
vn -0.6941950652107838 0.19022729266325392 -0.6941950652107838
vn -0.6908204049343497 0.2133877603160084 -0.6908204049343497
vn -0.6870668039985293 0.23638615375375363 -0.6870668039985293
vn -0.682933435342751 0.25923704554306504 -0.682933435342751
vn -0.6784153163152171 0.28196687248300606 -0.6784153163152171
vn -0.6735016762148891 0.3046161260857167 -0.6735016762148891
vn -0.6681737318501493 0.3272426135620016 -0.6681737318501493
vn -0.6624016912401236 0.34992570480667423 -0.6624016912401236
vn -0.6561406000375716 0.3727720831348172 -0.6561406000375716
vn -0.6493242587586195 0.39592425282513105 -0.6493242587586195
vn -0.6418561755053881 0.41957275880494554 -0.6418561755053881
vn -0.6335952822136223 0.443975265880072 -0.6335952822136223
vn -0.6243327903475783 0.469486031521294 -0.6243327903475783
vn -0.6137520066903729 0.4966054254305737 -0.6137520066903729
vn -0.6013543019167197 0.5260665424948726 -0.6013543019167197
vn -0.5863102645097135 0.5589995952244506 -0.5863102645097135
vn -0.5671227733022809 0.5972801017980255 -0.5671227733022809
vn -0.540715568570892 0.6444015423709923 -0.540715568570892
vn -0.4990328175624313 0.7084719429810912 -0.4990328175624313
vn -0.3769023111214776 0.8461024144526346 -0.3769023111214776
vn -0.3630799949661847 0.8581059576245293 -0.3630799949661847
vn -0.7071067811865476 4.6124477109405255e-9 -0.7071067811865476
vn -0.7932958561102639 0.01203785923485546 -0.6087173191419193
vn -0.7931234298027668 0.024073168809881515 -0.6085850044499508
vn -0.7924344527496139 0.04811542846338049 -0.6080563655116237
vn -0.7912887499699762 0.07209680379649273 -0.6071772105845892
vn -0.789689932661804 0.09598920930221155 -0.6059503956184299
vn -0.7876427793880245 0.1197673905598288 -0.6043795365797863
vn -0.7851527328489182 0.14340990773070814 -0.6024689074670536
vn -0.7822256101056014 0.16690012839923501 -0.6002228269861438
vn -0.7788667813290521 0.1902273032126016 -0.597645471876583
vn -0.775080486753877 0.21338775333318266 -0.5947402002393903
vn -0.7708690760851444 0.2363861500705278 -0.5915086268098461
vn -0.7662315295272238 0.2592370485274825 -0.5879501644094768
vn -0.761162337478207 0.2819668638910727 -0.5840604280998203
vn -0.7556493856962895 0.304616122575141 -0.5798301680355266
vn -0.7496715851086583 0.32724261576399144 -0.575243239776542
vn -0.7431955246355537 0.3499256925572336 -0.570273988403841
vn -0.7361707532320834 0.37277208973601605 -0.5648836970559078
vn -0.7285230164121805 0.39592424058779657 -0.5590153935918709
vn -0.7201440401735981 0.41957277452335945 -0.5525859646075143
vn -0.7108755728496925 0.4439752710907829 -0.5454739944172291
vn -0.7004833101032092 0.4694860198861894 -0.5374997761843963
vn -0.6886119753584901 0.49660541965868266 -0.5283905795512462
vn -0.674702121346451 0.5260665521510324 -0.5177171333445747
vn -0.6578231448366617 0.5589995975564409 -0.5047654505301858
vn -0.6362953297176432 0.5972800955194736 -0.4882465984272335
vn -0.6066672161482229 0.6444015455722617 -0.46551212327397606
vn -0.5599003483097439 0.7084719600584986 -0.42962667721348097
vn -0.42287349430177107 0.8461024110980622 -0.3244822302546871
vn -0.40736523498843163 0.8581059623158321 -0.31258234556807496
vn -0.7933533356858266 4.6124480196339085e-9 -0.6087614350106061
vn -0.8659626510210177 0.012037859666267754 -0.49996377565910344
vn -0.8657744342987044 0.024073168124094393 -0.49985509049246235
vn -0.8650223627382305 0.04811542861832355 -0.4994208821141185
vn -0.8637716845473435 0.07209680292277504 -0.4986988349520769
vn -0.8620264163650588 0.09598921494948041 -0.49769119753336666
vn -0.859791744519088 0.11976738863738041 -0.4964009756998932
vn -0.8570736226639837 0.1434099107633319 -0.49483169141485733
vn -0.8538783620087521 0.16690012483079475 -0.4929869077619767
vn -0.8502118521577976 0.1902272984538554 -0.49087002492854986
vn -0.8460787526684748 0.21338775733725146 -0.48848378611939236
vn -0.8414815534575197 0.23638614647774575 -0.4858295842619315
vn -0.8364192280176359 0.2592370520262784 -0.4829068500850931
vn -0.830885690683551 0.28196685907356833 -0.47971205884520435
vn -0.8248677278518393 0.30461612435354735 -0.47623759651288367
vn -0.8183423486431252 0.3272426210649865 -0.4724701761759902
vn -0.8112730813262473 0.3499256896614233 -0.46838872662607234
vn -0.8036048385153969 0.3727720963272824 -0.4639614506771077
vn -0.7952565610260522 0.39592424331080245 -0.459141585683311
vn -0.7861100510954785 0.4195727746357924 -0.45386085351249067
vn -0.7759925662454153 0.44397526632606216 -0.4480195308494452
vn -0.7646483862928245 0.4694860331119664 -0.44146994241122356
vn -0.7516896155768275 0.4966054278643533 -0.4339882151045393
vn -0.7365055820779896 0.5260665517076504 -0.4252217195092275
vn -0.7180804783592595 0.5589996115201827 -0.41458396124261954
vn -0.6945807294698545 0.5972800813838257 -0.4010163520746445
vn -0.662238602796891 0.64440155508728 -0.38234365270881204
vn -0.6111878756341903 0.7084719542900475 -0.3528694810580908
vn -0.46160918029022013 0.8461024083555483 -0.2665101860093381
vn -0.4446803648267681 0.8581059611493292 -0.25673630942567943
vn -0.8660253966723364 4.6124479685083026e-9 -0.5000000123185223
vn -0.9238125850104192 0.012037859517499265 -0.3826557169501114
vn -0.9236117952542556 0.024073167997060798 -0.38257252155610466
vn -0.9228094775060269 0.04811542832258605 -0.382240204298799
vn -0.9214752689339489 0.07209680054806539 -0.38168754249233605
vn -0.9196134007443417 0.09598921028330794 -0.3809163486654436
vn -0.9172294313754837 0.11976739246216297 -0.3799288642909635
vn -0.9143297470936039 0.1434099046599501 -0.37872775555162336
vn -0.9109210195557528 0.16690012489387163 -0.37731584175849
vn -0.9070095530678182 0.19022730225235954 -0.3756956802007528
vn -0.9026003585249947 0.21338776002901275 -0.37386930424996334
vn -0.8976960338331714 0.23638615423329812 -0.3718378906553027
vn -0.8922955306083348 0.2592370484619711 -0.3696009182362997
vn -0.8863923325670574 0.2819668579377234 -0.36715572144671627
vn -0.8799723493371849 0.3046161271282599 -0.3644964739135005
vn -0.8730110564024568 0.32724261426088935 -0.36161300697121646
vn -0.8654695184350755 0.34992569810783564 -0.35848921666279215
vn -0.8572890092779861 0.37277209455736143 -0.35510071823425904
vn -0.8483830265047422 0.3959242483174329 -0.3514117669244013
vn -0.838625498707392 0.41957277461902215 -0.34737006162919837
vn -0.8278321211889774 0.4439752796697708 -0.342899300334525
vn -0.8157300976717082 0.46948602954567603 -0.3378864836212627
vn -0.8019056346567002 0.496605427706527 -0.332160205741525
vn -0.7857072516626125 0.5260665526029553 -0.32545060595615166
vn -0.7660512862028726 0.5589995934899539 -0.3173088107585276
vn -0.7409816295885818 0.5972800779588076 -0.3069246374694778
vn -0.7064789435667214 0.6444015413588345 -0.29263314199045765
vn -0.6520177795475761 0.7084719618550969 -0.27007460898618113
vn -0.4924466003814188 0.8461024147810048 -0.20397806125791001
vn -0.47438687244365246 0.858105960370809 -0.1964974707959911
vn -0.9238795327482622 4.6124479917159416e-9 -0.3826834317929807
vn -0.9658558359501189 0.012037859286845325 -0.25880029772951796
vn -0.9656459028921859 0.02407316847539007 -0.25874402947138836
vn -0.9648070785231277 0.04811542780800667 -0.25851925815791743
vn -0.963412139275733 0.07209680032115486 -0.2581455040855979
vn -0.9614655431928291 0.09598921295731332 -0.25762391241644056
vn -0.9589730688871064 0.11976739253571647 -0.256956075690848
vn -0.9559414192703704 0.14340990490677769 -0.2561437137584661
vn -0.9523775647415519 0.16690012935059273 -0.2551887948161249
vn -0.948288093724623 0.1902273020646912 -0.2540930240075657
vn -0.9436782238935219 0.21338776288725597 -0.2528578106350289
vn -0.9385507064019464 0.23638614904468405 -0.251483916090536
vn -0.9329044202805832 0.2592370504536489 -0.24997098690256336
vn -0.9267325556811 0.2819668697940911 -0.24831724583544112
vn -0.9200203984484725 0.30461612243487524 -0.24651873030553897
vn -0.9127422969867691 0.32724260576282344 -0.2445685512588929
vn -0.9048575377773522 0.34992570515987337 -0.24245584586863045
vn -0.8963047223656012 0.37277209582623483 -0.2401641297913551
vn -0.8869934327660226 0.3959242513147806 -0.23766917648441016
vn -0.8767918374610247 0.4195727718539872 -0.2349356568945678
vn -0.8655072475389274 0.4439752710641282 -0.23191197282832102
vn -0.8528544479695499 0.4694860374761701 -0.22852166460420853
vn -0.8384008363208784 0.4966054234441015 -0.22464881718441473
vn -0.8214652533852325 0.5260665413869519 -0.22011095273499315
vn -0.8009147104523484 0.5589996019715833 -0.21460445376702342
vn -0.774704116586202 0.5972800988755581 -0.20758134605882975
vn -0.7386311935907982 0.6444015544119759 -0.1979156298175112
vn -0.6816915123952444 0.7084719383093171 -0.18265868322235215
vn -0.5148581264616523 0.8461024162217334 -0.13795582945327822
vn -0.49597648281067586 0.8581059660709919 -0.13289649917180302
vn -0.9659258248822901 4.612447910517526e-9 -0.2588190503526887
vn -0.9913730228424479 0.012037859544945418 -0.13051674037380595
vn -0.9911575397656935 0.024073168830337607 -0.13048836694542446
vn -0.9902965521573229 0.048115428999328795 -0.1303750140077808
vn -0.988864765051579 0.0720968012428552 -0.13018651116776123
vn -0.9868667385491445 0.09598921492064634 -0.12992348118909247
vn -0.984308421204612 0.11976739014201146 -0.12958666676882802
vn -0.9811966682585346 0.14340991166714076 -0.129176992665002
vn -0.9775386622726516 0.16690013102952242 -0.12869541570904086
vn -0.9733411536689861 0.19022729732854055 -0.12814278725471165
vn -0.9686094942074839 0.21338775365254786 -0.1275198585407062
vn -0.9633465165286041 0.23638614413458836 -0.1268269685571065
vn -0.9575510553411934 0.259237049178407 -0.12606398672197763
vn -0.9512161386873372 0.28196685837419766 -0.12522998155129428
vn -0.9443266467652828 0.3046161258861827 -0.12432296674038261
vn -0.936856259508673 0.32724260923127524 -0.12333946539094737
vn -0.9287631990639013 0.3499256924380652 -0.12227399493076499
vn -0.919984417124639 0.3727721044160228 -0.12111824972764612
vn -0.9104271409007643 0.39592423504098273 -0.11986000675151263
vn -0.8999560123438631 0.4195727819775152 -0.1184814604475359
vn -0.8883733042580245 0.4439752642589519 -0.11695656034559582
vn -0.8753862308114967 0.46948602404804324 -0.11524677925738853
vn -0.8605507551306619 0.4966054225574091 -0.11329365441464351
vn -0.8431677416017155 0.526066553761094 -0.11100513743151079
vn -0.8220742841507247 0.5589995912675162 -0.10822813082014944
vn -0.7951712189197081 0.5972800983748423 -0.10468627745356322
vn -0.7581452759124812 0.6444015529964718 -0.09981171828659838
vn -0.6997012609968494 0.708471965409124 -0.09211742282951672
vn -0.5284603153547305 0.8461024029769405 -0.06957311816948915
vn -0.5090798164334142 0.8581059616819744 -0.06702163103040082
vn -0.9914448619953723 4.612447813179205e-9 -0.13052618749882025
vn -0.9999275423435722 0.012037859558224534 -1.8368371755495178e-16
vn -0.9997101992853991 0.02407316856477251 -1.8364378338756126e-16
vn -0.9988417819887918 0.04811542947387118 -1.834842673715215e-16
vn -0.9973976395224643 0.07209680072663728 -1.8321896644950735e-16
vn -0.9953823742655294 0.09598921294352647 -1.828487783779019e-16
vn -0.9928019801492269 0.11976739210559016 -1.8237477266702246e-16
vn -0.9896633759915855 0.14340990977243387 -1.81798220725851e-16
vn -0.9859738073564434 0.16690012344824443 -1.8112044122998716e-16
vn -0.9817400741205738 0.19022730315527828 -1.8034272753604105e-16
vn -0.9769675858247077 0.21338776030466788 -1.7946603446717737e-16
vn -0.9716591928041286 0.23638615238467134 -1.7849090040489132e-16
vn -0.9658137230697739 0.2592370581728278 -1.774171040490704e-16
vn -0.9594241430087329 0.2819668665144156 -1.7624335061756027e-16
vn -0.9524752041956114 0.3046161279258342 -1.7496686040158375e-16
vn -0.9449403511497483 0.3272426206486411 -1.735827307213047e-16
vn -0.936777460181208 0.3499256922497192 -1.720832245368769e-16
vn -0.9279229261029122 0.3727721062695131 -1.7045667604740484e-16
vn -0.9182831762994682 0.39592424543763377 -1.6868588569406343e-16
vn -0.9077217022050138 0.419572772407877 -1.6674576851620982e-16
vn -0.8960390450327769 0.44397525806822774 -1.645996995975784e-16
vn -0.8829398956395704 0.46948603886376034 -1.6219343269391286e-16
vn -0.8679764152873346 0.4966054193270028 -1.5944467249691627e-16
vn -0.8504434135922746 0.5260665359795462 -1.5622390959988372e-16
vn -0.8291679186054784 0.558999608904567 -1.5231567776597142e-16
vn -0.8020327225387405 0.5972800950785953 -1.4733102072084106e-16
vn -0.7646872904046059 0.6444015424358183 -1.4047077758959867e-16
vn -0.7057389647046964 0.7084719568885866 -1.2964215183854795e-16
vn -0.5330203713758571 0.8461024073351542 -9.791425478315061e-17
vn -0.5134726263300654 0.8581059736476057 -9.432339378859506e-17
vn -1 4.6124478548712185e-9 -1.8369702515047618e-16
vn -0.9913730228424479 0.012037859544945418 0.13051674037380595
vn -0.9911575397656935 0.024073168830337607 0.13048836694542446
vn -0.9902965521573229 0.048115428999328795 0.1303750140077808
vn -0.988864765051579 0.0720968012428552 0.13018651116776123
vn -0.9868667385491445 0.09598921492064634 0.12992348118909247
vn -0.984308421204612 0.11976739014201146 0.12958666676882802
vn -0.9811966682585346 0.14340991166714076 0.129176992665002
vn -0.9775386622726516 0.16690013102952242 0.12869541570904086
vn -0.9733411536689861 0.19022729732854055 0.12814278725471165
vn -0.9686094942074839 0.21338775365254786 0.1275198585407062
vn -0.9633465165286041 0.23638614413458836 0.1268269685571065
vn -0.9575510553411934 0.259237049178407 0.12606398672197763
vn -0.9512161386873372 0.28196685837419766 0.12522998155129428
vn -0.9443266467652828 0.3046161258861827 0.12432296674038261
vn -0.936856259508673 0.32724260923127524 0.12333946539094737
vn -0.9287631990639013 0.3499256924380652 0.12227399493076499
vn -0.919984417124639 0.3727721044160228 0.12111824972764612
vn -0.9104271409007643 0.39592423504098273 0.11986000675151263
vn -0.8999560123438631 0.4195727819775152 0.1184814604475359
vn -0.8883733042580245 0.4439752642589519 0.11695656034559582
vn -0.8753862308114967 0.46948602404804324 0.11524677925738853
vn -0.8605507551306619 0.4966054225574091 0.11329365441464351
vn -0.8431677416017155 0.526066553761094 0.11100513743151079
vn -0.8220742841507247 0.5589995912675162 0.10822813082014944
vn -0.7951712189197081 0.5972800983748423 0.10468627745356322
vn -0.7581452759124812 0.6444015529964718 0.09981171828659838
vn -0.6997012609968494 0.708471965409124 0.09211742282951672
vn -0.5284603153547305 0.8461024029769405 0.06957311816948915
vn -0.5090798164334142 0.8581059616819744 0.06702163103040082
vn -0.9914448619953723 4.612447813179205e-9 0.13052618749882025
vn -0.9658558359501189 0.012037859286845325 0.25880029772951796
vn -0.9656459028921859 0.02407316847539007 0.25874402947138836
vn -0.9648070785231277 0.04811542780800667 0.25851925815791743
vn -0.963412139275733 0.07209680032115486 0.2581455040855979
vn -0.9614655431928291 0.09598921295731332 0.25762391241644056
vn -0.9589730688871064 0.11976739253571647 0.256956075690848
vn -0.9559414192703704 0.14340990490677769 0.2561437137584661
vn -0.9523775647415519 0.16690012935059273 0.2551887948161249
vn -0.948288093724623 0.1902273020646912 0.2540930240075657
vn -0.9436782238935219 0.21338776288725597 0.2528578106350289
vn -0.9385507064019464 0.23638614904468405 0.251483916090536
vn -0.9329044202805832 0.2592370504536489 0.24997098690256336
vn -0.9267325556811 0.2819668697940911 0.24831724583544112
vn -0.9200203984484725 0.30461612243487524 0.24651873030553897
vn -0.9127422969867691 0.32724260576282344 0.2445685512588929
vn -0.9048575377773522 0.34992570515987337 0.24245584586863045
vn -0.8963047223656012 0.37277209582623483 0.2401641297913551
vn -0.8869934327660226 0.3959242513147806 0.23766917648441016
vn -0.8767918374610247 0.4195727718539872 0.2349356568945678
vn -0.8655072475389274 0.4439752710641282 0.23191197282832102
vn -0.8528544479695499 0.4694860374761701 0.22852166460420853
vn -0.8384008363208784 0.4966054234441015 0.22464881718441473
vn -0.8214652533852325 0.5260665413869519 0.22011095273499315
vn -0.8009147104523484 0.5589996019715833 0.21460445376702342
vn -0.774704116586202 0.5972800988755581 0.20758134605882975
vn -0.7386311935907982 0.6444015544119759 0.1979156298175112
vn -0.6816915123952444 0.7084719383093171 0.18265868322235215
vn -0.5148581264616523 0.8461024162217334 0.13795582945327822
vn -0.49597648281067586 0.8581059660709919 0.13289649917180302
vn -0.9659258248822901 4.612447910517526e-9 0.2588190503526887
vn -0.9238125850104192 0.012037859517499265 0.3826557169501114
vn -0.9236117952542556 0.024073167997060798 0.38257252155610466
vn -0.9228094775060269 0.04811542832258605 0.382240204298799
vn -0.9214752689339489 0.07209680054806539 0.38168754249233605
vn -0.9196134007443417 0.09598921028330794 0.3809163486654436
vn -0.9172294313754837 0.11976739246216297 0.3799288642909635
vn -0.9143297470936039 0.1434099046599501 0.37872775555162336
vn -0.9109210195557528 0.16690012489387163 0.37731584175849
vn -0.9070095530678182 0.19022730225235954 0.3756956802007528
vn -0.9026003585249947 0.21338776002901275 0.37386930424996334
vn -0.8976960338331714 0.23638615423329812 0.3718378906553027
vn -0.8922955306083348 0.2592370484619711 0.3696009182362997
vn -0.8863923325670574 0.2819668579377234 0.36715572144671627
vn -0.8799723493371849 0.3046161271282599 0.3644964739135005
vn -0.8730110564024568 0.32724261426088935 0.36161300697121646
vn -0.8654695184350755 0.34992569810783564 0.35848921666279215
vn -0.8572890092779861 0.37277209455736143 0.35510071823425904
vn -0.8483830265047422 0.3959242483174329 0.3514117669244013
vn -0.838625498707392 0.41957277461902215 0.34737006162919837
vn -0.8278321211889774 0.4439752796697708 0.342899300334525
vn -0.8157300976717082 0.46948602954567603 0.3378864836212627
vn -0.8019056346567002 0.496605427706527 0.332160205741525
vn -0.7857072516626125 0.5260665526029553 0.32545060595615166
vn -0.7660512862028726 0.5589995934899539 0.3173088107585276
vn -0.7409816295885818 0.5972800779588076 0.3069246374694778
vn -0.7064789435667214 0.6444015413588345 0.29263314199045765
vn -0.6520177795475761 0.7084719618550969 0.27007460898618113
vn -0.4924466003814188 0.8461024147810048 0.20397806125791001
vn -0.47438687244365246 0.858105960370809 0.1964974707959911
vn -0.9238795327482622 4.6124479917159416e-9 0.3826834317929807
vn -0.8659626510210177 0.012037859666267754 0.49996377565910344
vn -0.8657744342987044 0.024073168124094393 0.49985509049246235
vn -0.8650223627382305 0.04811542861832355 0.4994208821141185
vn -0.8637716845473435 0.07209680292277504 0.4986988349520769
vn -0.8620264163650588 0.09598921494948041 0.49769119753336666
vn -0.859791744519088 0.11976738863738041 0.4964009756998932
vn -0.8570736226639837 0.1434099107633319 0.49483169141485733
vn -0.8538783620087521 0.16690012483079475 0.4929869077619767
vn -0.8502118521577976 0.1902272984538554 0.49087002492854986
vn -0.8460787526684748 0.21338775733725146 0.48848378611939236
vn -0.8414815534575197 0.23638614647774575 0.4858295842619315
vn -0.8364192280176359 0.2592370520262784 0.4829068500850931
vn -0.830885690683551 0.28196685907356833 0.47971205884520435
vn -0.8248677278518393 0.30461612435354735 0.47623759651288367
vn -0.8183423486431252 0.3272426210649865 0.4724701761759902
vn -0.8112730813262473 0.3499256896614233 0.46838872662607234
vn -0.8036048385153969 0.3727720963272824 0.4639614506771077
vn -0.7952565610260522 0.39592424331080245 0.459141585683311
vn -0.7861100510954785 0.4195727746357924 0.45386085351249067
vn -0.7759925662454153 0.44397526632606216 0.4480195308494452
vn -0.7646483862928245 0.4694860331119664 0.44146994241122356
vn -0.7516896155768275 0.4966054278643533 0.4339882151045393
vn -0.7365055820779896 0.5260665517076504 0.4252217195092275
vn -0.7180804783592595 0.5589996115201827 0.41458396124261954
vn -0.6945807294698545 0.5972800813838257 0.4010163520746445
vn -0.662238602796891 0.64440155508728 0.38234365270881204
vn -0.6111878756341903 0.7084719542900475 0.3528694810580908
vn -0.46160918029022013 0.8461024083555483 0.2665101860093381
vn -0.4446803648267681 0.8581059611493292 0.25673630942567943
vn -0.8660253966723364 4.6124479685083026e-9 0.5000000123185223
vn -0.7932958561102639 0.01203785923485546 0.6087173191419193
vn -0.7931234298027668 0.024073168809881515 0.6085850044499508
vn -0.7924344527496139 0.04811542846338049 0.6080563655116237
vn -0.7912887499699762 0.07209680379649273 0.6071772105845892
vn -0.789689932661804 0.09598920930221155 0.6059503956184299
vn -0.7876427793880245 0.1197673905598288 0.6043795365797863
vn -0.7851527328489182 0.14340990773070814 0.6024689074670536
vn -0.7822256101056014 0.16690012839923501 0.6002228269861438
vn -0.7788667813290521 0.1902273032126016 0.597645471876583
vn -0.775080486753877 0.21338775333318266 0.5947402002393903
vn -0.7708690760851444 0.2363861500705278 0.5915086268098461
vn -0.7662315295272238 0.2592370485274825 0.5879501644094768
vn -0.761162337478207 0.2819668638910727 0.5840604280998203
vn -0.7556493856962895 0.304616122575141 0.5798301680355266
vn -0.7496715851086583 0.32724261576399144 0.575243239776542
vn -0.7431955246355537 0.3499256925572336 0.570273988403841
vn -0.7361707532320834 0.37277208973601605 0.5648836970559078
vn -0.7285230164121805 0.39592424058779657 0.5590153935918709
vn -0.7201440401735981 0.41957277452335945 0.5525859646075143
vn -0.7108755728496925 0.4439752710907829 0.5454739944172291
vn -0.7004833101032092 0.4694860198861894 0.5374997761843963
vn -0.6886119753584901 0.49660541965868266 0.5283905795512462
vn -0.674702121346451 0.5260665521510324 0.5177171333445747
vn -0.6578231448366617 0.5589995975564409 0.5047654505301858
vn -0.6362953297176432 0.5972800955194736 0.4882465984272335
vn -0.6066672161482229 0.6444015455722617 0.46551212327397606
vn -0.5599003483097439 0.7084719600584986 0.42962667721348097
vn -0.42287349430177107 0.8461024110980622 0.3244822302546871
vn -0.40736523498843163 0.8581059623158321 0.31258234556807496
vn -0.7933533356858266 4.6124480196339085e-9 0.6087614350106061
vn -0.7070555458918562 0.01203785891005645 0.7070555458918562
vn -0.7069018611274296 0.024073169071648248 0.7069018611274296
vn -0.7062877974175666 0.04811542827497748 0.7062877974175666
vn -0.705266634470277 0.07209680024756641 0.705266634470277
vn -0.703841626753196 0.09598921240863437 0.703841626753196
vn -0.7020170126528212 0.11976739077068133 0.7020170126528212
vn -0.6997976845681678 0.14340990672217224 0.6997976845681678
vn -0.6971887655275443 0.16690012116340053 0.6971887655275443
vn -0.6941950652107838 0.19022729266325392 0.6941950652107838
vn -0.6908204049343497 0.2133877603160084 0.6908204049343497
vn -0.6870668039985293 0.23638615375375363 0.6870668039985293
vn -0.682933435342751 0.25923704554306504 0.682933435342751
vn -0.6784153163152171 0.28196687248300606 0.6784153163152171
vn -0.6735016762148891 0.3046161260857167 0.6735016762148891
vn -0.6681737318501493 0.3272426135620016 0.6681737318501493
vn -0.6624016912401236 0.34992570480667423 0.6624016912401236
vn -0.6561406000375716 0.3727720831348172 0.6561406000375716
vn -0.6493242587586195 0.39592425282513105 0.6493242587586195
vn -0.6418561755053881 0.41957275880494554 0.6418561755053881
vn -0.6335952822136223 0.443975265880072 0.6335952822136223
vn -0.6243327903475783 0.469486031521294 0.6243327903475783
vn -0.6137520066903729 0.4966054254305737 0.6137520066903729
vn -0.6013543019167197 0.5260665424948726 0.6013543019167197
vn -0.5863102645097135 0.5589995952244506 0.5863102645097135
vn -0.5671227733022809 0.5972801017980255 0.5671227733022809
vn -0.540715568570892 0.6444015423709923 0.540715568570892
vn -0.4990328175624313 0.7084719429810912 0.4990328175624313
vn -0.3769023111214776 0.8461024144526346 0.3769023111214776
vn -0.3630799949661847 0.8581059576245293 0.3630799949661847
vn -0.7071067811865476 4.6124477109405255e-9 0.7071067811865476
vn -0.6087173191419193 0.01203785923485546 0.7932958561102639
vn -0.6085850044499508 0.024073168809881515 0.7931234298027668
vn -0.6080563655116237 0.04811542846338049 0.7924344527496139
vn -0.6071772105845892 0.07209680379649273 0.7912887499699762
vn -0.6059503956184299 0.09598920930221155 0.789689932661804
vn -0.6043795365797863 0.1197673905598288 0.7876427793880245
vn -0.6024689074670536 0.14340990773070814 0.7851527328489182
vn -0.6002228269861438 0.16690012839923501 0.7822256101056014
vn -0.597645471876583 0.1902273032126016 0.7788667813290521
vn -0.5947402002393903 0.21338775333318266 0.775080486753877
vn -0.5915086268098461 0.2363861500705278 0.7708690760851444
vn -0.5879501644094768 0.2592370485274825 0.7662315295272238
vn -0.5840604280998203 0.2819668638910727 0.761162337478207
vn -0.5798301680355266 0.304616122575141 0.7556493856962895
vn -0.575243239776542 0.32724261576399144 0.7496715851086583
vn -0.570273988403841 0.3499256925572336 0.7431955246355537
vn -0.5648836970559078 0.37277208973601605 0.7361707532320834
vn -0.5590153935918709 0.39592424058779657 0.7285230164121805
vn -0.5525859646075143 0.41957277452335945 0.7201440401735981
vn -0.5454739944172291 0.4439752710907829 0.7108755728496925
vn -0.5374997761843963 0.4694860198861894 0.7004833101032092
vn -0.5283905795512462 0.49660541965868266 0.6886119753584901
vn -0.5177171333445747 0.5260665521510324 0.674702121346451
vn -0.5047654505301858 0.5589995975564409 0.6578231448366617
vn -0.4882465984272335 0.5972800955194736 0.6362953297176432
vn -0.46551212327397606 0.6444015455722617 0.6066672161482229
vn -0.42962667721348097 0.7084719600584986 0.5599003483097439
vn -0.3244822302546871 0.8461024110980622 0.42287349430177107
vn -0.31258234556807496 0.8581059623158321 0.40736523498843163
vn -0.6087614350106061 4.6124480196339085e-9 0.7933533356858266
vn -0.49996377565910344 0.012037859666267754 0.8659626510210177
vn -0.49985509049246235 0.024073168124094393 0.8657744342987044
vn -0.4994208821141185 0.04811542861832355 0.8650223627382305
vn -0.4986988349520769 0.07209680292277504 0.8637716845473435
vn -0.49769119753336666 0.09598921494948041 0.8620264163650588
vn -0.4964009756998932 0.11976738863738041 0.859791744519088
vn -0.49483169141485733 0.1434099107633319 0.8570736226639837
vn -0.4929869077619767 0.16690012483079475 0.8538783620087521
vn -0.49087002492854986 0.1902272984538554 0.8502118521577976
vn -0.48848378611939236 0.21338775733725146 0.8460787526684748
vn -0.4858295842619315 0.23638614647774575 0.8414815534575197
vn -0.4829068500850931 0.2592370520262784 0.8364192280176359
vn -0.47971205884520435 0.28196685907356833 0.830885690683551
vn -0.47623759651288367 0.30461612435354735 0.8248677278518393
vn -0.4724701761759902 0.3272426210649865 0.8183423486431252
vn -0.46838872662607234 0.3499256896614233 0.8112730813262473
vn -0.4639614506771077 0.3727720963272824 0.8036048385153969
vn -0.459141585683311 0.39592424331080245 0.7952565610260522
vn -0.45386085351249067 0.4195727746357924 0.7861100510954785
vn -0.4480195308494452 0.44397526632606216 0.7759925662454153
vn -0.44146994241122356 0.4694860331119664 0.7646483862928245
vn -0.4339882151045393 0.4966054278643533 0.7516896155768275
vn -0.4252217195092275 0.5260665517076504 0.7365055820779896
vn -0.41458396124261954 0.5589996115201827 0.7180804783592595
vn -0.4010163520746445 0.5972800813838257 0.6945807294698545
vn -0.38234365270881204 0.64440155508728 0.662238602796891
vn -0.3528694810580908 0.7084719542900475 0.6111878756341903
vn -0.2665101860093381 0.8461024083555483 0.46160918029022013
vn -0.25673630942567943 0.8581059611493292 0.4446803648267681
vn -0.5000000123185223 4.6124479685083026e-9 0.8660253966723364
vn -0.3826557169501114 0.012037859517499265 0.9238125850104192
vn -0.38257252155610466 0.024073167997060798 0.9236117952542556
vn -0.382240204298799 0.04811542832258605 0.9228094775060269
vn -0.38168754249233605 0.07209680054806539 0.9214752689339489
vn -0.3809163486654436 0.09598921028330794 0.9196134007443417
vn -0.3799288642909635 0.11976739246216297 0.9172294313754837
vn -0.37872775555162336 0.1434099046599501 0.9143297470936039
vn -0.37731584175849 0.16690012489387163 0.9109210195557528
vn -0.3756956802007528 0.19022730225235954 0.9070095530678182
vn -0.37386930424996334 0.21338776002901275 0.9026003585249947
vn -0.3718378906553027 0.23638615423329812 0.8976960338331714
vn -0.3696009182362997 0.2592370484619711 0.8922955306083348
vn -0.36715572144671627 0.2819668579377234 0.8863923325670574
vn -0.3644964739135005 0.3046161271282599 0.8799723493371849
vn -0.36161300697121646 0.32724261426088935 0.8730110564024568
vn -0.35848921666279215 0.34992569810783564 0.8654695184350755
vn -0.35510071823425904 0.37277209455736143 0.8572890092779861
vn -0.3514117669244013 0.3959242483174329 0.8483830265047422
vn -0.34737006162919837 0.41957277461902215 0.838625498707392
vn -0.342899300334525 0.4439752796697708 0.8278321211889774
vn -0.3378864836212627 0.46948602954567603 0.8157300976717082
vn -0.332160205741525 0.496605427706527 0.8019056346567002
vn -0.32545060595615166 0.5260665526029553 0.7857072516626125
vn -0.3173088107585276 0.5589995934899539 0.7660512862028726
vn -0.3069246374694778 0.5972800779588076 0.7409816295885818
vn -0.29263314199045765 0.6444015413588345 0.7064789435667214
vn -0.27007460898618113 0.7084719618550969 0.6520177795475761
vn -0.20397806125791001 0.8461024147810048 0.4924466003814188
vn -0.1964974707959911 0.858105960370809 0.47438687244365246
vn -0.3826834317929807 4.6124479917159416e-9 0.9238795327482622
vn -0.25880029772951796 0.012037859286845325 0.9658558359501189
vn -0.25874402947138836 0.02407316847539007 0.9656459028921859
vn -0.25851925815791743 0.04811542780800667 0.9648070785231277
vn -0.2581455040855979 0.07209680032115486 0.963412139275733
vn -0.25762391241644056 0.09598921295731332 0.9614655431928291
vn -0.256956075690848 0.11976739253571647 0.9589730688871064
vn -0.2561437137584661 0.14340990490677769 0.9559414192703704
vn -0.2551887948161249 0.16690012935059273 0.9523775647415519
vn -0.2540930240075657 0.1902273020646912 0.948288093724623
vn -0.2528578106350289 0.21338776288725597 0.9436782238935219
vn -0.251483916090536 0.23638614904468405 0.9385507064019464
vn -0.24997098690256336 0.2592370504536489 0.9329044202805832
vn -0.24831724583544112 0.2819668697940911 0.9267325556811
vn -0.24651873030553897 0.30461612243487524 0.9200203984484725
vn -0.2445685512588929 0.32724260576282344 0.9127422969867691
vn -0.24245584586863045 0.34992570515987337 0.9048575377773522
vn -0.2401641297913551 0.37277209582623483 0.8963047223656012
vn -0.23766917648441016 0.3959242513147806 0.8869934327660226
vn -0.2349356568945678 0.4195727718539872 0.8767918374610247
vn -0.23191197282832102 0.4439752710641282 0.8655072475389274
vn -0.22852166460420853 0.4694860374761701 0.8528544479695499
vn -0.22464881718441473 0.4966054234441015 0.8384008363208784
vn -0.22011095273499315 0.5260665413869519 0.8214652533852325
vn -0.21460445376702342 0.5589996019715833 0.8009147104523484
vn -0.20758134605882975 0.5972800988755581 0.774704116586202
vn -0.1979156298175112 0.6444015544119759 0.7386311935907982
vn -0.18265868322235215 0.7084719383093171 0.6816915123952444
vn -0.13795582945327822 0.8461024162217334 0.5148581264616523
vn -0.13289649917180302 0.8581059660709919 0.49597648281067586
vn -0.2588190503526887 4.612447910517526e-9 0.9659258248822901
vn -0.13051674037380595 0.012037859544945418 0.9913730228424479
vn -0.13048836694542446 0.024073168830337607 0.9911575397656935
vn -0.1303750140077808 0.048115428999328795 0.9902965521573229
vn -0.13018651116776123 0.0720968012428552 0.988864765051579
vn -0.12992348118909247 0.09598921492064634 0.9868667385491445
vn -0.12958666676882802 0.11976739014201146 0.984308421204612
vn -0.129176992665002 0.14340991166714076 0.9811966682585346
vn -0.12869541570904086 0.16690013102952242 0.9775386622726516
vn -0.12814278725471165 0.19022729732854055 0.9733411536689861
vn -0.1275198585407062 0.21338775365254786 0.9686094942074839
vn -0.1268269685571065 0.23638614413458836 0.9633465165286041
vn -0.12606398672197763 0.259237049178407 0.9575510553411934
vn -0.12522998155129428 0.28196685837419766 0.9512161386873372
vn -0.12432296674038261 0.3046161258861827 0.9443266467652828
vn -0.12333946539094737 0.32724260923127524 0.936856259508673
vn -0.12227399493076499 0.3499256924380652 0.9287631990639013
vn -0.12111824972764612 0.3727721044160228 0.919984417124639
vn -0.11986000675151263 0.39592423504098273 0.9104271409007643
vn -0.1184814604475359 0.4195727819775152 0.8999560123438631
vn -0.11695656034559582 0.4439752642589519 0.8883733042580245
vn -0.11524677925738853 0.46948602404804324 0.8753862308114967
vn -0.11329365441464351 0.4966054225574091 0.8605507551306619
vn -0.11100513743151079 0.526066553761094 0.8431677416017155
vn -0.10822813082014944 0.5589995912675162 0.8220742841507247
vn -0.10468627745356322 0.5972800983748423 0.7951712189197081
vn -0.09981171828659838 0.6444015529964718 0.7581452759124812
vn -0.09211742282951672 0.708471965409124 0.6997012609968494
vn -0.06957311816948915 0.8461024029769405 0.5284603153547305
vn -0.06702163103040082 0.8581059616819744 0.5090798164334142
vn -0.13052618749882025 4.612447813179205e-9 0.9914448619953723
vn -2.4491161458334233e-16 0.012037859558224534 0.9999275423435722
vn -2.4485837785008167e-16 0.02407316856477251 0.9997101992853991
vn -2.4464567218217527e-16 0.04811542947387118 0.9988417819887918
vn -2.4429197291252915e-16 0.07209680072663728 0.9973976395224643
vn -2.4379837117053586e-16 0.09598921294352647 0.9953823742655294
vn -2.4316635473276995e-16 0.11976739210559016 0.9928019801492269
vn -2.42397618811208e-16 0.14340990977243387 0.9896633759915855
vn -2.414939304632425e-16 0.16690012344824443 0.9859738073564434
vn -2.4045696122479473e-16 0.19022730315527828 0.9817400741205738
vn -2.3928805477949646e-16 0.21338776030466788 0.9769675858247077
vn -2.379878583832618e-16 0.23638615238467134 0.9716591928041286
vn -2.3655613873209384e-16 0.2592370581728278 0.9658137230697739
vn -2.3499113415674703e-16 0.2819668665144156 0.9594241430087329
vn -2.332891560253717e-16 0.3046161279258342 0.9524752041956114
vn -2.3144363213847955e-16 0.3272426206486411 0.9449403511497483
vn -2.294443082057623e-16 0.3499256922497192 0.936777460181208
vn -2.2727556806320643e-16 0.3727721062695131 0.9279229261029122
vn -2.249145142587512e-16 0.39592424543763377 0.9182831762994682
vn -2.2232770017820637e-16 0.419572772407877 0.9077217022050138
vn -2.194662573068449e-16 0.44397525806822774 0.8960390450327769
vn -2.1625790584692042e-16 0.46948603886376034 0.8829398956395704
vn -2.125929054858148e-16 0.4966054193270028 0.8679764152873346
vn -2.0829855495643808e-16 0.5260665359795462 0.8504434135922746
vn -2.030875747662586e-16 0.558999608904567 0.8291679186054784
vn -1.964413565494914e-16 0.5972800950785953 0.8020327225387405
vn -1.8729436129620515e-16 0.6444015424358183 0.7646872904046059
vn -1.728561980397673e-16 0.7084719568885866 0.7057389647046964
vn -1.3055233971086748e-16 0.8461024073351542 0.5330203713758571
vn -1.257645294630901e-16 0.8581059736476057 0.5134726263300654
vn -2.449293503236896e-16 4.6124478548712185e-9 1
f 4253/4253/4253 4283/4283/4283 4254/4254/4254
f 4284/4284/4284 4254/4254/4254 4283/4283/4283
f 4254/4254/4254 4284/4284/4284 4255/4255/4255
f 4285/4285/4285 4255/4255/4255 4284/4284/4284
f 4255/4255/4255 4285/4285/4285 4256/4256/4256
f 4286/4286/4286 4256/4256/4256 4285/4285/4285
f 4256/4256/4256 4286/4286/4286 4257/4257/4257
f 4287/4287/4287 4257/4257/4257 4286/4286/4286
f 4257/4257/4257 4287/4287/4287 4258/4258/4258
f 4288/4288/4288 4258/4258/4258 4287/4287/4287
f 4258/4258/4258 4288/4288/4288 4259/4259/4259
f 4289/4289/4289 4259/4259/4259 4288/4288/4288
f 4259/4259/4259 4289/4289/4289 4260/4260/4260
f 4290/4290/4290 4260/4260/4260 4289/4289/4289
f 4260/4260/4260 4290/4290/4290 4261/4261/4261
f 4291/4291/4291 4261/4261/4261 4290/4290/4290
f 4261/4261/4261 4291/4291/4291 4262/4262/4262
f 4292/4292/4292 4262/4262/4262 4291/4291/4291
f 4262/4262/4262 4292/4292/4292 4263/4263/4263
f 4293/4293/4293 4263/4263/4263 4292/4292/4292
f 4263/4263/4263 4293/4293/4293 4264/4264/4264
f 4294/4294/4294 4264/4264/4264 4293/4293/4293
f 4264/4264/4264 4294/4294/4294 4265/4265/4265
f 4295/4295/4295 4265/4265/4265 4294/4294/4294
f 4265/4265/4265 4295/4295/4295 4266/4266/4266
f 4296/4296/4296 4266/4266/4266 4295/4295/4295
f 4266/4266/4266 4296/4296/4296 4267/4267/4267
f 4297/4297/4297 4267/4267/4267 4296/4296/4296
f 4267/4267/4267 4297/4297/4297 4268/4268/4268
f 4298/4298/4298 4268/4268/4268 4297/4297/4297
f 4268/4268/4268 4298/4298/4298 4269/4269/4269
f 4299/4299/4299 4269/4269/4269 4298/4298/4298
f 4269/4269/4269 4299/4299/4299 4270/4270/4270
f 4300/4300/4300 4270/4270/4270 4299/4299/4299
f 4270/4270/4270 4300/4300/4300 4271/4271/4271
f 4301/4301/4301 4271/4271/4271 4300/4300/4300
f 4271/4271/4271 4301/4301/4301 4272/4272/4272
f 4302/4302/4302 4272/4272/4272 4301/4301/4301
f 4272/4272/4272 4302/4302/4302 4273/4273/4273
f 4303/4303/4303 4273/4273/4273 4302/4302/4302
f 4273/4273/4273 4303/4303/4303 4274/4274/4274
f 4304/4304/4304 4274/4274/4274 4303/4303/4303
f 4274/4274/4274 4304/4304/4304 4275/4275/4275
f 4305/4305/4305 4275/4275/4275 4304/4304/4304
f 4275/4275/4275 4305/4305/4305 4276/4276/4276
f 4306/4306/4306 4276/4276/4276 4305/4305/4305
f 4276/4276/4276 4306/4306/4306 4277/4277/4277
f 4307/4307/4307 4277/4277/4277 4306/4306/4306
f 4277/4277/4277 4307/4307/4307 4278/4278/4278
f 4308/4308/4308 4278/4278/4278 4307/4307/4307
f 4278/4278/4278 4308/4308/4308 4279/4279/4279
f 4309/4309/4309 4279/4279/4279 4308/4308/4308
f 4279/4279/4279 4309/4309/4309 4280/4280/4280
f 4310/4310/4310 4280/4280/4280 4309/4309/4309
f 4280/4280/4280 4310/4310/4310 4281/4281/4281
f 4311/4311/4311 4281/4281/4281 4310/4310/4310
f 4281/4281/4281 4311/4311/4311 4282/4282/4282
f 4312/4312/4312 4282/4282/4282 4311/4311/4311
f 4283/4283/4283 4313/4313/4313 4284/4284/4284
f 4314/4314/4314 4284/4284/4284 4313/4313/4313
f 4284/4284/4284 4314/4314/4314 4285/4285/4285
f 4315/4315/4315 4285/4285/4285 4314/4314/4314
f 4285/4285/4285 4315/4315/4315 4286/4286/4286
f 4316/4316/4316 4286/4286/4286 4315/4315/4315
f 4286/4286/4286 4316/4316/4316 4287/4287/4287
f 4317/4317/4317 4287/4287/4287 4316/4316/4316
f 4287/4287/4287 4317/4317/4317 4288/4288/4288
f 4318/4318/4318 4288/4288/4288 4317/4317/4317
f 4288/4288/4288 4318/4318/4318 4289/4289/4289
f 4319/4319/4319 4289/4289/4289 4318/4318/4318
f 4289/4289/4289 4319/4319/4319 4290/4290/4290
f 4320/4320/4320 4290/4290/4290 4319/4319/4319
f 4290/4290/4290 4320/4320/4320 4291/4291/4291
f 4321/4321/4321 4291/4291/4291 4320/4320/4320
f 4291/4291/4291 4321/4321/4321 4292/4292/4292
f 4322/4322/4322 4292/4292/4292 4321/4321/4321
f 4292/4292/4292 4322/4322/4322 4293/4293/4293
f 4323/4323/4323 4293/4293/4293 4322/4322/4322
f 4293/4293/4293 4323/4323/4323 4294/4294/4294
f 4324/4324/4324 4294/4294/4294 4323/4323/4323
f 4294/4294/4294 4324/4324/4324 4295/4295/4295
f 4325/4325/4325 4295/4295/4295 4324/4324/4324
f 4295/4295/4295 4325/4325/4325 4296/4296/4296
f 4326/4326/4326 4296/4296/4296 4325/4325/4325
f 4296/4296/4296 4326/4326/4326 4297/4297/4297
f 4327/4327/4327 4297/4297/4297 4326/4326/4326
f 4297/4297/4297 4327/4327/4327 4298/4298/4298
f 4328/4328/4328 4298/4298/4298 4327/4327/4327
f 4298/4298/4298 4328/4328/4328 4299/4299/4299
f 4329/4329/4329 4299/4299/4299 4328/4328/4328
f 4299/4299/4299 4329/4329/4329 4300/4300/4300
f 4330/4330/4330 4300/4300/4300 4329/4329/4329
f 4300/4300/4300 4330/4330/4330 4301/4301/4301
f 4331/4331/4331 4301/4301/4301 4330/4330/4330
f 4301/4301/4301 4331/4331/4331 4302/4302/4302
f 4332/4332/4332 4302/4302/4302 4331/4331/4331
f 4302/4302/4302 4332/4332/4332 4303/4303/4303
f 4333/4333/4333 4303/4303/4303 4332/4332/4332
f 4303/4303/4303 4333/4333/4333 4304/4304/4304
f 4334/4334/4334 4304/4304/4304 4333/4333/4333
f 4304/4304/4304 4334/4334/4334 4305/4305/4305
f 4335/4335/4335 4305/4305/4305 4334/4334/4334
f 4305/4305/4305 4335/4335/4335 4306/4306/4306
f 4336/4336/4336 4306/4306/4306 4335/4335/4335
f 4306/4306/4306 4336/4336/4336 4307/4307/4307
f 4337/4337/4337 4307/4307/4307 4336/4336/4336
f 4307/4307/4307 4337/4337/4337 4308/4308/4308
f 4338/4338/4338 4308/4308/4308 4337/4337/4337
f 4308/4308/4308 4338/4338/4338 4309/4309/4309
f 4339/4339/4339 4309/4309/4309 4338/4338/4338
f 4309/4309/4309 4339/4339/4339 4310/4310/4310
f 4340/4340/4340 4310/4310/4310 4339/4339/4339
f 4310/4310/4310 4340/4340/4340 4311/4311/4311
f 4341/4341/4341 4311/4311/4311 4340/4340/4340
f 4311/4311/4311 4341/4341/4341 4312/4312/4312
f 4342/4342/4342 4312/4312/4312 4341/4341/4341
f 4313/4313/4313 4343/4343/4343 4314/4314/4314
f 4344/4344/4344 4314/4314/4314 4343/4343/4343
f 4314/4314/4314 4344/4344/4344 4315/4315/4315
f 4345/4345/4345 4315/4315/4315 4344/4344/4344
f 4315/4315/4315 4345/4345/4345 4316/4316/4316
f 4346/4346/4346 4316/4316/4316 4345/4345/4345
f 4316/4316/4316 4346/4346/4346 4317/4317/4317
f 4347/4347/4347 4317/4317/4317 4346/4346/4346
f 4317/4317/4317 4347/4347/4347 4318/4318/4318
f 4348/4348/4348 4318/4318/4318 4347/4347/4347
f 4318/4318/4318 4348/4348/4348 4319/4319/4319
f 4349/4349/4349 4319/4319/4319 4348/4348/4348
f 4319/4319/4319 4349/4349/4349 4320/4320/4320
f 4350/4350/4350 4320/4320/4320 4349/4349/4349
f 4320/4320/4320 4350/4350/4350 4321/4321/4321
f 4351/4351/4351 4321/4321/4321 4350/4350/4350
f 4321/4321/4321 4351/4351/4351 4322/4322/4322
f 4352/4352/4352 4322/4322/4322 4351/4351/4351
f 4322/4322/4322 4352/4352/4352 4323/4323/4323
f 4353/4353/4353 4323/4323/4323 4352/4352/4352
f 4323/4323/4323 4353/4353/4353 4324/4324/4324
f 4354/4354/4354 4324/4324/4324 4353/4353/4353
f 4324/4324/4324 4354/4354/4354 4325/4325/4325
f 4355/4355/4355 4325/4325/4325 4354/4354/4354
f 4325/4325/4325 4355/4355/4355 4326/4326/4326
f 4356/4356/4356 4326/4326/4326 4355/4355/4355
f 4326/4326/4326 4356/4356/4356 4327/4327/4327
f 4357/4357/4357 4327/4327/4327 4356/4356/4356
f 4327/4327/4327 4357/4357/4357 4328/4328/4328
f 4358/4358/4358 4328/4328/4328 4357/4357/4357
f 4328/4328/4328 4358/4358/4358 4329/4329/4329
f 4359/4359/4359 4329/4329/4329 4358/4358/4358
f 4329/4329/4329 4359/4359/4359 4330/4330/4330
f 4360/4360/4360 4330/4330/4330 4359/4359/4359
f 4330/4330/4330 4360/4360/4360 4331/4331/4331
f 4361/4361/4361 4331/4331/4331 4360/4360/4360
f 4331/4331/4331 4361/4361/4361 4332/4332/4332
f 4362/4362/4362 4332/4332/4332 4361/4361/4361
f 4332/4332/4332 4362/4362/4362 4333/4333/4333
f 4363/4363/4363 4333/4333/4333 4362/4362/4362
f 4333/4333/4333 4363/4363/4363 4334/4334/4334
f 4364/4364/4364 4334/4334/4334 4363/4363/4363
f 4334/4334/4334 4364/4364/4364 4335/4335/4335
f 4365/4365/4365 4335/4335/4335 4364/4364/4364
f 4335/4335/4335 4365/4365/4365 4336/4336/4336
f 4366/4366/4366 4336/4336/4336 4365/4365/4365
f 4336/4336/4336 4366/4366/4366 4337/4337/4337
f 4367/4367/4367 4337/4337/4337 4366/4366/4366
f 4337/4337/4337 4367/4367/4367 4338/4338/4338
f 4368/4368/4368 4338/4338/4338 4367/4367/4367
f 4338/4338/4338 4368/4368/4368 4339/4339/4339
f 4369/4369/4369 4339/4339/4339 4368/4368/4368
f 4339/4339/4339 4369/4369/4369 4340/4340/4340
f 4370/4370/4370 4340/4340/4340 4369/4369/4369
f 4340/4340/4340 4370/4370/4370 4341/4341/4341
f 4371/4371/4371 4341/4341/4341 4370/4370/4370
f 4341/4341/4341 4371/4371/4371 4342/4342/4342
f 4372/4372/4372 4342/4342/4342 4371/4371/4371
f 4343/4343/4343 4373/4373/4373 4344/4344/4344
f 4374/4374/4374 4344/4344/4344 4373/4373/4373
f 4344/4344/4344 4374/4374/4374 4345/4345/4345
f 4375/4375/4375 4345/4345/4345 4374/4374/4374
f 4345/4345/4345 4375/4375/4375 4346/4346/4346
f 4376/4376/4376 4346/4346/4346 4375/4375/4375
f 4346/4346/4346 4376/4376/4376 4347/4347/4347
f 4377/4377/4377 4347/4347/4347 4376/4376/4376
f 4347/4347/4347 4377/4377/4377 4348/4348/4348
f 4378/4378/4378 4348/4348/4348 4377/4377/4377
f 4348/4348/4348 4378/4378/4378 4349/4349/4349
f 4379/4379/4379 4349/4349/4349 4378/4378/4378
f 4349/4349/4349 4379/4379/4379 4350/4350/4350
f 4380/4380/4380 4350/4350/4350 4379/4379/4379
f 4350/4350/4350 4380/4380/4380 4351/4351/4351
f 4381/4381/4381 4351/4351/4351 4380/4380/4380
f 4351/4351/4351 4381/4381/4381 4352/4352/4352
f 4382/4382/4382 4352/4352/4352 4381/4381/4381
f 4352/4352/4352 4382/4382/4382 4353/4353/4353
f 4383/4383/4383 4353/4353/4353 4382/4382/4382
f 4353/4353/4353 4383/4383/4383 4354/4354/4354
f 4384/4384/4384 4354/4354/4354 4383/4383/4383
f 4354/4354/4354 4384/4384/4384 4355/4355/4355
f 4385/4385/4385 4355/4355/4355 4384/4384/4384
f 4355/4355/4355 4385/4385/4385 4356/4356/4356
f 4386/4386/4386 4356/4356/4356 4385/4385/4385
f 4356/4356/4356 4386/4386/4386 4357/4357/4357
f 4387/4387/4387 4357/4357/4357 4386/4386/4386
f 4357/4357/4357 4387/4387/4387 4358/4358/4358
f 4388/4388/4388 4358/4358/4358 4387/4387/4387
f 4358/4358/4358 4388/4388/4388 4359/4359/4359
f 4389/4389/4389 4359/4359/4359 4388/4388/4388
f 4359/4359/4359 4389/4389/4389 4360/4360/4360
f 4390/4390/4390 4360/4360/4360 4389/4389/4389
f 4360/4360/4360 4390/4390/4390 4361/4361/4361
f 4391/4391/4391 4361/4361/4361 4390/4390/4390
f 4361/4361/4361 4391/4391/4391 4362/4362/4362
f 4392/4392/4392 4362/4362/4362 4391/4391/4391
f 4362/4362/4362 4392/4392/4392 4363/4363/4363
f 4393/4393/4393 4363/4363/4363 4392/4392/4392
f 4363/4363/4363 4393/4393/4393 4364/4364/4364
f 4394/4394/4394 4364/4364/4364 4393/4393/4393
f 4364/4364/4364 4394/4394/4394 4365/4365/4365
f 4395/4395/4395 4365/4365/4365 4394/4394/4394
f 4365/4365/4365 4395/4395/4395 4366/4366/4366
f 4396/4396/4396 4366/4366/4366 4395/4395/4395
f 4366/4366/4366 4396/4396/4396 4367/4367/4367
f 4397/4397/4397 4367/4367/4367 4396/4396/4396
f 4367/4367/4367 4397/4397/4397 4368/4368/4368
f 4398/4398/4398 4368/4368/4368 4397/4397/4397
f 4368/4368/4368 4398/4398/4398 4369/4369/4369
f 4399/4399/4399 4369/4369/4369 4398/4398/4398
f 4369/4369/4369 4399/4399/4399 4370/4370/4370
f 4400/4400/4400 4370/4370/4370 4399/4399/4399
f 4370/4370/4370 4400/4400/4400 4371/4371/4371
f 4401/4401/4401 4371/4371/4371 4400/4400/4400
f 4371/4371/4371 4401/4401/4401 4372/4372/4372
f 4402/4402/4402 4372/4372/4372 4401/4401/4401
f 4373/4373/4373 4403/4403/4403 4374/4374/4374
f 4404/4404/4404 4374/4374/4374 4403/4403/4403
f 4374/4374/4374 4404/4404/4404 4375/4375/4375
f 4405/4405/4405 4375/4375/4375 4404/4404/4404
f 4375/4375/4375 4405/4405/4405 4376/4376/4376
f 4406/4406/4406 4376/4376/4376 4405/4405/4405
f 4376/4376/4376 4406/4406/4406 4377/4377/4377
f 4407/4407/4407 4377/4377/4377 4406/4406/4406
f 4377/4377/4377 4407/4407/4407 4378/4378/4378
f 4408/4408/4408 4378/4378/4378 4407/4407/4407
f 4378/4378/4378 4408/4408/4408 4379/4379/4379
f 4409/4409/4409 4379/4379/4379 4408/4408/4408
f 4379/4379/4379 4409/4409/4409 4380/4380/4380
f 4410/4410/4410 4380/4380/4380 4409/4409/4409
f 4380/4380/4380 4410/4410/4410 4381/4381/4381
f 4411/4411/4411 4381/4381/4381 4410/4410/4410
f 4381/4381/4381 4411/4411/4411 4382/4382/4382
f 4412/4412/4412 4382/4382/4382 4411/4411/4411
f 4382/4382/4382 4412/4412/4412 4383/4383/4383
f 4413/4413/4413 4383/4383/4383 4412/4412/4412
f 4383/4383/4383 4413/4413/4413 4384/4384/4384
f 4414/4414/4414 4384/4384/4384 4413/4413/4413
f 4384/4384/4384 4414/4414/4414 4385/4385/4385
f 4415/4415/4415 4385/4385/4385 4414/4414/4414
f 4385/4385/4385 4415/4415/4415 4386/4386/4386
f 4416/4416/4416 4386/4386/4386 4415/4415/4415
f 4386/4386/4386 4416/4416/4416 4387/4387/4387
f 4417/4417/4417 4387/4387/4387 4416/4416/4416
f 4387/4387/4387 4417/4417/4417 4388/4388/4388
f 4418/4418/4418 4388/4388/4388 4417/4417/4417
f 4388/4388/4388 4418/4418/4418 4389/4389/4389
f 4419/4419/4419 4389/4389/4389 4418/4418/4418
f 4389/4389/4389 4419/4419/4419 4390/4390/4390
f 4420/4420/4420 4390/4390/4390 4419/4419/4419
f 4390/4390/4390 4420/4420/4420 4391/4391/4391
f 4421/4421/4421 4391/4391/4391 4420/4420/4420
f 4391/4391/4391 4421/4421/4421 4392/4392/4392
f 4422/4422/4422 4392/4392/4392 4421/4421/4421
f 4392/4392/4392 4422/4422/4422 4393/4393/4393
f 4423/4423/4423 4393/4393/4393 4422/4422/4422
f 4393/4393/4393 4423/4423/4423 4394/4394/4394
f 4424/4424/4424 4394/4394/4394 4423/4423/4423
f 4394/4394/4394 4424/4424/4424 4395/4395/4395
f 4425/4425/4425 4395/4395/4395 4424/4424/4424
f 4395/4395/4395 4425/4425/4425 4396/4396/4396
f 4426/4426/4426 4396/4396/4396 4425/4425/4425
f 4396/4396/4396 4426/4426/4426 4397/4397/4397
f 4427/4427/4427 4397/4397/4397 4426/4426/4426
f 4397/4397/4397 4427/4427/4427 4398/4398/4398
f 4428/4428/4428 4398/4398/4398 4427/4427/4427
f 4398/4398/4398 4428/4428/4428 4399/4399/4399
f 4429/4429/4429 4399/4399/4399 4428/4428/4428
f 4399/4399/4399 4429/4429/4429 4400/4400/4400
f 4430/4430/4430 4400/4400/4400 4429/4429/4429
f 4400/4400/4400 4430/4430/4430 4401/4401/4401
f 4431/4431/4431 4401/4401/4401 4430/4430/4430
f 4401/4401/4401 4431/4431/4431 4402/4402/4402
f 4432/4432/4432 4402/4402/4402 4431/4431/4431
f 4403/4403/4403 4433/4433/4433 4404/4404/4404
f 4434/4434/4434 4404/4404/4404 4433/4433/4433
f 4404/4404/4404 4434/4434/4434 4405/4405/4405
f 4435/4435/4435 4405/4405/4405 4434/4434/4434
f 4405/4405/4405 4435/4435/4435 4406/4406/4406
f 4436/4436/4436 4406/4406/4406 4435/4435/4435
f 4406/4406/4406 4436/4436/4436 4407/4407/4407
f 4437/4437/4437 4407/4407/4407 4436/4436/4436
f 4407/4407/4407 4437/4437/4437 4408/4408/4408
f 4438/4438/4438 4408/4408/4408 4437/4437/4437
f 4408/4408/4408 4438/4438/4438 4409/4409/4409
f 4439/4439/4439 4409/4409/4409 4438/4438/4438
f 4409/4409/4409 4439/4439/4439 4410/4410/4410
f 4440/4440/4440 4410/4410/4410 4439/4439/4439
f 4410/4410/4410 4440/4440/4440 4411/4411/4411
f 4441/4441/4441 4411/4411/4411 4440/4440/4440
f 4411/4411/4411 4441/4441/4441 4412/4412/4412
f 4442/4442/4442 4412/4412/4412 4441/4441/4441
f 4412/4412/4412 4442/4442/4442 4413/4413/4413
f 4443/4443/4443 4413/4413/4413 4442/4442/4442
f 4413/4413/4413 4443/4443/4443 4414/4414/4414
f 4444/4444/4444 4414/4414/4414 4443/4443/4443
f 4414/4414/4414 4444/4444/4444 4415/4415/4415
f 4445/4445/4445 4415/4415/4415 4444/4444/4444
f 4415/4415/4415 4445/4445/4445 4416/4416/4416
f 4446/4446/4446 4416/4416/4416 4445/4445/4445
f 4416/4416/4416 4446/4446/4446 4417/4417/4417
f 4447/4447/4447 4417/4417/4417 4446/4446/4446
f 4417/4417/4417 4447/4447/4447 4418/4418/4418
f 4448/4448/4448 4418/4418/4418 4447/4447/4447
f 4418/4418/4418 4448/4448/4448 4419/4419/4419
f 4449/4449/4449 4419/4419/4419 4448/4448/4448
f 4419/4419/4419 4449/4449/4449 4420/4420/4420
f 4450/4450/4450 4420/4420/4420 4449/4449/4449
f 4420/4420/4420 4450/4450/4450 4421/4421/4421
f 4451/4451/4451 4421/4421/4421 4450/4450/4450
f 4421/4421/4421 4451/4451/4451 4422/4422/4422
f 4452/4452/4452 4422/4422/4422 4451/4451/4451
f 4422/4422/4422 4452/4452/4452 4423/4423/4423
f 4453/4453/4453 4423/4423/4423 4452/4452/4452
f 4423/4423/4423 4453/4453/4453 4424/4424/4424
f 4454/4454/4454 4424/4424/4424 4453/4453/4453
f 4424/4424/4424 4454/4454/4454 4425/4425/4425
f 4455/4455/4455 4425/4425/4425 4454/4454/4454
f 4425/4425/4425 4455/4455/4455 4426/4426/4426
f 4456/4456/4456 4426/4426/4426 4455/4455/4455
f 4426/4426/4426 4456/4456/4456 4427/4427/4427
f 4457/4457/4457 4427/4427/4427 4456/4456/4456
f 4427/4427/4427 4457/4457/4457 4428/4428/4428
f 4458/4458/4458 4428/4428/4428 4457/4457/4457
f 4428/4428/4428 4458/4458/4458 4429/4429/4429
f 4459/4459/4459 4429/4429/4429 4458/4458/4458
f 4429/4429/4429 4459/4459/4459 4430/4430/4430
f 4460/4460/4460 4430/4430/4430 4459/4459/4459
f 4430/4430/4430 4460/4460/4460 4431/4431/4431
f 4461/4461/4461 4431/4431/4431 4460/4460/4460
f 4431/4431/4431 4461/4461/4461 4432/4432/4432
f 4462/4462/4462 4432/4432/4432 4461/4461/4461
f 4433/4433/4433 4463/4463/4463 4434/4434/4434
f 4464/4464/4464 4434/4434/4434 4463/4463/4463
f 4434/4434/4434 4464/4464/4464 4435/4435/4435
f 4465/4465/4465 4435/4435/4435 4464/4464/4464
f 4435/4435/4435 4465/4465/4465 4436/4436/4436
f 4466/4466/4466 4436/4436/4436 4465/4465/4465
f 4436/4436/4436 4466/4466/4466 4437/4437/4437
f 4467/4467/4467 4437/4437/4437 4466/4466/4466
f 4437/4437/4437 4467/4467/4467 4438/4438/4438
f 4468/4468/4468 4438/4438/4438 4467/4467/4467
f 4438/4438/4438 4468/4468/4468 4439/4439/4439
f 4469/4469/4469 4439/4439/4439 4468/4468/4468
f 4439/4439/4439 4469/4469/4469 4440/4440/4440
f 4470/4470/4470 4440/4440/4440 4469/4469/4469
f 4440/4440/4440 4470/4470/4470 4441/4441/4441
f 4471/4471/4471 4441/4441/4441 4470/4470/4470
f 4441/4441/4441 4471/4471/4471 4442/4442/4442
f 4472/4472/4472 4442/4442/4442 4471/4471/4471
f 4442/4442/4442 4472/4472/4472 4443/4443/4443
f 4473/4473/4473 4443/4443/4443 4472/4472/4472
f 4443/4443/4443 4473/4473/4473 4444/4444/4444
f 4474/4474/4474 4444/4444/4444 4473/4473/4473
f 4444/4444/4444 4474/4474/4474 4445/4445/4445
f 4475/4475/4475 4445/4445/4445 4474/4474/4474
f 4445/4445/4445 4475/4475/4475 4446/4446/4446
f 4476/4476/4476 4446/4446/4446 4475/4475/4475
f 4446/4446/4446 4476/4476/4476 4447/4447/4447
f 4477/4477/4477 4447/4447/4447 4476/4476/4476
f 4447/4447/4447 4477/4477/4477 4448/4448/4448
f 4478/4478/4478 4448/4448/4448 4477/4477/4477
f 4448/4448/4448 4478/4478/4478 4449/4449/4449
f 4479/4479/4479 4449/4449/4449 4478/4478/4478
f 4449/4449/4449 4479/4479/4479 4450/4450/4450
f 4480/4480/4480 4450/4450/4450 4479/4479/4479
f 4450/4450/4450 4480/4480/4480 4451/4451/4451
f 4481/4481/4481 4451/4451/4451 4480/4480/4480
f 4451/4451/4451 4481/4481/4481 4452/4452/4452
f 4482/4482/4482 4452/4452/4452 4481/4481/4481
f 4452/4452/4452 4482/4482/4482 4453/4453/4453
f 4483/4483/4483 4453/4453/4453 4482/4482/4482
f 4453/4453/4453 4483/4483/4483 4454/4454/4454
f 4484/4484/4484 4454/4454/4454 4483/4483/4483
f 4454/4454/4454 4484/4484/4484 4455/4455/4455
f 4485/4485/4485 4455/4455/4455 4484/4484/4484
f 4455/4455/4455 4485/4485/4485 4456/4456/4456
f 4486/4486/4486 4456/4456/4456 4485/4485/4485
f 4456/4456/4456 4486/4486/4486 4457/4457/4457
f 4487/4487/4487 4457/4457/4457 4486/4486/4486
f 4457/4457/4457 4487/4487/4487 4458/4458/4458
f 4488/4488/4488 4458/4458/4458 4487/4487/4487
f 4458/4458/4458 4488/4488/4488 4459/4459/4459
f 4489/4489/4489 4459/4459/4459 4488/4488/4488
f 4459/4459/4459 4489/4489/4489 4460/4460/4460
f 4490/4490/4490 4460/4460/4460 4489/4489/4489
f 4460/4460/4460 4490/4490/4490 4461/4461/4461
f 4491/4491/4491 4461/4461/4461 4490/4490/4490
f 4461/4461/4461 4491/4491/4491 4462/4462/4462
f 4492/4492/4492 4462/4462/4462 4491/4491/4491
f 4463/4463/4463 4493/4493/4493 4464/4464/4464
f 4494/4494/4494 4464/4464/4464 4493/4493/4493
f 4464/4464/4464 4494/4494/4494 4465/4465/4465
f 4495/4495/4495 4465/4465/4465 4494/4494/4494
f 4465/4465/4465 4495/4495/4495 4466/4466/4466
f 4496/4496/4496 4466/4466/4466 4495/4495/4495
f 4466/4466/4466 4496/4496/4496 4467/4467/4467
f 4497/4497/4497 4467/4467/4467 4496/4496/4496
f 4467/4467/4467 4497/4497/4497 4468/4468/4468
f 4498/4498/4498 4468/4468/4468 4497/4497/4497
f 4468/4468/4468 4498/4498/4498 4469/4469/4469
f 4499/4499/4499 4469/4469/4469 4498/4498/4498
f 4469/4469/4469 4499/4499/4499 4470/4470/4470
f 4500/4500/4500 4470/4470/4470 4499/4499/4499
f 4470/4470/4470 4500/4500/4500 4471/4471/4471
f 4501/4501/4501 4471/4471/4471 4500/4500/4500
f 4471/4471/4471 4501/4501/4501 4472/4472/4472
f 4502/4502/4502 4472/4472/4472 4501/4501/4501
f 4472/4472/4472 4502/4502/4502 4473/4473/4473
f 4503/4503/4503 4473/4473/4473 4502/4502/4502
f 4473/4473/4473 4503/4503/4503 4474/4474/4474
f 4504/4504/4504 4474/4474/4474 4503/4503/4503
f 4474/4474/4474 4504/4504/4504 4475/4475/4475
f 4505/4505/4505 4475/4475/4475 4504/4504/4504
f 4475/4475/4475 4505/4505/4505 4476/4476/4476
f 4506/4506/4506 4476/4476/4476 4505/4505/4505
f 4476/4476/4476 4506/4506/4506 4477/4477/4477
f 4507/4507/4507 4477/4477/4477 4506/4506/4506
f 4477/4477/4477 4507/4507/4507 4478/4478/4478
f 4508/4508/4508 4478/4478/4478 4507/4507/4507
f 4478/4478/4478 4508/4508/4508 4479/4479/4479
f 4509/4509/4509 4479/4479/4479 4508/4508/4508
f 4479/4479/4479 4509/4509/4509 4480/4480/4480
f 4510/4510/4510 4480/4480/4480 4509/4509/4509
f 4480/4480/4480 4510/4510/4510 4481/4481/4481
f 4511/4511/4511 4481/4481/4481 4510/4510/4510
f 4481/4481/4481 4511/4511/4511 4482/4482/4482
f 4512/4512/4512 4482/4482/4482 4511/4511/4511
f 4482/4482/4482 4512/4512/4512 4483/4483/4483
f 4513/4513/4513 4483/4483/4483 4512/4512/4512
f 4483/4483/4483 4513/4513/4513 4484/4484/4484
f 4514/4514/4514 4484/4484/4484 4513/4513/4513
f 4484/4484/4484 4514/4514/4514 4485/4485/4485
f 4515/4515/4515 4485/4485/4485 4514/4514/4514
f 4485/4485/4485 4515/4515/4515 4486/4486/4486
f 4516/4516/4516 4486/4486/4486 4515/4515/4515
f 4486/4486/4486 4516/4516/4516 4487/4487/4487
f 4517/4517/4517 4487/4487/4487 4516/4516/4516
f 4487/4487/4487 4517/4517/4517 4488/4488/4488
f 4518/4518/4518 4488/4488/4488 4517/4517/4517
f 4488/4488/4488 4518/4518/4518 4489/4489/4489
f 4519/4519/4519 4489/4489/4489 4518/4518/4518
f 4489/4489/4489 4519/4519/4519 4490/4490/4490
f 4520/4520/4520 4490/4490/4490 4519/4519/4519
f 4490/4490/4490 4520/4520/4520 4491/4491/4491
f 4521/4521/4521 4491/4491/4491 4520/4520/4520
f 4491/4491/4491 4521/4521/4521 4492/4492/4492
f 4522/4522/4522 4492/4492/4492 4521/4521/4521
f 4493/4493/4493 4523/4523/4523 4494/4494/4494
f 4524/4524/4524 4494/4494/4494 4523/4523/4523
f 4494/4494/4494 4524/4524/4524 4495/4495/4495
f 4525/4525/4525 4495/4495/4495 4524/4524/4524
f 4495/4495/4495 4525/4525/4525 4496/4496/4496
f 4526/4526/4526 4496/4496/4496 4525/4525/4525
f 4496/4496/4496 4526/4526/4526 4497/4497/4497
f 4527/4527/4527 4497/4497/4497 4526/4526/4526
f 4497/4497/4497 4527/4527/4527 4498/4498/4498
f 4528/4528/4528 4498/4498/4498 4527/4527/4527
f 4498/4498/4498 4528/4528/4528 4499/4499/4499
f 4529/4529/4529 4499/4499/4499 4528/4528/4528
f 4499/4499/4499 4529/4529/4529 4500/4500/4500
f 4530/4530/4530 4500/4500/4500 4529/4529/4529
f 4500/4500/4500 4530/4530/4530 4501/4501/4501
f 4531/4531/4531 4501/4501/4501 4530/4530/4530
f 4501/4501/4501 4531/4531/4531 4502/4502/4502
f 4532/4532/4532 4502/4502/4502 4531/4531/4531
f 4502/4502/4502 4532/4532/4532 4503/4503/4503
f 4533/4533/4533 4503/4503/4503 4532/4532/4532
f 4503/4503/4503 4533/4533/4533 4504/4504/4504
f 4534/4534/4534 4504/4504/4504 4533/4533/4533
f 4504/4504/4504 4534/4534/4534 4505/4505/4505
f 4535/4535/4535 4505/4505/4505 4534/4534/4534
f 4505/4505/4505 4535/4535/4535 4506/4506/4506
f 4536/4536/4536 4506/4506/4506 4535/4535/4535
f 4506/4506/4506 4536/4536/4536 4507/4507/4507
f 4537/4537/4537 4507/4507/4507 4536/4536/4536
f 4507/4507/4507 4537/4537/4537 4508/4508/4508
f 4538/4538/4538 4508/4508/4508 4537/4537/4537
f 4508/4508/4508 4538/4538/4538 4509/4509/4509
f 4539/4539/4539 4509/4509/4509 4538/4538/4538
f 4509/4509/4509 4539/4539/4539 4510/4510/4510
f 4540/4540/4540 4510/4510/4510 4539/4539/4539
f 4510/4510/4510 4540/4540/4540 4511/4511/4511
f 4541/4541/4541 4511/4511/4511 4540/4540/4540
f 4511/4511/4511 4541/4541/4541 4512/4512/4512
f 4542/4542/4542 4512/4512/4512 4541/4541/4541
f 4512/4512/4512 4542/4542/4542 4513/4513/4513
f 4543/4543/4543 4513/4513/4513 4542/4542/4542
f 4513/4513/4513 4543/4543/4543 4514/4514/4514
f 4544/4544/4544 4514/4514/4514 4543/4543/4543
f 4514/4514/4514 4544/4544/4544 4515/4515/4515
f 4545/4545/4545 4515/4515/4515 4544/4544/4544
f 4515/4515/4515 4545/4545/4545 4516/4516/4516
f 4546/4546/4546 4516/4516/4516 4545/4545/4545
f 4516/4516/4516 4546/4546/4546 4517/4517/4517
f 4547/4547/4547 4517/4517/4517 4546/4546/4546
f 4517/4517/4517 4547/4547/4547 4518/4518/4518
f 4548/4548/4548 4518/4518/4518 4547/4547/4547
f 4518/4518/4518 4548/4548/4548 4519/4519/4519
f 4549/4549/4549 4519/4519/4519 4548/4548/4548
f 4519/4519/4519 4549/4549/4549 4520/4520/4520
f 4550/4550/4550 4520/4520/4520 4549/4549/4549
f 4520/4520/4520 4550/4550/4550 4521/4521/4521
f 4551/4551/4551 4521/4521/4521 4550/4550/4550
f 4521/4521/4521 4551/4551/4551 4522/4522/4522
f 4552/4552/4552 4522/4522/4522 4551/4551/4551
f 4523/4523/4523 4553/4553/4553 4524/4524/4524
f 4554/4554/4554 4524/4524/4524 4553/4553/4553
f 4524/4524/4524 4554/4554/4554 4525/4525/4525
f 4555/4555/4555 4525/4525/4525 4554/4554/4554
f 4525/4525/4525 4555/4555/4555 4526/4526/4526
f 4556/4556/4556 4526/4526/4526 4555/4555/4555
f 4526/4526/4526 4556/4556/4556 4527/4527/4527
f 4557/4557/4557 4527/4527/4527 4556/4556/4556
f 4527/4527/4527 4557/4557/4557 4528/4528/4528
f 4558/4558/4558 4528/4528/4528 4557/4557/4557
f 4528/4528/4528 4558/4558/4558 4529/4529/4529
f 4559/4559/4559 4529/4529/4529 4558/4558/4558
f 4529/4529/4529 4559/4559/4559 4530/4530/4530
f 4560/4560/4560 4530/4530/4530 4559/4559/4559
f 4530/4530/4530 4560/4560/4560 4531/4531/4531
f 4561/4561/4561 4531/4531/4531 4560/4560/4560
f 4531/4531/4531 4561/4561/4561 4532/4532/4532
f 4562/4562/4562 4532/4532/4532 4561/4561/4561
f 4532/4532/4532 4562/4562/4562 4533/4533/4533
f 4563/4563/4563 4533/4533/4533 4562/4562/4562
f 4533/4533/4533 4563/4563/4563 4534/4534/4534
f 4564/4564/4564 4534/4534/4534 4563/4563/4563
f 4534/4534/4534 4564/4564/4564 4535/4535/4535
f 4565/4565/4565 4535/4535/4535 4564/4564/4564
f 4535/4535/4535 4565/4565/4565 4536/4536/4536
f 4566/4566/4566 4536/4536/4536 4565/4565/4565
f 4536/4536/4536 4566/4566/4566 4537/4537/4537
f 4567/4567/4567 4537/4537/4537 4566/4566/4566
f 4537/4537/4537 4567/4567/4567 4538/4538/4538
f 4568/4568/4568 4538/4538/4538 4567/4567/4567
f 4538/4538/4538 4568/4568/4568 4539/4539/4539
f 4569/4569/4569 4539/4539/4539 4568/4568/4568
f 4539/4539/4539 4569/4569/4569 4540/4540/4540
f 4570/4570/4570 4540/4540/4540 4569/4569/4569
f 4540/4540/4540 4570/4570/4570 4541/4541/4541
f 4571/4571/4571 4541/4541/4541 4570/4570/4570
f 4541/4541/4541 4571/4571/4571 4542/4542/4542
f 4572/4572/4572 4542/4542/4542 4571/4571/4571
f 4542/4542/4542 4572/4572/4572 4543/4543/4543
f 4573/4573/4573 4543/4543/4543 4572/4572/4572
f 4543/4543/4543 4573/4573/4573 4544/4544/4544
f 4574/4574/4574 4544/4544/4544 4573/4573/4573
f 4544/4544/4544 4574/4574/4574 4545/4545/4545
f 4575/4575/4575 4545/4545/4545 4574/4574/4574
f 4545/4545/4545 4575/4575/4575 4546/4546/4546
f 4576/4576/4576 4546/4546/4546 4575/4575/4575
f 4546/4546/4546 4576/4576/4576 4547/4547/4547
f 4577/4577/4577 4547/4547/4547 4576/4576/4576
f 4547/4547/4547 4577/4577/4577 4548/4548/4548
f 4578/4578/4578 4548/4548/4548 4577/4577/4577
f 4548/4548/4548 4578/4578/4578 4549/4549/4549
f 4579/4579/4579 4549/4549/4549 4578/4578/4578
f 4549/4549/4549 4579/4579/4579 4550/4550/4550
f 4580/4580/4580 4550/4550/4550 4579/4579/4579
f 4550/4550/4550 4580/4580/4580 4551/4551/4551
f 4581/4581/4581 4551/4551/4551 4580/4580/4580
f 4551/4551/4551 4581/4581/4581 4552/4552/4552
f 4582/4582/4582 4552/4552/4552 4581/4581/4581
f 4553/4553/4553 4583/4583/4583 4554/4554/4554
f 4584/4584/4584 4554/4554/4554 4583/4583/4583
f 4554/4554/4554 4584/4584/4584 4555/4555/4555
f 4585/4585/4585 4555/4555/4555 4584/4584/4584
f 4555/4555/4555 4585/4585/4585 4556/4556/4556
f 4586/4586/4586 4556/4556/4556 4585/4585/4585
f 4556/4556/4556 4586/4586/4586 4557/4557/4557
f 4587/4587/4587 4557/4557/4557 4586/4586/4586
f 4557/4557/4557 4587/4587/4587 4558/4558/4558
f 4588/4588/4588 4558/4558/4558 4587/4587/4587
f 4558/4558/4558 4588/4588/4588 4559/4559/4559
f 4589/4589/4589 4559/4559/4559 4588/4588/4588
f 4559/4559/4559 4589/4589/4589 4560/4560/4560
f 4590/4590/4590 4560/4560/4560 4589/4589/4589
f 4560/4560/4560 4590/4590/4590 4561/4561/4561
f 4591/4591/4591 4561/4561/4561 4590/4590/4590
f 4561/4561/4561 4591/4591/4591 4562/4562/4562
f 4592/4592/4592 4562/4562/4562 4591/4591/4591
f 4562/4562/4562 4592/4592/4592 4563/4563/4563
f 4593/4593/4593 4563/4563/4563 4592/4592/4592
f 4563/4563/4563 4593/4593/4593 4564/4564/4564
f 4594/4594/4594 4564/4564/4564 4593/4593/4593
f 4564/4564/4564 4594/4594/4594 4565/4565/4565
f 4595/4595/4595 4565/4565/4565 4594/4594/4594
f 4565/4565/4565 4595/4595/4595 4566/4566/4566
f 4596/4596/4596 4566/4566/4566 4595/4595/4595
f 4566/4566/4566 4596/4596/4596 4567/4567/4567
f 4597/4597/4597 4567/4567/4567 4596/4596/4596
f 4567/4567/4567 4597/4597/4597 4568/4568/4568
f 4598/4598/4598 4568/4568/4568 4597/4597/4597
f 4568/4568/4568 4598/4598/4598 4569/4569/4569
f 4599/4599/4599 4569/4569/4569 4598/4598/4598
f 4569/4569/4569 4599/4599/4599 4570/4570/4570
f 4600/4600/4600 4570/4570/4570 4599/4599/4599
f 4570/4570/4570 4600/4600/4600 4571/4571/4571
f 4601/4601/4601 4571/4571/4571 4600/4600/4600
f 4571/4571/4571 4601/4601/4601 4572/4572/4572
f 4602/4602/4602 4572/4572/4572 4601/4601/4601
f 4572/4572/4572 4602/4602/4602 4573/4573/4573
f 4603/4603/4603 4573/4573/4573 4602/4602/4602
f 4573/4573/4573 4603/4603/4603 4574/4574/4574
f 4604/4604/4604 4574/4574/4574 4603/4603/4603
f 4574/4574/4574 4604/4604/4604 4575/4575/4575
f 4605/4605/4605 4575/4575/4575 4604/4604/4604
f 4575/4575/4575 4605/4605/4605 4576/4576/4576
f 4606/4606/4606 4576/4576/4576 4605/4605/4605
f 4576/4576/4576 4606/4606/4606 4577/4577/4577
f 4607/4607/4607 4577/4577/4577 4606/4606/4606
f 4577/4577/4577 4607/4607/4607 4578/4578/4578
f 4608/4608/4608 4578/4578/4578 4607/4607/4607
f 4578/4578/4578 4608/4608/4608 4579/4579/4579
f 4609/4609/4609 4579/4579/4579 4608/4608/4608
f 4579/4579/4579 4609/4609/4609 4580/4580/4580
f 4610/4610/4610 4580/4580/4580 4609/4609/4609
f 4580/4580/4580 4610/4610/4610 4581/4581/4581
f 4611/4611/4611 4581/4581/4581 4610/4610/4610
f 4581/4581/4581 4611/4611/4611 4582/4582/4582
f 4612/4612/4612 4582/4582/4582 4611/4611/4611
f 4583/4583/4583 4613/4613/4613 4584/4584/4584
f 4614/4614/4614 4584/4584/4584 4613/4613/4613
f 4584/4584/4584 4614/4614/4614 4585/4585/4585
f 4615/4615/4615 4585/4585/4585 4614/4614/4614
f 4585/4585/4585 4615/4615/4615 4586/4586/4586
f 4616/4616/4616 4586/4586/4586 4615/4615/4615
f 4586/4586/4586 4616/4616/4616 4587/4587/4587
f 4617/4617/4617 4587/4587/4587 4616/4616/4616
f 4587/4587/4587 4617/4617/4617 4588/4588/4588
f 4618/4618/4618 4588/4588/4588 4617/4617/4617
f 4588/4588/4588 4618/4618/4618 4589/4589/4589
f 4619/4619/4619 4589/4589/4589 4618/4618/4618
f 4589/4589/4589 4619/4619/4619 4590/4590/4590
f 4620/4620/4620 4590/4590/4590 4619/4619/4619
f 4590/4590/4590 4620/4620/4620 4591/4591/4591
f 4621/4621/4621 4591/4591/4591 4620/4620/4620
f 4591/4591/4591 4621/4621/4621 4592/4592/4592
f 4622/4622/4622 4592/4592/4592 4621/4621/4621
f 4592/4592/4592 4622/4622/4622 4593/4593/4593
f 4623/4623/4623 4593/4593/4593 4622/4622/4622
f 4593/4593/4593 4623/4623/4623 4594/4594/4594
f 4624/4624/4624 4594/4594/4594 4623/4623/4623
f 4594/4594/4594 4624/4624/4624 4595/4595/4595
f 4625/4625/4625 4595/4595/4595 4624/4624/4624
f 4595/4595/4595 4625/4625/4625 4596/4596/4596
f 4626/4626/4626 4596/4596/4596 4625/4625/4625
f 4596/4596/4596 4626/4626/4626 4597/4597/4597
f 4627/4627/4627 4597/4597/4597 4626/4626/4626
f 4597/4597/4597 4627/4627/4627 4598/4598/4598
f 4628/4628/4628 4598/4598/4598 4627/4627/4627
f 4598/4598/4598 4628/4628/4628 4599/4599/4599
f 4629/4629/4629 4599/4599/4599 4628/4628/4628
f 4599/4599/4599 4629/4629/4629 4600/4600/4600
f 4630/4630/4630 4600/4600/4600 4629/4629/4629
f 4600/4600/4600 4630/4630/4630 4601/4601/4601
f 4631/4631/4631 4601/4601/4601 4630/4630/4630
f 4601/4601/4601 4631/4631/4631 4602/4602/4602
f 4632/4632/4632 4602/4602/4602 4631/4631/4631
f 4602/4602/4602 4632/4632/4632 4603/4603/4603
f 4633/4633/4633 4603/4603/4603 4632/4632/4632
f 4603/4603/4603 4633/4633/4633 4604/4604/4604
f 4634/4634/4634 4604/4604/4604 4633/4633/4633
f 4604/4604/4604 4634/4634/4634 4605/4605/4605
f 4635/4635/4635 4605/4605/4605 4634/4634/4634
f 4605/4605/4605 4635/4635/4635 4606/4606/4606
f 4636/4636/4636 4606/4606/4606 4635/4635/4635
f 4606/4606/4606 4636/4636/4636 4607/4607/4607
f 4637/4637/4637 4607/4607/4607 4636/4636/4636
f 4607/4607/4607 4637/4637/4637 4608/4608/4608
f 4638/4638/4638 4608/4608/4608 4637/4637/4637
f 4608/4608/4608 4638/4638/4638 4609/4609/4609
f 4639/4639/4639 4609/4609/4609 4638/4638/4638
f 4609/4609/4609 4639/4639/4639 4610/4610/4610
f 4640/4640/4640 4610/4610/4610 4639/4639/4639
f 4610/4610/4610 4640/4640/4640 4611/4611/4611
f 4641/4641/4641 4611/4611/4611 4640/4640/4640
f 4611/4611/4611 4641/4641/4641 4612/4612/4612
f 4642/4642/4642 4612/4612/4612 4641/4641/4641
f 4613/4613/4613 4643/4643/4643 4614/4614/4614
f 4644/4644/4644 4614/4614/4614 4643/4643/4643
f 4614/4614/4614 4644/4644/4644 4615/4615/4615
f 4645/4645/4645 4615/4615/4615 4644/4644/4644
f 4615/4615/4615 4645/4645/4645 4616/4616/4616
f 4646/4646/4646 4616/4616/4616 4645/4645/4645
f 4616/4616/4616 4646/4646/4646 4617/4617/4617
f 4647/4647/4647 4617/4617/4617 4646/4646/4646
f 4617/4617/4617 4647/4647/4647 4618/4618/4618
f 4648/4648/4648 4618/4618/4618 4647/4647/4647
f 4618/4618/4618 4648/4648/4648 4619/4619/4619
f 4649/4649/4649 4619/4619/4619 4648/4648/4648
f 4619/4619/4619 4649/4649/4649 4620/4620/4620
f 4650/4650/4650 4620/4620/4620 4649/4649/4649
f 4620/4620/4620 4650/4650/4650 4621/4621/4621
f 4651/4651/4651 4621/4621/4621 4650/4650/4650
f 4621/4621/4621 4651/4651/4651 4622/4622/4622
f 4652/4652/4652 4622/4622/4622 4651/4651/4651
f 4622/4622/4622 4652/4652/4652 4623/4623/4623
f 4653/4653/4653 4623/4623/4623 4652/4652/4652
f 4623/4623/4623 4653/4653/4653 4624/4624/4624
f 4654/4654/4654 4624/4624/4624 4653/4653/4653
f 4624/4624/4624 4654/4654/4654 4625/4625/4625
f 4655/4655/4655 4625/4625/4625 4654/4654/4654
f 4625/4625/4625 4655/4655/4655 4626/4626/4626
f 4656/4656/4656 4626/4626/4626 4655/4655/4655
f 4626/4626/4626 4656/4656/4656 4627/4627/4627
f 4657/4657/4657 4627/4627/4627 4656/4656/4656
f 4627/4627/4627 4657/4657/4657 4628/4628/4628
f 4658/4658/4658 4628/4628/4628 4657/4657/4657
f 4628/4628/4628 4658/4658/4658 4629/4629/4629
f 4659/4659/4659 4629/4629/4629 4658/4658/4658
f 4629/4629/4629 4659/4659/4659 4630/4630/4630
f 4660/4660/4660 4630/4630/4630 4659/4659/4659
f 4630/4630/4630 4660/4660/4660 4631/4631/4631
f 4661/4661/4661 4631/4631/4631 4660/4660/4660
f 4631/4631/4631 4661/4661/4661 4632/4632/4632
f 4662/4662/4662 4632/4632/4632 4661/4661/4661
f 4632/4632/4632 4662/4662/4662 4633/4633/4633
f 4663/4663/4663 4633/4633/4633 4662/4662/4662
f 4633/4633/4633 4663/4663/4663 4634/4634/4634
f 4664/4664/4664 4634/4634/4634 4663/4663/4663
f 4634/4634/4634 4664/4664/4664 4635/4635/4635
f 4665/4665/4665 4635/4635/4635 4664/4664/4664
f 4635/4635/4635 4665/4665/4665 4636/4636/4636
f 4666/4666/4666 4636/4636/4636 4665/4665/4665
f 4636/4636/4636 4666/4666/4666 4637/4637/4637
f 4667/4667/4667 4637/4637/4637 4666/4666/4666
f 4637/4637/4637 4667/4667/4667 4638/4638/4638
f 4668/4668/4668 4638/4638/4638 4667/4667/4667
f 4638/4638/4638 4668/4668/4668 4639/4639/4639
f 4669/4669/4669 4639/4639/4639 4668/4668/4668
f 4639/4639/4639 4669/4669/4669 4640/4640/4640
f 4670/4670/4670 4640/4640/4640 4669/4669/4669
f 4640/4640/4640 4670/4670/4670 4641/4641/4641
f 4671/4671/4671 4641/4641/4641 4670/4670/4670
f 4641/4641/4641 4671/4671/4671 4642/4642/4642
f 4672/4672/4672 4642/4642/4642 4671/4671/4671
f 4643/4643/4643 4673/4673/4673 4644/4644/4644
f 4674/4674/4674 4644/4644/4644 4673/4673/4673
f 4644/4644/4644 4674/4674/4674 4645/4645/4645
f 4675/4675/4675 4645/4645/4645 4674/4674/4674
f 4645/4645/4645 4675/4675/4675 4646/4646/4646
f 4676/4676/4676 4646/4646/4646 4675/4675/4675
f 4646/4646/4646 4676/4676/4676 4647/4647/4647
f 4677/4677/4677 4647/4647/4647 4676/4676/4676
f 4647/4647/4647 4677/4677/4677 4648/4648/4648
f 4678/4678/4678 4648/4648/4648 4677/4677/4677
f 4648/4648/4648 4678/4678/4678 4649/4649/4649
f 4679/4679/4679 4649/4649/4649 4678/4678/4678
f 4649/4649/4649 4679/4679/4679 4650/4650/4650
f 4680/4680/4680 4650/4650/4650 4679/4679/4679
f 4650/4650/4650 4680/4680/4680 4651/4651/4651
f 4681/4681/4681 4651/4651/4651 4680/4680/4680
f 4651/4651/4651 4681/4681/4681 4652/4652/4652
f 4682/4682/4682 4652/4652/4652 4681/4681/4681
f 4652/4652/4652 4682/4682/4682 4653/4653/4653
f 4683/4683/4683 4653/4653/4653 4682/4682/4682
f 4653/4653/4653 4683/4683/4683 4654/4654/4654
f 4684/4684/4684 4654/4654/4654 4683/4683/4683
f 4654/4654/4654 4684/4684/4684 4655/4655/4655
f 4685/4685/4685 4655/4655/4655 4684/4684/4684
f 4655/4655/4655 4685/4685/4685 4656/4656/4656
f 4686/4686/4686 4656/4656/4656 4685/4685/4685
f 4656/4656/4656 4686/4686/4686 4657/4657/4657
f 4687/4687/4687 4657/4657/4657 4686/4686/4686
f 4657/4657/4657 4687/4687/4687 4658/4658/4658
f 4688/4688/4688 4658/4658/4658 4687/4687/4687
f 4658/4658/4658 4688/4688/4688 4659/4659/4659
f 4689/4689/4689 4659/4659/4659 4688/4688/4688
f 4659/4659/4659 4689/4689/4689 4660/4660/4660
f 4690/4690/4690 4660/4660/4660 4689/4689/4689
f 4660/4660/4660 4690/4690/4690 4661/4661/4661
f 4691/4691/4691 4661/4661/4661 4690/4690/4690
f 4661/4661/4661 4691/4691/4691 4662/4662/4662
f 4692/4692/4692 4662/4662/4662 4691/4691/4691
f 4662/4662/4662 4692/4692/4692 4663/4663/4663
f 4693/4693/4693 4663/4663/4663 4692/4692/4692
f 4663/4663/4663 4693/4693/4693 4664/4664/4664
f 4694/4694/4694 4664/4664/4664 4693/4693/4693
f 4664/4664/4664 4694/4694/4694 4665/4665/4665
f 4695/4695/4695 4665/4665/4665 4694/4694/4694
f 4665/4665/4665 4695/4695/4695 4666/4666/4666
f 4696/4696/4696 4666/4666/4666 4695/4695/4695
f 4666/4666/4666 4696/4696/4696 4667/4667/4667
f 4697/4697/4697 4667/4667/4667 4696/4696/4696
f 4667/4667/4667 4697/4697/4697 4668/4668/4668
f 4698/4698/4698 4668/4668/4668 4697/4697/4697
f 4668/4668/4668 4698/4698/4698 4669/4669/4669
f 4699/4699/4699 4669/4669/4669 4698/4698/4698
f 4669/4669/4669 4699/4699/4699 4670/4670/4670
f 4700/4700/4700 4670/4670/4670 4699/4699/4699
f 4670/4670/4670 4700/4700/4700 4671/4671/4671
f 4701/4701/4701 4671/4671/4671 4700/4700/4700
f 4671/4671/4671 4701/4701/4701 4672/4672/4672
f 4702/4702/4702 4672/4672/4672 4701/4701/4701
f 4673/4673/4673 4703/4703/4703 4674/4674/4674
f 4704/4704/4704 4674/4674/4674 4703/4703/4703
f 4674/4674/4674 4704/4704/4704 4675/4675/4675
f 4705/4705/4705 4675/4675/4675 4704/4704/4704
f 4675/4675/4675 4705/4705/4705 4676/4676/4676
f 4706/4706/4706 4676/4676/4676 4705/4705/4705
f 4676/4676/4676 4706/4706/4706 4677/4677/4677
f 4707/4707/4707 4677/4677/4677 4706/4706/4706
f 4677/4677/4677 4707/4707/4707 4678/4678/4678
f 4708/4708/4708 4678/4678/4678 4707/4707/4707
f 4678/4678/4678 4708/4708/4708 4679/4679/4679
f 4709/4709/4709 4679/4679/4679 4708/4708/4708
f 4679/4679/4679 4709/4709/4709 4680/4680/4680
f 4710/4710/4710 4680/4680/4680 4709/4709/4709
f 4680/4680/4680 4710/4710/4710 4681/4681/4681
f 4711/4711/4711 4681/4681/4681 4710/4710/4710
f 4681/4681/4681 4711/4711/4711 4682/4682/4682
f 4712/4712/4712 4682/4682/4682 4711/4711/4711
f 4682/4682/4682 4712/4712/4712 4683/4683/4683
f 4713/4713/4713 4683/4683/4683 4712/4712/4712
f 4683/4683/4683 4713/4713/4713 4684/4684/4684
f 4714/4714/4714 4684/4684/4684 4713/4713/4713
f 4684/4684/4684 4714/4714/4714 4685/4685/4685
f 4715/4715/4715 4685/4685/4685 4714/4714/4714
f 4685/4685/4685 4715/4715/4715 4686/4686/4686
f 4716/4716/4716 4686/4686/4686 4715/4715/4715
f 4686/4686/4686 4716/4716/4716 4687/4687/4687
f 4717/4717/4717 4687/4687/4687 4716/4716/4716
f 4687/4687/4687 4717/4717/4717 4688/4688/4688
f 4718/4718/4718 4688/4688/4688 4717/4717/4717
f 4688/4688/4688 4718/4718/4718 4689/4689/4689
f 4719/4719/4719 4689/4689/4689 4718/4718/4718
f 4689/4689/4689 4719/4719/4719 4690/4690/4690
f 4720/4720/4720 4690/4690/4690 4719/4719/4719
f 4690/4690/4690 4720/4720/4720 4691/4691/4691
f 4721/4721/4721 4691/4691/4691 4720/4720/4720
f 4691/4691/4691 4721/4721/4721 4692/4692/4692
f 4722/4722/4722 4692/4692/4692 4721/4721/4721
f 4692/4692/4692 4722/4722/4722 4693/4693/4693
f 4723/4723/4723 4693/4693/4693 4722/4722/4722
f 4693/4693/4693 4723/4723/4723 4694/4694/4694
f 4724/4724/4724 4694/4694/4694 4723/4723/4723
f 4694/4694/4694 4724/4724/4724 4695/4695/4695
f 4725/4725/4725 4695/4695/4695 4724/4724/4724
f 4695/4695/4695 4725/4725/4725 4696/4696/4696
f 4726/4726/4726 4696/4696/4696 4725/4725/4725
f 4696/4696/4696 4726/4726/4726 4697/4697/4697
f 4727/4727/4727 4697/4697/4697 4726/4726/4726
f 4697/4697/4697 4727/4727/4727 4698/4698/4698
f 4728/4728/4728 4698/4698/4698 4727/4727/4727
f 4698/4698/4698 4728/4728/4728 4699/4699/4699
f 4729/4729/4729 4699/4699/4699 4728/4728/4728
f 4699/4699/4699 4729/4729/4729 4700/4700/4700
f 4730/4730/4730 4700/4700/4700 4729/4729/4729
f 4700/4700/4700 4730/4730/4730 4701/4701/4701
f 4731/4731/4731 4701/4701/4701 4730/4730/4730
f 4701/4701/4701 4731/4731/4731 4702/4702/4702
f 4732/4732/4732 4702/4702/4702 4731/4731/4731
f 4703/4703/4703 4733/4733/4733 4704/4704/4704
f 4734/4734/4734 4704/4704/4704 4733/4733/4733
f 4704/4704/4704 4734/4734/4734 4705/4705/4705
f 4735/4735/4735 4705/4705/4705 4734/4734/4734
f 4705/4705/4705 4735/4735/4735 4706/4706/4706
f 4736/4736/4736 4706/4706/4706 4735/4735/4735
f 4706/4706/4706 4736/4736/4736 4707/4707/4707
f 4737/4737/4737 4707/4707/4707 4736/4736/4736
f 4707/4707/4707 4737/4737/4737 4708/4708/4708
f 4738/4738/4738 4708/4708/4708 4737/4737/4737
f 4708/4708/4708 4738/4738/4738 4709/4709/4709
f 4739/4739/4739 4709/4709/4709 4738/4738/4738
f 4709/4709/4709 4739/4739/4739 4710/4710/4710
f 4740/4740/4740 4710/4710/4710 4739/4739/4739
f 4710/4710/4710 4740/4740/4740 4711/4711/4711
f 4741/4741/4741 4711/4711/4711 4740/4740/4740
f 4711/4711/4711 4741/4741/4741 4712/4712/4712
f 4742/4742/4742 4712/4712/4712 4741/4741/4741
f 4712/4712/4712 4742/4742/4742 4713/4713/4713
f 4743/4743/4743 4713/4713/4713 4742/4742/4742
f 4713/4713/4713 4743/4743/4743 4714/4714/4714
f 4744/4744/4744 4714/4714/4714 4743/4743/4743
f 4714/4714/4714 4744/4744/4744 4715/4715/4715
f 4745/4745/4745 4715/4715/4715 4744/4744/4744
f 4715/4715/4715 4745/4745/4745 4716/4716/4716
f 4746/4746/4746 4716/4716/4716 4745/4745/4745
f 4716/4716/4716 4746/4746/4746 4717/4717/4717
f 4747/4747/4747 4717/4717/4717 4746/4746/4746
f 4717/4717/4717 4747/4747/4747 4718/4718/4718
f 4748/4748/4748 4718/4718/4718 4747/4747/4747
f 4718/4718/4718 4748/4748/4748 4719/4719/4719
f 4749/4749/4749 4719/4719/4719 4748/4748/4748
f 4719/4719/4719 4749/4749/4749 4720/4720/4720
f 4750/4750/4750 4720/4720/4720 4749/4749/4749
f 4720/4720/4720 4750/4750/4750 4721/4721/4721
f 4751/4751/4751 4721/4721/4721 4750/4750/4750
f 4721/4721/4721 4751/4751/4751 4722/4722/4722
f 4752/4752/4752 4722/4722/4722 4751/4751/4751
f 4722/4722/4722 4752/4752/4752 4723/4723/4723
f 4753/4753/4753 4723/4723/4723 4752/4752/4752
f 4723/4723/4723 4753/4753/4753 4724/4724/4724
f 4754/4754/4754 4724/4724/4724 4753/4753/4753
f 4724/4724/4724 4754/4754/4754 4725/4725/4725
f 4755/4755/4755 4725/4725/4725 4754/4754/4754
f 4725/4725/4725 4755/4755/4755 4726/4726/4726
f 4756/4756/4756 4726/4726/4726 4755/4755/4755
f 4726/4726/4726 4756/4756/4756 4727/4727/4727
f 4757/4757/4757 4727/4727/4727 4756/4756/4756
f 4727/4727/4727 4757/4757/4757 4728/4728/4728
f 4758/4758/4758 4728/4728/4728 4757/4757/4757
f 4728/4728/4728 4758/4758/4758 4729/4729/4729
f 4759/4759/4759 4729/4729/4729 4758/4758/4758
f 4729/4729/4729 4759/4759/4759 4730/4730/4730
f 4760/4760/4760 4730/4730/4730 4759/4759/4759
f 4730/4730/4730 4760/4760/4760 4731/4731/4731
f 4761/4761/4761 4731/4731/4731 4760/4760/4760
f 4731/4731/4731 4761/4761/4761 4732/4732/4732
f 4762/4762/4762 4732/4732/4732 4761/4761/4761
f 4733/4733/4733 4763/4763/4763 4734/4734/4734
f 4764/4764/4764 4734/4734/4734 4763/4763/4763
f 4734/4734/4734 4764/4764/4764 4735/4735/4735
f 4765/4765/4765 4735/4735/4735 4764/4764/4764
f 4735/4735/4735 4765/4765/4765 4736/4736/4736
f 4766/4766/4766 4736/4736/4736 4765/4765/4765
f 4736/4736/4736 4766/4766/4766 4737/4737/4737
f 4767/4767/4767 4737/4737/4737 4766/4766/4766
f 4737/4737/4737 4767/4767/4767 4738/4738/4738
f 4768/4768/4768 4738/4738/4738 4767/4767/4767
f 4738/4738/4738 4768/4768/4768 4739/4739/4739
f 4769/4769/4769 4739/4739/4739 4768/4768/4768
f 4739/4739/4739 4769/4769/4769 4740/4740/4740
f 4770/4770/4770 4740/4740/4740 4769/4769/4769
f 4740/4740/4740 4770/4770/4770 4741/4741/4741
f 4771/4771/4771 4741/4741/4741 4770/4770/4770
f 4741/4741/4741 4771/4771/4771 4742/4742/4742
f 4772/4772/4772 4742/4742/4742 4771/4771/4771
f 4742/4742/4742 4772/4772/4772 4743/4743/4743
f 4773/4773/4773 4743/4743/4743 4772/4772/4772
f 4743/4743/4743 4773/4773/4773 4744/4744/4744
f 4774/4774/4774 4744/4744/4744 4773/4773/4773
f 4744/4744/4744 4774/4774/4774 4745/4745/4745
f 4775/4775/4775 4745/4745/4745 4774/4774/4774
f 4745/4745/4745 4775/4775/4775 4746/4746/4746
f 4776/4776/4776 4746/4746/4746 4775/4775/4775
f 4746/4746/4746 4776/4776/4776 4747/4747/4747
f 4777/4777/4777 4747/4747/4747 4776/4776/4776
f 4747/4747/4747 4777/4777/4777 4748/4748/4748
f 4778/4778/4778 4748/4748/4748 4777/4777/4777
f 4748/4748/4748 4778/4778/4778 4749/4749/4749
f 4779/4779/4779 4749/4749/4749 4778/4778/4778
f 4749/4749/4749 4779/4779/4779 4750/4750/4750
f 4780/4780/4780 4750/4750/4750 4779/4779/4779
f 4750/4750/4750 4780/4780/4780 4751/4751/4751
f 4781/4781/4781 4751/4751/4751 4780/4780/4780
f 4751/4751/4751 4781/4781/4781 4752/4752/4752
f 4782/4782/4782 4752/4752/4752 4781/4781/4781
f 4752/4752/4752 4782/4782/4782 4753/4753/4753
f 4783/4783/4783 4753/4753/4753 4782/4782/4782
f 4753/4753/4753 4783/4783/4783 4754/4754/4754
f 4784/4784/4784 4754/4754/4754 4783/4783/4783
f 4754/4754/4754 4784/4784/4784 4755/4755/4755
f 4785/4785/4785 4755/4755/4755 4784/4784/4784
f 4755/4755/4755 4785/4785/4785 4756/4756/4756
f 4786/4786/4786 4756/4756/4756 4785/4785/4785
f 4756/4756/4756 4786/4786/4786 4757/4757/4757
f 4787/4787/4787 4757/4757/4757 4786/4786/4786
f 4757/4757/4757 4787/4787/4787 4758/4758/4758
f 4788/4788/4788 4758/4758/4758 4787/4787/4787
f 4758/4758/4758 4788/4788/4788 4759/4759/4759
f 4789/4789/4789 4759/4759/4759 4788/4788/4788
f 4759/4759/4759 4789/4789/4789 4760/4760/4760
f 4790/4790/4790 4760/4760/4760 4789/4789/4789
f 4760/4760/4760 4790/4790/4790 4761/4761/4761
f 4791/4791/4791 4761/4761/4761 4790/4790/4790
f 4761/4761/4761 4791/4791/4791 4762/4762/4762
f 4792/4792/4792 4762/4762/4762 4791/4791/4791
f 4763/4763/4763 4793/4793/4793 4764/4764/4764
f 4794/4794/4794 4764/4764/4764 4793/4793/4793
f 4764/4764/4764 4794/4794/4794 4765/4765/4765
f 4795/4795/4795 4765/4765/4765 4794/4794/4794
f 4765/4765/4765 4795/4795/4795 4766/4766/4766
f 4796/4796/4796 4766/4766/4766 4795/4795/4795
f 4766/4766/4766 4796/4796/4796 4767/4767/4767
f 4797/4797/4797 4767/4767/4767 4796/4796/4796
f 4767/4767/4767 4797/4797/4797 4768/4768/4768
f 4798/4798/4798 4768/4768/4768 4797/4797/4797
f 4768/4768/4768 4798/4798/4798 4769/4769/4769
f 4799/4799/4799 4769/4769/4769 4798/4798/4798
f 4769/4769/4769 4799/4799/4799 4770/4770/4770
f 4800/4800/4800 4770/4770/4770 4799/4799/4799
f 4770/4770/4770 4800/4800/4800 4771/4771/4771
f 4801/4801/4801 4771/4771/4771 4800/4800/4800
f 4771/4771/4771 4801/4801/4801 4772/4772/4772
f 4802/4802/4802 4772/4772/4772 4801/4801/4801
f 4772/4772/4772 4802/4802/4802 4773/4773/4773
f 4803/4803/4803 4773/4773/4773 4802/4802/4802
f 4773/4773/4773 4803/4803/4803 4774/4774/4774
f 4804/4804/4804 4774/4774/4774 4803/4803/4803
f 4774/4774/4774 4804/4804/4804 4775/4775/4775
f 4805/4805/4805 4775/4775/4775 4804/4804/4804
f 4775/4775/4775 4805/4805/4805 4776/4776/4776
f 4806/4806/4806 4776/4776/4776 4805/4805/4805
f 4776/4776/4776 4806/4806/4806 4777/4777/4777
f 4807/4807/4807 4777/4777/4777 4806/4806/4806
f 4777/4777/4777 4807/4807/4807 4778/4778/4778
f 4808/4808/4808 4778/4778/4778 4807/4807/4807
f 4778/4778/4778 4808/4808/4808 4779/4779/4779
f 4809/4809/4809 4779/4779/4779 4808/4808/4808
f 4779/4779/4779 4809/4809/4809 4780/4780/4780
f 4810/4810/4810 4780/4780/4780 4809/4809/4809
f 4780/4780/4780 4810/4810/4810 4781/4781/4781
f 4811/4811/4811 4781/4781/4781 4810/4810/4810
f 4781/4781/4781 4811/4811/4811 4782/4782/4782
f 4812/4812/4812 4782/4782/4782 4811/4811/4811
f 4782/4782/4782 4812/4812/4812 4783/4783/4783
f 4813/4813/4813 4783/4783/4783 4812/4812/4812
f 4783/4783/4783 4813/4813/4813 4784/4784/4784
f 4814/4814/4814 4784/4784/4784 4813/4813/4813
f 4784/4784/4784 4814/4814/4814 4785/4785/4785
f 4815/4815/4815 4785/4785/4785 4814/4814/4814
f 4785/4785/4785 4815/4815/4815 4786/4786/4786
f 4816/4816/4816 4786/4786/4786 4815/4815/4815
f 4786/4786/4786 4816/4816/4816 4787/4787/4787
f 4817/4817/4817 4787/4787/4787 4816/4816/4816
f 4787/4787/4787 4817/4817/4817 4788/4788/4788
f 4818/4818/4818 4788/4788/4788 4817/4817/4817
f 4788/4788/4788 4818/4818/4818 4789/4789/4789
f 4819/4819/4819 4789/4789/4789 4818/4818/4818
f 4789/4789/4789 4819/4819/4819 4790/4790/4790
f 4820/4820/4820 4790/4790/4790 4819/4819/4819
f 4790/4790/4790 4820/4820/4820 4791/4791/4791
f 4821/4821/4821 4791/4791/4791 4820/4820/4820
f 4791/4791/4791 4821/4821/4821 4792/4792/4792
f 4822/4822/4822 4792/4792/4792 4821/4821/4821
f 4793/4793/4793 4823/4823/4823 4794/4794/4794
f 4824/4824/4824 4794/4794/4794 4823/4823/4823
f 4794/4794/4794 4824/4824/4824 4795/4795/4795
f 4825/4825/4825 4795/4795/4795 4824/4824/4824
f 4795/4795/4795 4825/4825/4825 4796/4796/4796
f 4826/4826/4826 4796/4796/4796 4825/4825/4825
f 4796/4796/4796 4826/4826/4826 4797/4797/4797
f 4827/4827/4827 4797/4797/4797 4826/4826/4826
f 4797/4797/4797 4827/4827/4827 4798/4798/4798
f 4828/4828/4828 4798/4798/4798 4827/4827/4827
f 4798/4798/4798 4828/4828/4828 4799/4799/4799
f 4829/4829/4829 4799/4799/4799 4828/4828/4828
f 4799/4799/4799 4829/4829/4829 4800/4800/4800
f 4830/4830/4830 4800/4800/4800 4829/4829/4829
f 4800/4800/4800 4830/4830/4830 4801/4801/4801
f 4831/4831/4831 4801/4801/4801 4830/4830/4830
f 4801/4801/4801 4831/4831/4831 4802/4802/4802
f 4832/4832/4832 4802/4802/4802 4831/4831/4831
f 4802/4802/4802 4832/4832/4832 4803/4803/4803
f 4833/4833/4833 4803/4803/4803 4832/4832/4832
f 4803/4803/4803 4833/4833/4833 4804/4804/4804
f 4834/4834/4834 4804/4804/4804 4833/4833/4833
f 4804/4804/4804 4834/4834/4834 4805/4805/4805
f 4835/4835/4835 4805/4805/4805 4834/4834/4834
f 4805/4805/4805 4835/4835/4835 4806/4806/4806
f 4836/4836/4836 4806/4806/4806 4835/4835/4835
f 4806/4806/4806 4836/4836/4836 4807/4807/4807
f 4837/4837/4837 4807/4807/4807 4836/4836/4836
f 4807/4807/4807 4837/4837/4837 4808/4808/4808
f 4838/4838/4838 4808/4808/4808 4837/4837/4837
f 4808/4808/4808 4838/4838/4838 4809/4809/4809
f 4839/4839/4839 4809/4809/4809 4838/4838/4838
f 4809/4809/4809 4839/4839/4839 4810/4810/4810
f 4840/4840/4840 4810/4810/4810 4839/4839/4839
f 4810/4810/4810 4840/4840/4840 4811/4811/4811
f 4841/4841/4841 4811/4811/4811 4840/4840/4840
f 4811/4811/4811 4841/4841/4841 4812/4812/4812
f 4842/4842/4842 4812/4812/4812 4841/4841/4841
f 4812/4812/4812 4842/4842/4842 4813/4813/4813
f 4843/4843/4843 4813/4813/4813 4842/4842/4842
f 4813/4813/4813 4843/4843/4843 4814/4814/4814
f 4844/4844/4844 4814/4814/4814 4843/4843/4843
f 4814/4814/4814 4844/4844/4844 4815/4815/4815
f 4845/4845/4845 4815/4815/4815 4844/4844/4844
f 4815/4815/4815 4845/4845/4845 4816/4816/4816
f 4846/4846/4846 4816/4816/4816 4845/4845/4845
f 4816/4816/4816 4846/4846/4846 4817/4817/4817
f 4847/4847/4847 4817/4817/4817 4846/4846/4846
f 4817/4817/4817 4847/4847/4847 4818/4818/4818
f 4848/4848/4848 4818/4818/4818 4847/4847/4847
f 4818/4818/4818 4848/4848/4848 4819/4819/4819
f 4849/4849/4849 4819/4819/4819 4848/4848/4848
f 4819/4819/4819 4849/4849/4849 4820/4820/4820
f 4850/4850/4850 4820/4820/4820 4849/4849/4849
f 4820/4820/4820 4850/4850/4850 4821/4821/4821
f 4851/4851/4851 4821/4821/4821 4850/4850/4850
f 4821/4821/4821 4851/4851/4851 4822/4822/4822
f 4852/4852/4852 4822/4822/4822 4851/4851/4851
f 4823/4823/4823 4853/4853/4853 4824/4824/4824
f 4854/4854/4854 4824/4824/4824 4853/4853/4853
f 4824/4824/4824 4854/4854/4854 4825/4825/4825
f 4855/4855/4855 4825/4825/4825 4854/4854/4854
f 4825/4825/4825 4855/4855/4855 4826/4826/4826
f 4856/4856/4856 4826/4826/4826 4855/4855/4855
f 4826/4826/4826 4856/4856/4856 4827/4827/4827
f 4857/4857/4857 4827/4827/4827 4856/4856/4856
f 4827/4827/4827 4857/4857/4857 4828/4828/4828
f 4858/4858/4858 4828/4828/4828 4857/4857/4857
f 4828/4828/4828 4858/4858/4858 4829/4829/4829
f 4859/4859/4859 4829/4829/4829 4858/4858/4858
f 4829/4829/4829 4859/4859/4859 4830/4830/4830
f 4860/4860/4860 4830/4830/4830 4859/4859/4859
f 4830/4830/4830 4860/4860/4860 4831/4831/4831
f 4861/4861/4861 4831/4831/4831 4860/4860/4860
f 4831/4831/4831 4861/4861/4861 4832/4832/4832
f 4862/4862/4862 4832/4832/4832 4861/4861/4861
f 4832/4832/4832 4862/4862/4862 4833/4833/4833
f 4863/4863/4863 4833/4833/4833 4862/4862/4862
f 4833/4833/4833 4863/4863/4863 4834/4834/4834
f 4864/4864/4864 4834/4834/4834 4863/4863/4863
f 4834/4834/4834 4864/4864/4864 4835/4835/4835
f 4865/4865/4865 4835/4835/4835 4864/4864/4864
f 4835/4835/4835 4865/4865/4865 4836/4836/4836
f 4866/4866/4866 4836/4836/4836 4865/4865/4865
f 4836/4836/4836 4866/4866/4866 4837/4837/4837
f 4867/4867/4867 4837/4837/4837 4866/4866/4866
f 4837/4837/4837 4867/4867/4867 4838/4838/4838
f 4868/4868/4868 4838/4838/4838 4867/4867/4867
f 4838/4838/4838 4868/4868/4868 4839/4839/4839
f 4869/4869/4869 4839/4839/4839 4868/4868/4868
f 4839/4839/4839 4869/4869/4869 4840/4840/4840
f 4870/4870/4870 4840/4840/4840 4869/4869/4869
f 4840/4840/4840 4870/4870/4870 4841/4841/4841
f 4871/4871/4871 4841/4841/4841 4870/4870/4870
f 4841/4841/4841 4871/4871/4871 4842/4842/4842
f 4872/4872/4872 4842/4842/4842 4871/4871/4871
f 4842/4842/4842 4872/4872/4872 4843/4843/4843
f 4873/4873/4873 4843/4843/4843 4872/4872/4872
f 4843/4843/4843 4873/4873/4873 4844/4844/4844
f 4874/4874/4874 4844/4844/4844 4873/4873/4873
f 4844/4844/4844 4874/4874/4874 4845/4845/4845
f 4875/4875/4875 4845/4845/4845 4874/4874/4874
f 4845/4845/4845 4875/4875/4875 4846/4846/4846
f 4876/4876/4876 4846/4846/4846 4875/4875/4875
f 4846/4846/4846 4876/4876/4876 4847/4847/4847
f 4877/4877/4877 4847/4847/4847 4876/4876/4876
f 4847/4847/4847 4877/4877/4877 4848/4848/4848
f 4878/4878/4878 4848/4848/4848 4877/4877/4877
f 4848/4848/4848 4878/4878/4878 4849/4849/4849
f 4879/4879/4879 4849/4849/4849 4878/4878/4878
f 4849/4849/4849 4879/4879/4879 4850/4850/4850
f 4880/4880/4880 4850/4850/4850 4879/4879/4879
f 4850/4850/4850 4880/4880/4880 4851/4851/4851
f 4881/4881/4881 4851/4851/4851 4880/4880/4880
f 4851/4851/4851 4881/4881/4881 4852/4852/4852
f 4882/4882/4882 4852/4852/4852 4881/4881/4881
f 4853/4853/4853 4883/4883/4883 4854/4854/4854
f 4884/4884/4884 4854/4854/4854 4883/4883/4883
f 4854/4854/4854 4884/4884/4884 4855/4855/4855
f 4885/4885/4885 4855/4855/4855 4884/4884/4884
f 4855/4855/4855 4885/4885/4885 4856/4856/4856
f 4886/4886/4886 4856/4856/4856 4885/4885/4885
f 4856/4856/4856 4886/4886/4886 4857/4857/4857
f 4887/4887/4887 4857/4857/4857 4886/4886/4886
f 4857/4857/4857 4887/4887/4887 4858/4858/4858
f 4888/4888/4888 4858/4858/4858 4887/4887/4887
f 4858/4858/4858 4888/4888/4888 4859/4859/4859
f 4889/4889/4889 4859/4859/4859 4888/4888/4888
f 4859/4859/4859 4889/4889/4889 4860/4860/4860
f 4890/4890/4890 4860/4860/4860 4889/4889/4889
f 4860/4860/4860 4890/4890/4890 4861/4861/4861
f 4891/4891/4891 4861/4861/4861 4890/4890/4890
f 4861/4861/4861 4891/4891/4891 4862/4862/4862
f 4892/4892/4892 4862/4862/4862 4891/4891/4891
f 4862/4862/4862 4892/4892/4892 4863/4863/4863
f 4893/4893/4893 4863/4863/4863 4892/4892/4892
f 4863/4863/4863 4893/4893/4893 4864/4864/4864
f 4894/4894/4894 4864/4864/4864 4893/4893/4893
f 4864/4864/4864 4894/4894/4894 4865/4865/4865
f 4895/4895/4895 4865/4865/4865 4894/4894/4894
f 4865/4865/4865 4895/4895/4895 4866/4866/4866
f 4896/4896/4896 4866/4866/4866 4895/4895/4895
f 4866/4866/4866 4896/4896/4896 4867/4867/4867
f 4897/4897/4897 4867/4867/4867 4896/4896/4896
f 4867/4867/4867 4897/4897/4897 4868/4868/4868
f 4898/4898/4898 4868/4868/4868 4897/4897/4897
f 4868/4868/4868 4898/4898/4898 4869/4869/4869
f 4899/4899/4899 4869/4869/4869 4898/4898/4898
f 4869/4869/4869 4899/4899/4899 4870/4870/4870
f 4900/4900/4900 4870/4870/4870 4899/4899/4899
f 4870/4870/4870 4900/4900/4900 4871/4871/4871
f 4901/4901/4901 4871/4871/4871 4900/4900/4900
f 4871/4871/4871 4901/4901/4901 4872/4872/4872
f 4902/4902/4902 4872/4872/4872 4901/4901/4901
f 4872/4872/4872 4902/4902/4902 4873/4873/4873
f 4903/4903/4903 4873/4873/4873 4902/4902/4902
f 4873/4873/4873 4903/4903/4903 4874/4874/4874
f 4904/4904/4904 4874/4874/4874 4903/4903/4903
f 4874/4874/4874 4904/4904/4904 4875/4875/4875
f 4905/4905/4905 4875/4875/4875 4904/4904/4904
f 4875/4875/4875 4905/4905/4905 4876/4876/4876
f 4906/4906/4906 4876/4876/4876 4905/4905/4905
f 4876/4876/4876 4906/4906/4906 4877/4877/4877
f 4907/4907/4907 4877/4877/4877 4906/4906/4906
f 4877/4877/4877 4907/4907/4907 4878/4878/4878
f 4908/4908/4908 4878/4878/4878 4907/4907/4907
f 4878/4878/4878 4908/4908/4908 4879/4879/4879
f 4909/4909/4909 4879/4879/4879 4908/4908/4908
f 4879/4879/4879 4909/4909/4909 4880/4880/4880
f 4910/4910/4910 4880/4880/4880 4909/4909/4909
f 4880/4880/4880 4910/4910/4910 4881/4881/4881
f 4911/4911/4911 4881/4881/4881 4910/4910/4910
f 4881/4881/4881 4911/4911/4911 4882/4882/4882
f 4912/4912/4912 4882/4882/4882 4911/4911/4911
f 4883/4883/4883 4913/4913/4913 4884/4884/4884
f 4914/4914/4914 4884/4884/4884 4913/4913/4913
f 4884/4884/4884 4914/4914/4914 4885/4885/4885
f 4915/4915/4915 4885/4885/4885 4914/4914/4914
f 4885/4885/4885 4915/4915/4915 4886/4886/4886
f 4916/4916/4916 4886/4886/4886 4915/4915/4915
f 4886/4886/4886 4916/4916/4916 4887/4887/4887
f 4917/4917/4917 4887/4887/4887 4916/4916/4916
f 4887/4887/4887 4917/4917/4917 4888/4888/4888
f 4918/4918/4918 4888/4888/4888 4917/4917/4917
f 4888/4888/4888 4918/4918/4918 4889/4889/4889
f 4919/4919/4919 4889/4889/4889 4918/4918/4918
f 4889/4889/4889 4919/4919/4919 4890/4890/4890
f 4920/4920/4920 4890/4890/4890 4919/4919/4919
f 4890/4890/4890 4920/4920/4920 4891/4891/4891
f 4921/4921/4921 4891/4891/4891 4920/4920/4920
f 4891/4891/4891 4921/4921/4921 4892/4892/4892
f 4922/4922/4922 4892/4892/4892 4921/4921/4921
f 4892/4892/4892 4922/4922/4922 4893/4893/4893
f 4923/4923/4923 4893/4893/4893 4922/4922/4922
f 4893/4893/4893 4923/4923/4923 4894/4894/4894
f 4924/4924/4924 4894/4894/4894 4923/4923/4923
f 4894/4894/4894 4924/4924/4924 4895/4895/4895
f 4925/4925/4925 4895/4895/4895 4924/4924/4924
f 4895/4895/4895 4925/4925/4925 4896/4896/4896
f 4926/4926/4926 4896/4896/4896 4925/4925/4925
f 4896/4896/4896 4926/4926/4926 4897/4897/4897
f 4927/4927/4927 4897/4897/4897 4926/4926/4926
f 4897/4897/4897 4927/4927/4927 4898/4898/4898
f 4928/4928/4928 4898/4898/4898 4927/4927/4927
f 4898/4898/4898 4928/4928/4928 4899/4899/4899
f 4929/4929/4929 4899/4899/4899 4928/4928/4928
f 4899/4899/4899 4929/4929/4929 4900/4900/4900
f 4930/4930/4930 4900/4900/4900 4929/4929/4929
f 4900/4900/4900 4930/4930/4930 4901/4901/4901
f 4931/4931/4931 4901/4901/4901 4930/4930/4930
f 4901/4901/4901 4931/4931/4931 4902/4902/4902
f 4932/4932/4932 4902/4902/4902 4931/4931/4931
f 4902/4902/4902 4932/4932/4932 4903/4903/4903
f 4933/4933/4933 4903/4903/4903 4932/4932/4932
f 4903/4903/4903 4933/4933/4933 4904/4904/4904
f 4934/4934/4934 4904/4904/4904 4933/4933/4933
f 4904/4904/4904 4934/4934/4934 4905/4905/4905
f 4935/4935/4935 4905/4905/4905 4934/4934/4934
f 4905/4905/4905 4935/4935/4935 4906/4906/4906
f 4936/4936/4936 4906/4906/4906 4935/4935/4935
f 4906/4906/4906 4936/4936/4936 4907/4907/4907
f 4937/4937/4937 4907/4907/4907 4936/4936/4936
f 4907/4907/4907 4937/4937/4937 4908/4908/4908
f 4938/4938/4938 4908/4908/4908 4937/4937/4937
f 4908/4908/4908 4938/4938/4938 4909/4909/4909
f 4939/4939/4939 4909/4909/4909 4938/4938/4938
f 4909/4909/4909 4939/4939/4939 4910/4910/4910
f 4940/4940/4940 4910/4910/4910 4939/4939/4939
f 4910/4910/4910 4940/4940/4940 4911/4911/4911
f 4941/4941/4941 4911/4911/4911 4940/4940/4940
f 4911/4911/4911 4941/4941/4941 4912/4912/4912
f 4942/4942/4942 4912/4912/4912 4941/4941/4941
f 4913/4913/4913 4943/4943/4943 4914/4914/4914
f 4944/4944/4944 4914/4914/4914 4943/4943/4943
f 4914/4914/4914 4944/4944/4944 4915/4915/4915
f 4945/4945/4945 4915/4915/4915 4944/4944/4944
f 4915/4915/4915 4945/4945/4945 4916/4916/4916
f 4946/4946/4946 4916/4916/4916 4945/4945/4945
f 4916/4916/4916 4946/4946/4946 4917/4917/4917
f 4947/4947/4947 4917/4917/4917 4946/4946/4946
f 4917/4917/4917 4947/4947/4947 4918/4918/4918
f 4948/4948/4948 4918/4918/4918 4947/4947/4947
f 4918/4918/4918 4948/4948/4948 4919/4919/4919
f 4949/4949/4949 4919/4919/4919 4948/4948/4948
f 4919/4919/4919 4949/4949/4949 4920/4920/4920
f 4950/4950/4950 4920/4920/4920 4949/4949/4949
f 4920/4920/4920 4950/4950/4950 4921/4921/4921
f 4951/4951/4951 4921/4921/4921 4950/4950/4950
f 4921/4921/4921 4951/4951/4951 4922/4922/4922
f 4952/4952/4952 4922/4922/4922 4951/4951/4951
f 4922/4922/4922 4952/4952/4952 4923/4923/4923
f 4953/4953/4953 4923/4923/4923 4952/4952/4952
f 4923/4923/4923 4953/4953/4953 4924/4924/4924
f 4954/4954/4954 4924/4924/4924 4953/4953/4953
f 4924/4924/4924 4954/4954/4954 4925/4925/4925
f 4955/4955/4955 4925/4925/4925 4954/4954/4954
f 4925/4925/4925 4955/4955/4955 4926/4926/4926
f 4956/4956/4956 4926/4926/4926 4955/4955/4955
f 4926/4926/4926 4956/4956/4956 4927/4927/4927
f 4957/4957/4957 4927/4927/4927 4956/4956/4956
f 4927/4927/4927 4957/4957/4957 4928/4928/4928
f 4958/4958/4958 4928/4928/4928 4957/4957/4957
f 4928/4928/4928 4958/4958/4958 4929/4929/4929
f 4959/4959/4959 4929/4929/4929 4958/4958/4958
f 4929/4929/4929 4959/4959/4959 4930/4930/4930
f 4960/4960/4960 4930/4930/4930 4959/4959/4959
f 4930/4930/4930 4960/4960/4960 4931/4931/4931
f 4961/4961/4961 4931/4931/4931 4960/4960/4960
f 4931/4931/4931 4961/4961/4961 4932/4932/4932
f 4962/4962/4962 4932/4932/4932 4961/4961/4961
f 4932/4932/4932 4962/4962/4962 4933/4933/4933
f 4963/4963/4963 4933/4933/4933 4962/4962/4962
f 4933/4933/4933 4963/4963/4963 4934/4934/4934
f 4964/4964/4964 4934/4934/4934 4963/4963/4963
f 4934/4934/4934 4964/4964/4964 4935/4935/4935
f 4965/4965/4965 4935/4935/4935 4964/4964/4964
f 4935/4935/4935 4965/4965/4965 4936/4936/4936
f 4966/4966/4966 4936/4936/4936 4965/4965/4965
f 4936/4936/4936 4966/4966/4966 4937/4937/4937
f 4967/4967/4967 4937/4937/4937 4966/4966/4966
f 4937/4937/4937 4967/4967/4967 4938/4938/4938
f 4968/4968/4968 4938/4938/4938 4967/4967/4967
f 4938/4938/4938 4968/4968/4968 4939/4939/4939
f 4969/4969/4969 4939/4939/4939 4968/4968/4968
f 4939/4939/4939 4969/4969/4969 4940/4940/4940
f 4970/4970/4970 4940/4940/4940 4969/4969/4969
f 4940/4940/4940 4970/4970/4970 4941/4941/4941
f 4971/4971/4971 4941/4941/4941 4970/4970/4970
f 4941/4941/4941 4971/4971/4971 4942/4942/4942
f 4972/4972/4972 4942/4942/4942 4971/4971/4971
f 4943/4943/4943 4973/4973/4973 4944/4944/4944
f 4974/4974/4974 4944/4944/4944 4973/4973/4973
f 4944/4944/4944 4974/4974/4974 4945/4945/4945
f 4975/4975/4975 4945/4945/4945 4974/4974/4974
f 4945/4945/4945 4975/4975/4975 4946/4946/4946
f 4976/4976/4976 4946/4946/4946 4975/4975/4975
f 4946/4946/4946 4976/4976/4976 4947/4947/4947
f 4977/4977/4977 4947/4947/4947 4976/4976/4976
f 4947/4947/4947 4977/4977/4977 4948/4948/4948
f 4978/4978/4978 4948/4948/4948 4977/4977/4977
f 4948/4948/4948 4978/4978/4978 4949/4949/4949
f 4979/4979/4979 4949/4949/4949 4978/4978/4978
f 4949/4949/4949 4979/4979/4979 4950/4950/4950
f 4980/4980/4980 4950/4950/4950 4979/4979/4979
f 4950/4950/4950 4980/4980/4980 4951/4951/4951
f 4981/4981/4981 4951/4951/4951 4980/4980/4980
f 4951/4951/4951 4981/4981/4981 4952/4952/4952
f 4982/4982/4982 4952/4952/4952 4981/4981/4981
f 4952/4952/4952 4982/4982/4982 4953/4953/4953
f 4983/4983/4983 4953/4953/4953 4982/4982/4982
f 4953/4953/4953 4983/4983/4983 4954/4954/4954
f 4984/4984/4984 4954/4954/4954 4983/4983/4983
f 4954/4954/4954 4984/4984/4984 4955/4955/4955
f 4985/4985/4985 4955/4955/4955 4984/4984/4984
f 4955/4955/4955 4985/4985/4985 4956/4956/4956
f 4986/4986/4986 4956/4956/4956 4985/4985/4985
f 4956/4956/4956 4986/4986/4986 4957/4957/4957
f 4987/4987/4987 4957/4957/4957 4986/4986/4986
f 4957/4957/4957 4987/4987/4987 4958/4958/4958
f 4988/4988/4988 4958/4958/4958 4987/4987/4987
f 4958/4958/4958 4988/4988/4988 4959/4959/4959
f 4989/4989/4989 4959/4959/4959 4988/4988/4988
f 4959/4959/4959 4989/4989/4989 4960/4960/4960
f 4990/4990/4990 4960/4960/4960 4989/4989/4989
f 4960/4960/4960 4990/4990/4990 4961/4961/4961
f 4991/4991/4991 4961/4961/4961 4990/4990/4990
f 4961/4961/4961 4991/4991/4991 4962/4962/4962
f 4992/4992/4992 4962/4962/4962 4991/4991/4991
f 4962/4962/4962 4992/4992/4992 4963/4963/4963
f 4993/4993/4993 4963/4963/4963 4992/4992/4992
f 4963/4963/4963 4993/4993/4993 4964/4964/4964
f 4994/4994/4994 4964/4964/4964 4993/4993/4993
f 4964/4964/4964 4994/4994/4994 4965/4965/4965
f 4995/4995/4995 4965/4965/4965 4994/4994/4994
f 4965/4965/4965 4995/4995/4995 4966/4966/4966
f 4996/4996/4996 4966/4966/4966 4995/4995/4995
f 4966/4966/4966 4996/4996/4996 4967/4967/4967
f 4997/4997/4997 4967/4967/4967 4996/4996/4996
f 4967/4967/4967 4997/4997/4997 4968/4968/4968
f 4998/4998/4998 4968/4968/4968 4997/4997/4997
f 4968/4968/4968 4998/4998/4998 4969/4969/4969
f 4999/4999/4999 4969/4969/4969 4998/4998/4998
f 4969/4969/4969 4999/4999/4999 4970/4970/4970
f 5000/5000/5000 4970/4970/4970 4999/4999/4999
f 4970/4970/4970 5000/5000/5000 4971/4971/4971
f 5001/5001/5001 4971/4971/4971 5000/5000/5000
f 4971/4971/4971 5001/5001/5001 4972/4972/4972
f 5002/5002/5002 4972/4972/4972 5001/5001/5001
f 4973/4973/4973 5003/5003/5003 4974/4974/4974
f 5004/5004/5004 4974/4974/4974 5003/5003/5003
f 4974/4974/4974 5004/5004/5004 4975/4975/4975
f 5005/5005/5005 4975/4975/4975 5004/5004/5004
f 4975/4975/4975 5005/5005/5005 4976/4976/4976
f 5006/5006/5006 4976/4976/4976 5005/5005/5005
f 4976/4976/4976 5006/5006/5006 4977/4977/4977
f 5007/5007/5007 4977/4977/4977 5006/5006/5006
f 4977/4977/4977 5007/5007/5007 4978/4978/4978
f 5008/5008/5008 4978/4978/4978 5007/5007/5007
f 4978/4978/4978 5008/5008/5008 4979/4979/4979
f 5009/5009/5009 4979/4979/4979 5008/5008/5008
f 4979/4979/4979 5009/5009/5009 4980/4980/4980
f 5010/5010/5010 4980/4980/4980 5009/5009/5009
f 4980/4980/4980 5010/5010/5010 4981/4981/4981
f 5011/5011/5011 4981/4981/4981 5010/5010/5010
f 4981/4981/4981 5011/5011/5011 4982/4982/4982
f 5012/5012/5012 4982/4982/4982 5011/5011/5011
f 4982/4982/4982 5012/5012/5012 4983/4983/4983
f 5013/5013/5013 4983/4983/4983 5012/5012/5012
f 4983/4983/4983 5013/5013/5013 4984/4984/4984
f 5014/5014/5014 4984/4984/4984 5013/5013/5013
f 4984/4984/4984 5014/5014/5014 4985/4985/4985
f 5015/5015/5015 4985/4985/4985 5014/5014/5014
f 4985/4985/4985 5015/5015/5015 4986/4986/4986
f 5016/5016/5016 4986/4986/4986 5015/5015/5015
f 4986/4986/4986 5016/5016/5016 4987/4987/4987
f 5017/5017/5017 4987/4987/4987 5016/5016/5016
f 4987/4987/4987 5017/5017/5017 4988/4988/4988
f 5018/5018/5018 4988/4988/4988 5017/5017/5017
f 4988/4988/4988 5018/5018/5018 4989/4989/4989
f 5019/5019/5019 4989/4989/4989 5018/5018/5018
f 4989/4989/4989 5019/5019/5019 4990/4990/4990
f 5020/5020/5020 4990/4990/4990 5019/5019/5019
f 4990/4990/4990 5020/5020/5020 4991/4991/4991
f 5021/5021/5021 4991/4991/4991 5020/5020/5020
f 4991/4991/4991 5021/5021/5021 4992/4992/4992
f 5022/5022/5022 4992/4992/4992 5021/5021/5021
f 4992/4992/4992 5022/5022/5022 4993/4993/4993
f 5023/5023/5023 4993/4993/4993 5022/5022/5022
f 4993/4993/4993 5023/5023/5023 4994/4994/4994
f 5024/5024/5024 4994/4994/4994 5023/5023/5023
f 4994/4994/4994 5024/5024/5024 4995/4995/4995
f 5025/5025/5025 4995/4995/4995 5024/5024/5024
f 4995/4995/4995 5025/5025/5025 4996/4996/4996
f 5026/5026/5026 4996/4996/4996 5025/5025/5025
f 4996/4996/4996 5026/5026/5026 4997/4997/4997
f 5027/5027/5027 4997/4997/4997 5026/5026/5026
f 4997/4997/4997 5027/5027/5027 4998/4998/4998
f 5028/5028/5028 4998/4998/4998 5027/5027/5027
f 4998/4998/4998 5028/5028/5028 4999/4999/4999
f 5029/5029/5029 4999/4999/4999 5028/5028/5028
f 4999/4999/4999 5029/5029/5029 5000/5000/5000
f 5030/5030/5030 5000/5000/5000 5029/5029/5029
f 5000/5000/5000 5030/5030/5030 5001/5001/5001
f 5031/5031/5031 5001/5001/5001 5030/5030/5030
f 5001/5001/5001 5031/5031/5031 5002/5002/5002
f 5032/5032/5032 5002/5002/5002 5031/5031/5031
f 5003/5003/5003 5033/5033/5033 5004/5004/5004
f 5034/5034/5034 5004/5004/5004 5033/5033/5033
f 5004/5004/5004 5034/5034/5034 5005/5005/5005
f 5035/5035/5035 5005/5005/5005 5034/5034/5034
f 5005/5005/5005 5035/5035/5035 5006/5006/5006
f 5036/5036/5036 5006/5006/5006 5035/5035/5035
f 5006/5006/5006 5036/5036/5036 5007/5007/5007
f 5037/5037/5037 5007/5007/5007 5036/5036/5036
f 5007/5007/5007 5037/5037/5037 5008/5008/5008
f 5038/5038/5038 5008/5008/5008 5037/5037/5037
f 5008/5008/5008 5038/5038/5038 5009/5009/5009
f 5039/5039/5039 5009/5009/5009 5038/5038/5038
f 5009/5009/5009 5039/5039/5039 5010/5010/5010
f 5040/5040/5040 5010/5010/5010 5039/5039/5039
f 5010/5010/5010 5040/5040/5040 5011/5011/5011
f 5041/5041/5041 5011/5011/5011 5040/5040/5040
f 5011/5011/5011 5041/5041/5041 5012/5012/5012
f 5042/5042/5042 5012/5012/5012 5041/5041/5041
f 5012/5012/5012 5042/5042/5042 5013/5013/5013
f 5043/5043/5043 5013/5013/5013 5042/5042/5042
f 5013/5013/5013 5043/5043/5043 5014/5014/5014
f 5044/5044/5044 5014/5014/5014 5043/5043/5043
f 5014/5014/5014 5044/5044/5044 5015/5015/5015
f 5045/5045/5045 5015/5015/5015 5044/5044/5044
f 5015/5015/5015 5045/5045/5045 5016/5016/5016
f 5046/5046/5046 5016/5016/5016 5045/5045/5045
f 5016/5016/5016 5046/5046/5046 5017/5017/5017
f 5047/5047/5047 5017/5017/5017 5046/5046/5046
f 5017/5017/5017 5047/5047/5047 5018/5018/5018
f 5048/5048/5048 5018/5018/5018 5047/5047/5047
f 5018/5018/5018 5048/5048/5048 5019/5019/5019
f 5049/5049/5049 5019/5019/5019 5048/5048/5048
f 5019/5019/5019 5049/5049/5049 5020/5020/5020
f 5050/5050/5050 5020/5020/5020 5049/5049/5049
f 5020/5020/5020 5050/5050/5050 5021/5021/5021
f 5051/5051/5051 5021/5021/5021 5050/5050/5050
f 5021/5021/5021 5051/5051/5051 5022/5022/5022
f 5052/5052/5052 5022/5022/5022 5051/5051/5051
f 5022/5022/5022 5052/5052/5052 5023/5023/5023
f 5053/5053/5053 5023/5023/5023 5052/5052/5052
f 5023/5023/5023 5053/5053/5053 5024/5024/5024
f 5054/5054/5054 5024/5024/5024 5053/5053/5053
f 5024/5024/5024 5054/5054/5054 5025/5025/5025
f 5055/5055/5055 5025/5025/5025 5054/5054/5054
f 5025/5025/5025 5055/5055/5055 5026/5026/5026
f 5056/5056/5056 5026/5026/5026 5055/5055/5055
f 5026/5026/5026 5056/5056/5056 5027/5027/5027
f 5057/5057/5057 5027/5027/5027 5056/5056/5056
f 5027/5027/5027 5057/5057/5057 5028/5028/5028
f 5058/5058/5058 5028/5028/5028 5057/5057/5057
f 5028/5028/5028 5058/5058/5058 5029/5029/5029
f 5059/5059/5059 5029/5029/5029 5058/5058/5058
f 5029/5029/5029 5059/5059/5059 5030/5030/5030
f 5060/5060/5060 5030/5030/5030 5059/5059/5059
f 5030/5030/5030 5060/5060/5060 5031/5031/5031
f 5061/5061/5061 5031/5031/5031 5060/5060/5060
f 5031/5031/5031 5061/5061/5061 5032/5032/5032
f 5062/5062/5062 5032/5032/5032 5061/5061/5061
f 5033/5033/5033 5063/5063/5063 5034/5034/5034
f 5064/5064/5064 5034/5034/5034 5063/5063/5063
f 5034/5034/5034 5064/5064/5064 5035/5035/5035
f 5065/5065/5065 5035/5035/5035 5064/5064/5064
f 5035/5035/5035 5065/5065/5065 5036/5036/5036
f 5066/5066/5066 5036/5036/5036 5065/5065/5065
f 5036/5036/5036 5066/5066/5066 5037/5037/5037
f 5067/5067/5067 5037/5037/5037 5066/5066/5066
f 5037/5037/5037 5067/5067/5067 5038/5038/5038
f 5068/5068/5068 5038/5038/5038 5067/5067/5067
f 5038/5038/5038 5068/5068/5068 5039/5039/5039
f 5069/5069/5069 5039/5039/5039 5068/5068/5068
f 5039/5039/5039 5069/5069/5069 5040/5040/5040
f 5070/5070/5070 5040/5040/5040 5069/5069/5069
f 5040/5040/5040 5070/5070/5070 5041/5041/5041
f 5071/5071/5071 5041/5041/5041 5070/5070/5070
f 5041/5041/5041 5071/5071/5071 5042/5042/5042
f 5072/5072/5072 5042/5042/5042 5071/5071/5071
f 5042/5042/5042 5072/5072/5072 5043/5043/5043
f 5073/5073/5073 5043/5043/5043 5072/5072/5072
f 5043/5043/5043 5073/5073/5073 5044/5044/5044
f 5074/5074/5074 5044/5044/5044 5073/5073/5073
f 5044/5044/5044 5074/5074/5074 5045/5045/5045
f 5075/5075/5075 5045/5045/5045 5074/5074/5074
f 5045/5045/5045 5075/5075/5075 5046/5046/5046
f 5076/5076/5076 5046/5046/5046 5075/5075/5075
f 5046/5046/5046 5076/5076/5076 5047/5047/5047
f 5077/5077/5077 5047/5047/5047 5076/5076/5076
f 5047/5047/5047 5077/5077/5077 5048/5048/5048
f 5078/5078/5078 5048/5048/5048 5077/5077/5077
f 5048/5048/5048 5078/5078/5078 5049/5049/5049
f 5079/5079/5079 5049/5049/5049 5078/5078/5078
f 5049/5049/5049 5079/5079/5079 5050/5050/5050
f 5080/5080/5080 5050/5050/5050 5079/5079/5079
f 5050/5050/5050 5080/5080/5080 5051/5051/5051
f 5081/5081/5081 5051/5051/5051 5080/5080/5080
f 5051/5051/5051 5081/5081/5081 5052/5052/5052
f 5082/5082/5082 5052/5052/5052 5081/5081/5081
f 5052/5052/5052 5082/5082/5082 5053/5053/5053
f 5083/5083/5083 5053/5053/5053 5082/5082/5082
f 5053/5053/5053 5083/5083/5083 5054/5054/5054
f 5084/5084/5084 5054/5054/5054 5083/5083/5083
f 5054/5054/5054 5084/5084/5084 5055/5055/5055
f 5085/5085/5085 5055/5055/5055 5084/5084/5084
f 5055/5055/5055 5085/5085/5085 5056/5056/5056
f 5086/5086/5086 5056/5056/5056 5085/5085/5085
f 5056/5056/5056 5086/5086/5086 5057/5057/5057
f 5087/5087/5087 5057/5057/5057 5086/5086/5086
f 5057/5057/5057 5087/5087/5087 5058/5058/5058
f 5088/5088/5088 5058/5058/5058 5087/5087/5087
f 5058/5058/5058 5088/5088/5088 5059/5059/5059
f 5089/5089/5089 5059/5059/5059 5088/5088/5088
f 5059/5059/5059 5089/5089/5089 5060/5060/5060
f 5090/5090/5090 5060/5060/5060 5089/5089/5089
f 5060/5060/5060 5090/5090/5090 5061/5061/5061
f 5091/5091/5091 5061/5061/5061 5090/5090/5090
f 5061/5061/5061 5091/5091/5091 5062/5062/5062
f 5092/5092/5092 5062/5062/5062 5091/5091/5091
f 5063/5063/5063 5093/5093/5093 5064/5064/5064
f 5094/5094/5094 5064/5064/5064 5093/5093/5093
f 5064/5064/5064 5094/5094/5094 5065/5065/5065
f 5095/5095/5095 5065/5065/5065 5094/5094/5094
f 5065/5065/5065 5095/5095/5095 5066/5066/5066
f 5096/5096/5096 5066/5066/5066 5095/5095/5095
f 5066/5066/5066 5096/5096/5096 5067/5067/5067
f 5097/5097/5097 5067/5067/5067 5096/5096/5096
f 5067/5067/5067 5097/5097/5097 5068/5068/5068
f 5098/5098/5098 5068/5068/5068 5097/5097/5097
f 5068/5068/5068 5098/5098/5098 5069/5069/5069
f 5099/5099/5099 5069/5069/5069 5098/5098/5098
f 5069/5069/5069 5099/5099/5099 5070/5070/5070
f 5100/5100/5100 5070/5070/5070 5099/5099/5099
f 5070/5070/5070 5100/5100/5100 5071/5071/5071
f 5101/5101/5101 5071/5071/5071 5100/5100/5100
f 5071/5071/5071 5101/5101/5101 5072/5072/5072
f 5102/5102/5102 5072/5072/5072 5101/5101/5101
f 5072/5072/5072 5102/5102/5102 5073/5073/5073
f 5103/5103/5103 5073/5073/5073 5102/5102/5102
f 5073/5073/5073 5103/5103/5103 5074/5074/5074
f 5104/5104/5104 5074/5074/5074 5103/5103/5103
f 5074/5074/5074 5104/5104/5104 5075/5075/5075
f 5105/5105/5105 5075/5075/5075 5104/5104/5104
f 5075/5075/5075 5105/5105/5105 5076/5076/5076
f 5106/5106/5106 5076/5076/5076 5105/5105/5105
f 5076/5076/5076 5106/5106/5106 5077/5077/5077
f 5107/5107/5107 5077/5077/5077 5106/5106/5106
f 5077/5077/5077 5107/5107/5107 5078/5078/5078
f 5108/5108/5108 5078/5078/5078 5107/5107/5107
f 5078/5078/5078 5108/5108/5108 5079/5079/5079
f 5109/5109/5109 5079/5079/5079 5108/5108/5108
f 5079/5079/5079 5109/5109/5109 5080/5080/5080
f 5110/5110/5110 5080/5080/5080 5109/5109/5109
f 5080/5080/5080 5110/5110/5110 5081/5081/5081
f 5111/5111/5111 5081/5081/5081 5110/5110/5110
f 5081/5081/5081 5111/5111/5111 5082/5082/5082
f 5112/5112/5112 5082/5082/5082 5111/5111/5111
f 5082/5082/5082 5112/5112/5112 5083/5083/5083
f 5113/5113/5113 5083/5083/5083 5112/5112/5112
f 5083/5083/5083 5113/5113/5113 5084/5084/5084
f 5114/5114/5114 5084/5084/5084 5113/5113/5113
f 5084/5084/5084 5114/5114/5114 5085/5085/5085
f 5115/5115/5115 5085/5085/5085 5114/5114/5114
f 5085/5085/5085 5115/5115/5115 5086/5086/5086
f 5116/5116/5116 5086/5086/5086 5115/5115/5115
f 5086/5086/5086 5116/5116/5116 5087/5087/5087
f 5117/5117/5117 5087/5087/5087 5116/5116/5116
f 5087/5087/5087 5117/5117/5117 5088/5088/5088
f 5118/5118/5118 5088/5088/5088 5117/5117/5117
f 5088/5088/5088 5118/5118/5118 5089/5089/5089
f 5119/5119/5119 5089/5089/5089 5118/5118/5118
f 5089/5089/5089 5119/5119/5119 5090/5090/5090
f 5120/5120/5120 5090/5090/5090 5119/5119/5119
f 5090/5090/5090 5120/5120/5120 5091/5091/5091
f 5121/5121/5121 5091/5091/5091 5120/5120/5120
f 5091/5091/5091 5121/5121/5121 5092/5092/5092
f 5122/5122/5122 5092/5092/5092 5121/5121/5121
f 5093/5093/5093 5123/5123/5123 5094/5094/5094
f 5124/5124/5124 5094/5094/5094 5123/5123/5123
f 5094/5094/5094 5124/5124/5124 5095/5095/5095
f 5125/5125/5125 5095/5095/5095 5124/5124/5124
f 5095/5095/5095 5125/5125/5125 5096/5096/5096
f 5126/5126/5126 5096/5096/5096 5125/5125/5125
f 5096/5096/5096 5126/5126/5126 5097/5097/5097
f 5127/5127/5127 5097/5097/5097 5126/5126/5126
f 5097/5097/5097 5127/5127/5127 5098/5098/5098
f 5128/5128/5128 5098/5098/5098 5127/5127/5127
f 5098/5098/5098 5128/5128/5128 5099/5099/5099
f 5129/5129/5129 5099/5099/5099 5128/5128/5128
f 5099/5099/5099 5129/5129/5129 5100/5100/5100
f 5130/5130/5130 5100/5100/5100 5129/5129/5129
f 5100/5100/5100 5130/5130/5130 5101/5101/5101
f 5131/5131/5131 5101/5101/5101 5130/5130/5130
f 5101/5101/5101 5131/5131/5131 5102/5102/5102
f 5132/5132/5132 5102/5102/5102 5131/5131/5131
f 5102/5102/5102 5132/5132/5132 5103/5103/5103
f 5133/5133/5133 5103/5103/5103 5132/5132/5132
f 5103/5103/5103 5133/5133/5133 5104/5104/5104
f 5134/5134/5134 5104/5104/5104 5133/5133/5133
f 5104/5104/5104 5134/5134/5134 5105/5105/5105
f 5135/5135/5135 5105/5105/5105 5134/5134/5134
f 5105/5105/5105 5135/5135/5135 5106/5106/5106
f 5136/5136/5136 5106/5106/5106 5135/5135/5135
f 5106/5106/5106 5136/5136/5136 5107/5107/5107
f 5137/5137/5137 5107/5107/5107 5136/5136/5136
f 5107/5107/5107 5137/5137/5137 5108/5108/5108
f 5138/5138/5138 5108/5108/5108 5137/5137/5137
f 5108/5108/5108 5138/5138/5138 5109/5109/5109
f 5139/5139/5139 5109/5109/5109 5138/5138/5138
f 5109/5109/5109 5139/5139/5139 5110/5110/5110
f 5140/5140/5140 5110/5110/5110 5139/5139/5139
f 5110/5110/5110 5140/5140/5140 5111/5111/5111
f 5141/5141/5141 5111/5111/5111 5140/5140/5140
f 5111/5111/5111 5141/5141/5141 5112/5112/5112
f 5142/5142/5142 5112/5112/5112 5141/5141/5141
f 5112/5112/5112 5142/5142/5142 5113/5113/5113
f 5143/5143/5143 5113/5113/5113 5142/5142/5142
f 5113/5113/5113 5143/5143/5143 5114/5114/5114
f 5144/5144/5144 5114/5114/5114 5143/5143/5143
f 5114/5114/5114 5144/5144/5144 5115/5115/5115
f 5145/5145/5145 5115/5115/5115 5144/5144/5144
f 5115/5115/5115 5145/5145/5145 5116/5116/5116
f 5146/5146/5146 5116/5116/5116 5145/5145/5145
f 5116/5116/5116 5146/5146/5146 5117/5117/5117
f 5147/5147/5147 5117/5117/5117 5146/5146/5146
f 5117/5117/5117 5147/5147/5147 5118/5118/5118
f 5148/5148/5148 5118/5118/5118 5147/5147/5147
f 5118/5118/5118 5148/5148/5148 5119/5119/5119
f 5149/5149/5149 5119/5119/5119 5148/5148/5148
f 5119/5119/5119 5149/5149/5149 5120/5120/5120
f 5150/5150/5150 5120/5120/5120 5149/5149/5149
f 5120/5120/5120 5150/5150/5150 5121/5121/5121
f 5151/5151/5151 5121/5121/5121 5150/5150/5150
f 5121/5121/5121 5151/5151/5151 5122/5122/5122
f 5152/5152/5152 5122/5122/5122 5151/5151/5151
f 5123/5123/5123 5153/5153/5153 5124/5124/5124
f 5154/5154/5154 5124/5124/5124 5153/5153/5153
f 5124/5124/5124 5154/5154/5154 5125/5125/5125
f 5155/5155/5155 5125/5125/5125 5154/5154/5154
f 5125/5125/5125 5155/5155/5155 5126/5126/5126
f 5156/5156/5156 5126/5126/5126 5155/5155/5155
f 5126/5126/5126 5156/5156/5156 5127/5127/5127
f 5157/5157/5157 5127/5127/5127 5156/5156/5156
f 5127/5127/5127 5157/5157/5157 5128/5128/5128
f 5158/5158/5158 5128/5128/5128 5157/5157/5157
f 5128/5128/5128 5158/5158/5158 5129/5129/5129
f 5159/5159/5159 5129/5129/5129 5158/5158/5158
f 5129/5129/5129 5159/5159/5159 5130/5130/5130
f 5160/5160/5160 5130/5130/5130 5159/5159/5159
f 5130/5130/5130 5160/5160/5160 5131/5131/5131
f 5161/5161/5161 5131/5131/5131 5160/5160/5160
f 5131/5131/5131 5161/5161/5161 5132/5132/5132
f 5162/5162/5162 5132/5132/5132 5161/5161/5161
f 5132/5132/5132 5162/5162/5162 5133/5133/5133
f 5163/5163/5163 5133/5133/5133 5162/5162/5162
f 5133/5133/5133 5163/5163/5163 5134/5134/5134
f 5164/5164/5164 5134/5134/5134 5163/5163/5163
f 5134/5134/5134 5164/5164/5164 5135/5135/5135
f 5165/5165/5165 5135/5135/5135 5164/5164/5164
f 5135/5135/5135 5165/5165/5165 5136/5136/5136
f 5166/5166/5166 5136/5136/5136 5165/5165/5165
f 5136/5136/5136 5166/5166/5166 5137/5137/5137
f 5167/5167/5167 5137/5137/5137 5166/5166/5166
f 5137/5137/5137 5167/5167/5167 5138/5138/5138
f 5168/5168/5168 5138/5138/5138 5167/5167/5167
f 5138/5138/5138 5168/5168/5168 5139/5139/5139
f 5169/5169/5169 5139/5139/5139 5168/5168/5168
f 5139/5139/5139 5169/5169/5169 5140/5140/5140
f 5170/5170/5170 5140/5140/5140 5169/5169/5169
f 5140/5140/5140 5170/5170/5170 5141/5141/5141
f 5171/5171/5171 5141/5141/5141 5170/5170/5170
f 5141/5141/5141 5171/5171/5171 5142/5142/5142
f 5172/5172/5172 5142/5142/5142 5171/5171/5171
f 5142/5142/5142 5172/5172/5172 5143/5143/5143
f 5173/5173/5173 5143/5143/5143 5172/5172/5172
f 5143/5143/5143 5173/5173/5173 5144/5144/5144
f 5174/5174/5174 5144/5144/5144 5173/5173/5173
f 5144/5144/5144 5174/5174/5174 5145/5145/5145
f 5175/5175/5175 5145/5145/5145 5174/5174/5174
f 5145/5145/5145 5175/5175/5175 5146/5146/5146
f 5176/5176/5176 5146/5146/5146 5175/5175/5175
f 5146/5146/5146 5176/5176/5176 5147/5147/5147
f 5177/5177/5177 5147/5147/5147 5176/5176/5176
f 5147/5147/5147 5177/5177/5177 5148/5148/5148
f 5178/5178/5178 5148/5148/5148 5177/5177/5177
f 5148/5148/5148 5178/5178/5178 5149/5149/5149
f 5179/5179/5179 5149/5149/5149 5178/5178/5178
f 5149/5149/5149 5179/5179/5179 5150/5150/5150
f 5180/5180/5180 5150/5150/5150 5179/5179/5179
f 5150/5150/5150 5180/5180/5180 5151/5151/5151
f 5181/5181/5181 5151/5151/5151 5180/5180/5180
f 5151/5151/5151 5181/5181/5181 5152/5152/5152
f 5182/5182/5182 5152/5152/5152 5181/5181/5181
f 5153/5153/5153 5183/5183/5183 5154/5154/5154
f 5184/5184/5184 5154/5154/5154 5183/5183/5183
f 5154/5154/5154 5184/5184/5184 5155/5155/5155
f 5185/5185/5185 5155/5155/5155 5184/5184/5184
f 5155/5155/5155 5185/5185/5185 5156/5156/5156
f 5186/5186/5186 5156/5156/5156 5185/5185/5185
f 5156/5156/5156 5186/5186/5186 5157/5157/5157
f 5187/5187/5187 5157/5157/5157 5186/5186/5186
f 5157/5157/5157 5187/5187/5187 5158/5158/5158
f 5188/5188/5188 5158/5158/5158 5187/5187/5187
f 5158/5158/5158 5188/5188/5188 5159/5159/5159
f 5189/5189/5189 5159/5159/5159 5188/5188/5188
f 5159/5159/5159 5189/5189/5189 5160/5160/5160
f 5190/5190/5190 5160/5160/5160 5189/5189/5189
f 5160/5160/5160 5190/5190/5190 5161/5161/5161
f 5191/5191/5191 5161/5161/5161 5190/5190/5190
f 5161/5161/5161 5191/5191/5191 5162/5162/5162
f 5192/5192/5192 5162/5162/5162 5191/5191/5191
f 5162/5162/5162 5192/5192/5192 5163/5163/5163
f 5193/5193/5193 5163/5163/5163 5192/5192/5192
f 5163/5163/5163 5193/5193/5193 5164/5164/5164
f 5194/5194/5194 5164/5164/5164 5193/5193/5193
f 5164/5164/5164 5194/5194/5194 5165/5165/5165
f 5195/5195/5195 5165/5165/5165 5194/5194/5194
f 5165/5165/5165 5195/5195/5195 5166/5166/5166
f 5196/5196/5196 5166/5166/5166 5195/5195/5195
f 5166/5166/5166 5196/5196/5196 5167/5167/5167
f 5197/5197/5197 5167/5167/5167 5196/5196/5196
f 5167/5167/5167 5197/5197/5197 5168/5168/5168
f 5198/5198/5198 5168/5168/5168 5197/5197/5197
f 5168/5168/5168 5198/5198/5198 5169/5169/5169
f 5199/5199/5199 5169/5169/5169 5198/5198/5198
f 5169/5169/5169 5199/5199/5199 5170/5170/5170
f 5200/5200/5200 5170/5170/5170 5199/5199/5199
f 5170/5170/5170 5200/5200/5200 5171/5171/5171
f 5201/5201/5201 5171/5171/5171 5200/5200/5200
f 5171/5171/5171 5201/5201/5201 5172/5172/5172
f 5202/5202/5202 5172/5172/5172 5201/5201/5201
f 5172/5172/5172 5202/5202/5202 5173/5173/5173
f 5203/5203/5203 5173/5173/5173 5202/5202/5202
f 5173/5173/5173 5203/5203/5203 5174/5174/5174
f 5204/5204/5204 5174/5174/5174 5203/5203/5203
f 5174/5174/5174 5204/5204/5204 5175/5175/5175
f 5205/5205/5205 5175/5175/5175 5204/5204/5204
f 5175/5175/5175 5205/5205/5205 5176/5176/5176
f 5206/5206/5206 5176/5176/5176 5205/5205/5205
f 5176/5176/5176 5206/5206/5206 5177/5177/5177
f 5207/5207/5207 5177/5177/5177 5206/5206/5206
f 5177/5177/5177 5207/5207/5207 5178/5178/5178
f 5208/5208/5208 5178/5178/5178 5207/5207/5207
f 5178/5178/5178 5208/5208/5208 5179/5179/5179
f 5209/5209/5209 5179/5179/5179 5208/5208/5208
f 5179/5179/5179 5209/5209/5209 5180/5180/5180
f 5210/5210/5210 5180/5180/5180 5209/5209/5209
f 5180/5180/5180 5210/5210/5210 5181/5181/5181
f 5211/5211/5211 5181/5181/5181 5210/5210/5210
f 5181/5181/5181 5211/5211/5211 5182/5182/5182
f 5212/5212/5212 5182/5182/5182 5211/5211/5211
f 5183/5183/5183 5213/5213/5213 5184/5184/5184
f 5214/5214/5214 5184/5184/5184 5213/5213/5213
f 5184/5184/5184 5214/5214/5214 5185/5185/5185
f 5215/5215/5215 5185/5185/5185 5214/5214/5214
f 5185/5185/5185 5215/5215/5215 5186/5186/5186
f 5216/5216/5216 5186/5186/5186 5215/5215/5215
f 5186/5186/5186 5216/5216/5216 5187/5187/5187
f 5217/5217/5217 5187/5187/5187 5216/5216/5216
f 5187/5187/5187 5217/5217/5217 5188/5188/5188
f 5218/5218/5218 5188/5188/5188 5217/5217/5217
f 5188/5188/5188 5218/5218/5218 5189/5189/5189
f 5219/5219/5219 5189/5189/5189 5218/5218/5218
f 5189/5189/5189 5219/5219/5219 5190/5190/5190
f 5220/5220/5220 5190/5190/5190 5219/5219/5219
f 5190/5190/5190 5220/5220/5220 5191/5191/5191
f 5221/5221/5221 5191/5191/5191 5220/5220/5220
f 5191/5191/5191 5221/5221/5221 5192/5192/5192
f 5222/5222/5222 5192/5192/5192 5221/5221/5221
f 5192/5192/5192 5222/5222/5222 5193/5193/5193
f 5223/5223/5223 5193/5193/5193 5222/5222/5222
f 5193/5193/5193 5223/5223/5223 5194/5194/5194
f 5224/5224/5224 5194/5194/5194 5223/5223/5223
f 5194/5194/5194 5224/5224/5224 5195/5195/5195
f 5225/5225/5225 5195/5195/5195 5224/5224/5224
f 5195/5195/5195 5225/5225/5225 5196/5196/5196
f 5226/5226/5226 5196/5196/5196 5225/5225/5225
f 5196/5196/5196 5226/5226/5226 5197/5197/5197
f 5227/5227/5227 5197/5197/5197 5226/5226/5226
f 5197/5197/5197 5227/5227/5227 5198/5198/5198
f 5228/5228/5228 5198/5198/5198 5227/5227/5227
f 5198/5198/5198 5228/5228/5228 5199/5199/5199
f 5229/5229/5229 5199/5199/5199 5228/5228/5228
f 5199/5199/5199 5229/5229/5229 5200/5200/5200
f 5230/5230/5230 5200/5200/5200 5229/5229/5229
f 5200/5200/5200 5230/5230/5230 5201/5201/5201
f 5231/5231/5231 5201/5201/5201 5230/5230/5230
f 5201/5201/5201 5231/5231/5231 5202/5202/5202
f 5232/5232/5232 5202/5202/5202 5231/5231/5231
f 5202/5202/5202 5232/5232/5232 5203/5203/5203
f 5233/5233/5233 5203/5203/5203 5232/5232/5232
f 5203/5203/5203 5233/5233/5233 5204/5204/5204
f 5234/5234/5234 5204/5204/5204 5233/5233/5233
f 5204/5204/5204 5234/5234/5234 5205/5205/5205
f 5235/5235/5235 5205/5205/5205 5234/5234/5234
f 5205/5205/5205 5235/5235/5235 5206/5206/5206
f 5236/5236/5236 5206/5206/5206 5235/5235/5235
f 5206/5206/5206 5236/5236/5236 5207/5207/5207
f 5237/5237/5237 5207/5207/5207 5236/5236/5236
f 5207/5207/5207 5237/5237/5237 5208/5208/5208
f 5238/5238/5238 5208/5208/5208 5237/5237/5237
f 5208/5208/5208 5238/5238/5238 5209/5209/5209
f 5239/5239/5239 5209/5209/5209 5238/5238/5238
f 5209/5209/5209 5239/5239/5239 5210/5210/5210
f 5240/5240/5240 5210/5210/5210 5239/5239/5239
f 5210/5210/5210 5240/5240/5240 5211/5211/5211
f 5241/5241/5241 5211/5211/5211 5240/5240/5240
f 5211/5211/5211 5241/5241/5241 5212/5212/5212
f 5242/5242/5242 5212/5212/5212 5241/5241/5241
f 5213/5213/5213 5243/5243/5243 5214/5214/5214
f 5244/5244/5244 5214/5214/5214 5243/5243/5243
f 5214/5214/5214 5244/5244/5244 5215/5215/5215
f 5245/5245/5245 5215/5215/5215 5244/5244/5244
f 5215/5215/5215 5245/5245/5245 5216/5216/5216
f 5246/5246/5246 5216/5216/5216 5245/5245/5245
f 5216/5216/5216 5246/5246/5246 5217/5217/5217
f 5247/5247/5247 5217/5217/5217 5246/5246/5246
f 5217/5217/5217 5247/5247/5247 5218/5218/5218
f 5248/5248/5248 5218/5218/5218 5247/5247/5247
f 5218/5218/5218 5248/5248/5248 5219/5219/5219
f 5249/5249/5249 5219/5219/5219 5248/5248/5248
f 5219/5219/5219 5249/5249/5249 5220/5220/5220
f 5250/5250/5250 5220/5220/5220 5249/5249/5249
f 5220/5220/5220 5250/5250/5250 5221/5221/5221
f 5251/5251/5251 5221/5221/5221 5250/5250/5250
f 5221/5221/5221 5251/5251/5251 5222/5222/5222
f 5252/5252/5252 5222/5222/5222 5251/5251/5251
f 5222/5222/5222 5252/5252/5252 5223/5223/5223
f 5253/5253/5253 5223/5223/5223 5252/5252/5252
f 5223/5223/5223 5253/5253/5253 5224/5224/5224
f 5254/5254/5254 5224/5224/5224 5253/5253/5253
f 5224/5224/5224 5254/5254/5254 5225/5225/5225
f 5255/5255/5255 5225/5225/5225 5254/5254/5254
f 5225/5225/5225 5255/5255/5255 5226/5226/5226
f 5256/5256/5256 5226/5226/5226 5255/5255/5255
f 5226/5226/5226 5256/5256/5256 5227/5227/5227
f 5257/5257/5257 5227/5227/5227 5256/5256/5256
f 5227/5227/5227 5257/5257/5257 5228/5228/5228
f 5258/5258/5258 5228/5228/5228 5257/5257/5257
f 5228/5228/5228 5258/5258/5258 5229/5229/5229
f 5259/5259/5259 5229/5229/5229 5258/5258/5258
f 5229/5229/5229 5259/5259/5259 5230/5230/5230
f 5260/5260/5260 5230/5230/5230 5259/5259/5259
f 5230/5230/5230 5260/5260/5260 5231/5231/5231
f 5261/5261/5261 5231/5231/5231 5260/5260/5260
f 5231/5231/5231 5261/5261/5261 5232/5232/5232
f 5262/5262/5262 5232/5232/5232 5261/5261/5261
f 5232/5232/5232 5262/5262/5262 5233/5233/5233
f 5263/5263/5263 5233/5233/5233 5262/5262/5262
f 5233/5233/5233 5263/5263/5263 5234/5234/5234
f 5264/5264/5264 5234/5234/5234 5263/5263/5263
f 5234/5234/5234 5264/5264/5264 5235/5235/5235
f 5265/5265/5265 5235/5235/5235 5264/5264/5264
f 5235/5235/5235 5265/5265/5265 5236/5236/5236
f 5266/5266/5266 5236/5236/5236 5265/5265/5265
f 5236/5236/5236 5266/5266/5266 5237/5237/5237
f 5267/5267/5267 5237/5237/5237 5266/5266/5266
f 5237/5237/5237 5267/5267/5267 5238/5238/5238
f 5268/5268/5268 5238/5238/5238 5267/5267/5267
f 5238/5238/5238 5268/5268/5268 5239/5239/5239
f 5269/5269/5269 5239/5239/5239 5268/5268/5268
f 5239/5239/5239 5269/5269/5269 5240/5240/5240
f 5270/5270/5270 5240/5240/5240 5269/5269/5269
f 5240/5240/5240 5270/5270/5270 5241/5241/5241
f 5271/5271/5271 5241/5241/5241 5270/5270/5270
f 5241/5241/5241 5271/5271/5271 5242/5242/5242
f 5272/5272/5272 5242/5242/5242 5271/5271/5271
f 5243/5243/5243 5273/5273/5273 5244/5244/5244
f 5274/5274/5274 5244/5244/5244 5273/5273/5273
f 5244/5244/5244 5274/5274/5274 5245/5245/5245
f 5275/5275/5275 5245/5245/5245 5274/5274/5274
f 5245/5245/5245 5275/5275/5275 5246/5246/5246
f 5276/5276/5276 5246/5246/5246 5275/5275/5275
f 5246/5246/5246 5276/5276/5276 5247/5247/5247
f 5277/5277/5277 5247/5247/5247 5276/5276/5276
f 5247/5247/5247 5277/5277/5277 5248/5248/5248
f 5278/5278/5278 5248/5248/5248 5277/5277/5277
f 5248/5248/5248 5278/5278/5278 5249/5249/5249
f 5279/5279/5279 5249/5249/5249 5278/5278/5278
f 5249/5249/5249 5279/5279/5279 5250/5250/5250
f 5280/5280/5280 5250/5250/5250 5279/5279/5279
f 5250/5250/5250 5280/5280/5280 5251/5251/5251
f 5281/5281/5281 5251/5251/5251 5280/5280/5280
f 5251/5251/5251 5281/5281/5281 5252/5252/5252
f 5282/5282/5282 5252/5252/5252 5281/5281/5281
f 5252/5252/5252 5282/5282/5282 5253/5253/5253
f 5283/5283/5283 5253/5253/5253 5282/5282/5282
f 5253/5253/5253 5283/5283/5283 5254/5254/5254
f 5284/5284/5284 5254/5254/5254 5283/5283/5283
f 5254/5254/5254 5284/5284/5284 5255/5255/5255
f 5285/5285/5285 5255/5255/5255 5284/5284/5284
f 5255/5255/5255 5285/5285/5285 5256/5256/5256
f 5286/5286/5286 5256/5256/5256 5285/5285/5285
f 5256/5256/5256 5286/5286/5286 5257/5257/5257
f 5287/5287/5287 5257/5257/5257 5286/5286/5286
f 5257/5257/5257 5287/5287/5287 5258/5258/5258
f 5288/5288/5288 5258/5258/5258 5287/5287/5287
f 5258/5258/5258 5288/5288/5288 5259/5259/5259
f 5289/5289/5289 5259/5259/5259 5288/5288/5288
f 5259/5259/5259 5289/5289/5289 5260/5260/5260
f 5290/5290/5290 5260/5260/5260 5289/5289/5289
f 5260/5260/5260 5290/5290/5290 5261/5261/5261
f 5291/5291/5291 5261/5261/5261 5290/5290/5290
f 5261/5261/5261 5291/5291/5291 5262/5262/5262
f 5292/5292/5292 5262/5262/5262 5291/5291/5291
f 5262/5262/5262 5292/5292/5292 5263/5263/5263
f 5293/5293/5293 5263/5263/5263 5292/5292/5292
f 5263/5263/5263 5293/5293/5293 5264/5264/5264
f 5294/5294/5294 5264/5264/5264 5293/5293/5293
f 5264/5264/5264 5294/5294/5294 5265/5265/5265
f 5295/5295/5295 5265/5265/5265 5294/5294/5294
f 5265/5265/5265 5295/5295/5295 5266/5266/5266
f 5296/5296/5296 5266/5266/5266 5295/5295/5295
f 5266/5266/5266 5296/5296/5296 5267/5267/5267
f 5297/5297/5297 5267/5267/5267 5296/5296/5296
f 5267/5267/5267 5297/5297/5297 5268/5268/5268
f 5298/5298/5298 5268/5268/5268 5297/5297/5297
f 5268/5268/5268 5298/5298/5298 5269/5269/5269
f 5299/5299/5299 5269/5269/5269 5298/5298/5298
f 5269/5269/5269 5299/5299/5299 5270/5270/5270
f 5300/5300/5300 5270/5270/5270 5299/5299/5299
f 5270/5270/5270 5300/5300/5300 5271/5271/5271
f 5301/5301/5301 5271/5271/5271 5300/5300/5300
f 5271/5271/5271 5301/5301/5301 5272/5272/5272
f 5302/5302/5302 5272/5272/5272 5301/5301/5301
f 5273/5273/5273 5303/5303/5303 5274/5274/5274
f 5304/5304/5304 5274/5274/5274 5303/5303/5303
f 5274/5274/5274 5304/5304/5304 5275/5275/5275
f 5305/5305/5305 5275/5275/5275 5304/5304/5304
f 5275/5275/5275 5305/5305/5305 5276/5276/5276
f 5306/5306/5306 5276/5276/5276 5305/5305/5305
f 5276/5276/5276 5306/5306/5306 5277/5277/5277
f 5307/5307/5307 5277/5277/5277 5306/5306/5306
f 5277/5277/5277 5307/5307/5307 5278/5278/5278
f 5308/5308/5308 5278/5278/5278 5307/5307/5307
f 5278/5278/5278 5308/5308/5308 5279/5279/5279
f 5309/5309/5309 5279/5279/5279 5308/5308/5308
f 5279/5279/5279 5309/5309/5309 5280/5280/5280
f 5310/5310/5310 5280/5280/5280 5309/5309/5309
f 5280/5280/5280 5310/5310/5310 5281/5281/5281
f 5311/5311/5311 5281/5281/5281 5310/5310/5310
f 5281/5281/5281 5311/5311/5311 5282/5282/5282
f 5312/5312/5312 5282/5282/5282 5311/5311/5311
f 5282/5282/5282 5312/5312/5312 5283/5283/5283
f 5313/5313/5313 5283/5283/5283 5312/5312/5312
f 5283/5283/5283 5313/5313/5313 5284/5284/5284
f 5314/5314/5314 5284/5284/5284 5313/5313/5313
f 5284/5284/5284 5314/5314/5314 5285/5285/5285
f 5315/5315/5315 5285/5285/5285 5314/5314/5314
f 5285/5285/5285 5315/5315/5315 5286/5286/5286
f 5316/5316/5316 5286/5286/5286 5315/5315/5315
f 5286/5286/5286 5316/5316/5316 5287/5287/5287
f 5317/5317/5317 5287/5287/5287 5316/5316/5316
f 5287/5287/5287 5317/5317/5317 5288/5288/5288
f 5318/5318/5318 5288/5288/5288 5317/5317/5317
f 5288/5288/5288 5318/5318/5318 5289/5289/5289
f 5319/5319/5319 5289/5289/5289 5318/5318/5318
f 5289/5289/5289 5319/5319/5319 5290/5290/5290
f 5320/5320/5320 5290/5290/5290 5319/5319/5319
f 5290/5290/5290 5320/5320/5320 5291/5291/5291
f 5321/5321/5321 5291/5291/5291 5320/5320/5320
f 5291/5291/5291 5321/5321/5321 5292/5292/5292
f 5322/5322/5322 5292/5292/5292 5321/5321/5321
f 5292/5292/5292 5322/5322/5322 5293/5293/5293
f 5323/5323/5323 5293/5293/5293 5322/5322/5322
f 5293/5293/5293 5323/5323/5323 5294/5294/5294
f 5324/5324/5324 5294/5294/5294 5323/5323/5323
f 5294/5294/5294 5324/5324/5324 5295/5295/5295
f 5325/5325/5325 5295/5295/5295 5324/5324/5324
f 5295/5295/5295 5325/5325/5325 5296/5296/5296
f 5326/5326/5326 5296/5296/5296 5325/5325/5325
f 5296/5296/5296 5326/5326/5326 5297/5297/5297
f 5327/5327/5327 5297/5297/5297 5326/5326/5326
f 5297/5297/5297 5327/5327/5327 5298/5298/5298
f 5328/5328/5328 5298/5298/5298 5327/5327/5327
f 5298/5298/5298 5328/5328/5328 5299/5299/5299
f 5329/5329/5329 5299/5299/5299 5328/5328/5328
f 5299/5299/5299 5329/5329/5329 5300/5300/5300
f 5330/5330/5330 5300/5300/5300 5329/5329/5329
f 5300/5300/5300 5330/5330/5330 5301/5301/5301
f 5331/5331/5331 5301/5301/5301 5330/5330/5330
f 5301/5301/5301 5331/5331/5331 5302/5302/5302
f 5332/5332/5332 5302/5302/5302 5331/5331/5331
f 5303/5303/5303 5333/5333/5333 5304/5304/5304
f 5334/5334/5334 5304/5304/5304 5333/5333/5333
f 5304/5304/5304 5334/5334/5334 5305/5305/5305
f 5335/5335/5335 5305/5305/5305 5334/5334/5334
f 5305/5305/5305 5335/5335/5335 5306/5306/5306
f 5336/5336/5336 5306/5306/5306 5335/5335/5335
f 5306/5306/5306 5336/5336/5336 5307/5307/5307
f 5337/5337/5337 5307/5307/5307 5336/5336/5336
f 5307/5307/5307 5337/5337/5337 5308/5308/5308
f 5338/5338/5338 5308/5308/5308 5337/5337/5337
f 5308/5308/5308 5338/5338/5338 5309/5309/5309
f 5339/5339/5339 5309/5309/5309 5338/5338/5338
f 5309/5309/5309 5339/5339/5339 5310/5310/5310
f 5340/5340/5340 5310/5310/5310 5339/5339/5339
f 5310/5310/5310 5340/5340/5340 5311/5311/5311
f 5341/5341/5341 5311/5311/5311 5340/5340/5340
f 5311/5311/5311 5341/5341/5341 5312/5312/5312
f 5342/5342/5342 5312/5312/5312 5341/5341/5341
f 5312/5312/5312 5342/5342/5342 5313/5313/5313
f 5343/5343/5343 5313/5313/5313 5342/5342/5342
f 5313/5313/5313 5343/5343/5343 5314/5314/5314
f 5344/5344/5344 5314/5314/5314 5343/5343/5343
f 5314/5314/5314 5344/5344/5344 5315/5315/5315
f 5345/5345/5345 5315/5315/5315 5344/5344/5344
f 5315/5315/5315 5345/5345/5345 5316/5316/5316
f 5346/5346/5346 5316/5316/5316 5345/5345/5345
f 5316/5316/5316 5346/5346/5346 5317/5317/5317
f 5347/5347/5347 5317/5317/5317 5346/5346/5346
f 5317/5317/5317 5347/5347/5347 5318/5318/5318
f 5348/5348/5348 5318/5318/5318 5347/5347/5347
f 5318/5318/5318 5348/5348/5348 5319/5319/5319
f 5349/5349/5349 5319/5319/5319 5348/5348/5348
f 5319/5319/5319 5349/5349/5349 5320/5320/5320
f 5350/5350/5350 5320/5320/5320 5349/5349/5349
f 5320/5320/5320 5350/5350/5350 5321/5321/5321
f 5351/5351/5351 5321/5321/5321 5350/5350/5350
f 5321/5321/5321 5351/5351/5351 5322/5322/5322
f 5352/5352/5352 5322/5322/5322 5351/5351/5351
f 5322/5322/5322 5352/5352/5352 5323/5323/5323
f 5353/5353/5353 5323/5323/5323 5352/5352/5352
f 5323/5323/5323 5353/5353/5353 5324/5324/5324
f 5354/5354/5354 5324/5324/5324 5353/5353/5353
f 5324/5324/5324 5354/5354/5354 5325/5325/5325
f 5355/5355/5355 5325/5325/5325 5354/5354/5354
f 5325/5325/5325 5355/5355/5355 5326/5326/5326
f 5356/5356/5356 5326/5326/5326 5355/5355/5355
f 5326/5326/5326 5356/5356/5356 5327/5327/5327
f 5357/5357/5357 5327/5327/5327 5356/5356/5356
f 5327/5327/5327 5357/5357/5357 5328/5328/5328
f 5358/5358/5358 5328/5328/5328 5357/5357/5357
f 5328/5328/5328 5358/5358/5358 5329/5329/5329
f 5359/5359/5359 5329/5329/5329 5358/5358/5358
f 5329/5329/5329 5359/5359/5359 5330/5330/5330
f 5360/5360/5360 5330/5330/5330 5359/5359/5359
f 5330/5330/5330 5360/5360/5360 5331/5331/5331
f 5361/5361/5361 5331/5331/5331 5360/5360/5360
f 5331/5331/5331 5361/5361/5361 5332/5332/5332
f 5362/5362/5362 5332/5332/5332 5361/5361/5361
f 5333/5333/5333 5363/5363/5363 5334/5334/5334
f 5364/5364/5364 5334/5334/5334 5363/5363/5363
f 5334/5334/5334 5364/5364/5364 5335/5335/5335
f 5365/5365/5365 5335/5335/5335 5364/5364/5364
f 5335/5335/5335 5365/5365/5365 5336/5336/5336
f 5366/5366/5366 5336/5336/5336 5365/5365/5365
f 5336/5336/5336 5366/5366/5366 5337/5337/5337
f 5367/5367/5367 5337/5337/5337 5366/5366/5366
f 5337/5337/5337 5367/5367/5367 5338/5338/5338
f 5368/5368/5368 5338/5338/5338 5367/5367/5367
f 5338/5338/5338 5368/5368/5368 5339/5339/5339
f 5369/5369/5369 5339/5339/5339 5368/5368/5368
f 5339/5339/5339 5369/5369/5369 5340/5340/5340
f 5370/5370/5370 5340/5340/5340 5369/5369/5369
f 5340/5340/5340 5370/5370/5370 5341/5341/5341
f 5371/5371/5371 5341/5341/5341 5370/5370/5370
f 5341/5341/5341 5371/5371/5371 5342/5342/5342
f 5372/5372/5372 5342/5342/5342 5371/5371/5371
f 5342/5342/5342 5372/5372/5372 5343/5343/5343
f 5373/5373/5373 5343/5343/5343 5372/5372/5372
f 5343/5343/5343 5373/5373/5373 5344/5344/5344
f 5374/5374/5374 5344/5344/5344 5373/5373/5373
f 5344/5344/5344 5374/5374/5374 5345/5345/5345
f 5375/5375/5375 5345/5345/5345 5374/5374/5374
f 5345/5345/5345 5375/5375/5375 5346/5346/5346
f 5376/5376/5376 5346/5346/5346 5375/5375/5375
f 5346/5346/5346 5376/5376/5376 5347/5347/5347
f 5377/5377/5377 5347/5347/5347 5376/5376/5376
f 5347/5347/5347 5377/5377/5377 5348/5348/5348
f 5378/5378/5378 5348/5348/5348 5377/5377/5377
f 5348/5348/5348 5378/5378/5378 5349/5349/5349
f 5379/5379/5379 5349/5349/5349 5378/5378/5378
f 5349/5349/5349 5379/5379/5379 5350/5350/5350
f 5380/5380/5380 5350/5350/5350 5379/5379/5379
f 5350/5350/5350 5380/5380/5380 5351/5351/5351
f 5381/5381/5381 5351/5351/5351 5380/5380/5380
f 5351/5351/5351 5381/5381/5381 5352/5352/5352
f 5382/5382/5382 5352/5352/5352 5381/5381/5381
f 5352/5352/5352 5382/5382/5382 5353/5353/5353
f 5383/5383/5383 5353/5353/5353 5382/5382/5382
f 5353/5353/5353 5383/5383/5383 5354/5354/5354
f 5384/5384/5384 5354/5354/5354 5383/5383/5383
f 5354/5354/5354 5384/5384/5384 5355/5355/5355
f 5385/5385/5385 5355/5355/5355 5384/5384/5384
f 5355/5355/5355 5385/5385/5385 5356/5356/5356
f 5386/5386/5386 5356/5356/5356 5385/5385/5385
f 5356/5356/5356 5386/5386/5386 5357/5357/5357
f 5387/5387/5387 5357/5357/5357 5386/5386/5386
f 5357/5357/5357 5387/5387/5387 5358/5358/5358
f 5388/5388/5388 5358/5358/5358 5387/5387/5387
f 5358/5358/5358 5388/5388/5388 5359/5359/5359
f 5389/5389/5389 5359/5359/5359 5388/5388/5388
f 5359/5359/5359 5389/5389/5389 5360/5360/5360
f 5390/5390/5390 5360/5360/5360 5389/5389/5389
f 5360/5360/5360 5390/5390/5390 5361/5361/5361
f 5391/5391/5391 5361/5361/5361 5390/5390/5390
f 5361/5361/5361 5391/5391/5391 5362/5362/5362
f 5392/5392/5392 5362/5362/5362 5391/5391/5391
f 5363/5363/5363 5393/5393/5393 5364/5364/5364
f 5394/5394/5394 5364/5364/5364 5393/5393/5393
f 5364/5364/5364 5394/5394/5394 5365/5365/5365
f 5395/5395/5395 5365/5365/5365 5394/5394/5394
f 5365/5365/5365 5395/5395/5395 5366/5366/5366
f 5396/5396/5396 5366/5366/5366 5395/5395/5395
f 5366/5366/5366 5396/5396/5396 5367/5367/5367
f 5397/5397/5397 5367/5367/5367 5396/5396/5396
f 5367/5367/5367 5397/5397/5397 5368/5368/5368
f 5398/5398/5398 5368/5368/5368 5397/5397/5397
f 5368/5368/5368 5398/5398/5398 5369/5369/5369
f 5399/5399/5399 5369/5369/5369 5398/5398/5398
f 5369/5369/5369 5399/5399/5399 5370/5370/5370
f 5400/5400/5400 5370/5370/5370 5399/5399/5399
f 5370/5370/5370 5400/5400/5400 5371/5371/5371
f 5401/5401/5401 5371/5371/5371 5400/5400/5400
f 5371/5371/5371 5401/5401/5401 5372/5372/5372
f 5402/5402/5402 5372/5372/5372 5401/5401/5401
f 5372/5372/5372 5402/5402/5402 5373/5373/5373
f 5403/5403/5403 5373/5373/5373 5402/5402/5402
f 5373/5373/5373 5403/5403/5403 5374/5374/5374
f 5404/5404/5404 5374/5374/5374 5403/5403/5403
f 5374/5374/5374 5404/5404/5404 5375/5375/5375
f 5405/5405/5405 5375/5375/5375 5404/5404/5404
f 5375/5375/5375 5405/5405/5405 5376/5376/5376
f 5406/5406/5406 5376/5376/5376 5405/5405/5405
f 5376/5376/5376 5406/5406/5406 5377/5377/5377
f 5407/5407/5407 5377/5377/5377 5406/5406/5406
f 5377/5377/5377 5407/5407/5407 5378/5378/5378
f 5408/5408/5408 5378/5378/5378 5407/5407/5407
f 5378/5378/5378 5408/5408/5408 5379/5379/5379
f 5409/5409/5409 5379/5379/5379 5408/5408/5408
f 5379/5379/5379 5409/5409/5409 5380/5380/5380
f 5410/5410/5410 5380/5380/5380 5409/5409/5409
f 5380/5380/5380 5410/5410/5410 5381/5381/5381
f 5411/5411/5411 5381/5381/5381 5410/5410/5410
f 5381/5381/5381 5411/5411/5411 5382/5382/5382
f 5412/5412/5412 5382/5382/5382 5411/5411/5411
f 5382/5382/5382 5412/5412/5412 5383/5383/5383
f 5413/5413/5413 5383/5383/5383 5412/5412/5412
f 5383/5383/5383 5413/5413/5413 5384/5384/5384
f 5414/5414/5414 5384/5384/5384 5413/5413/5413
f 5384/5384/5384 5414/5414/5414 5385/5385/5385
f 5415/5415/5415 5385/5385/5385 5414/5414/5414
f 5385/5385/5385 5415/5415/5415 5386/5386/5386
f 5416/5416/5416 5386/5386/5386 5415/5415/5415
f 5386/5386/5386 5416/5416/5416 5387/5387/5387
f 5417/5417/5417 5387/5387/5387 5416/5416/5416
f 5387/5387/5387 5417/5417/5417 5388/5388/5388
f 5418/5418/5418 5388/5388/5388 5417/5417/5417
f 5388/5388/5388 5418/5418/5418 5389/5389/5389
f 5419/5419/5419 5389/5389/5389 5418/5418/5418
f 5389/5389/5389 5419/5419/5419 5390/5390/5390
f 5420/5420/5420 5390/5390/5390 5419/5419/5419
f 5390/5390/5390 5420/5420/5420 5391/5391/5391
f 5421/5421/5421 5391/5391/5391 5420/5420/5420
f 5391/5391/5391 5421/5421/5421 5392/5392/5392
f 5422/5422/5422 5392/5392/5392 5421/5421/5421
f 5393/5393/5393 5423/5423/5423 5394/5394/5394
f 5424/5424/5424 5394/5394/5394 5423/5423/5423
f 5394/5394/5394 5424/5424/5424 5395/5395/5395
f 5425/5425/5425 5395/5395/5395 5424/5424/5424
f 5395/5395/5395 5425/5425/5425 5396/5396/5396
f 5426/5426/5426 5396/5396/5396 5425/5425/5425
f 5396/5396/5396 5426/5426/5426 5397/5397/5397
f 5427/5427/5427 5397/5397/5397 5426/5426/5426
f 5397/5397/5397 5427/5427/5427 5398/5398/5398
f 5428/5428/5428 5398/5398/5398 5427/5427/5427
f 5398/5398/5398 5428/5428/5428 5399/5399/5399
f 5429/5429/5429 5399/5399/5399 5428/5428/5428
f 5399/5399/5399 5429/5429/5429 5400/5400/5400
f 5430/5430/5430 5400/5400/5400 5429/5429/5429
f 5400/5400/5400 5430/5430/5430 5401/5401/5401
f 5431/5431/5431 5401/5401/5401 5430/5430/5430
f 5401/5401/5401 5431/5431/5431 5402/5402/5402
f 5432/5432/5432 5402/5402/5402 5431/5431/5431
f 5402/5402/5402 5432/5432/5432 5403/5403/5403
f 5433/5433/5433 5403/5403/5403 5432/5432/5432
f 5403/5403/5403 5433/5433/5433 5404/5404/5404
f 5434/5434/5434 5404/5404/5404 5433/5433/5433
f 5404/5404/5404 5434/5434/5434 5405/5405/5405
f 5435/5435/5435 5405/5405/5405 5434/5434/5434
f 5405/5405/5405 5435/5435/5435 5406/5406/5406
f 5436/5436/5436 5406/5406/5406 5435/5435/5435
f 5406/5406/5406 5436/5436/5436 5407/5407/5407
f 5437/5437/5437 5407/5407/5407 5436/5436/5436
f 5407/5407/5407 5437/5437/5437 5408/5408/5408
f 5438/5438/5438 5408/5408/5408 5437/5437/5437
f 5408/5408/5408 5438/5438/5438 5409/5409/5409
f 5439/5439/5439 5409/5409/5409 5438/5438/5438
f 5409/5409/5409 5439/5439/5439 5410/5410/5410
f 5440/5440/5440 5410/5410/5410 5439/5439/5439
f 5410/5410/5410 5440/5440/5440 5411/5411/5411
f 5441/5441/5441 5411/5411/5411 5440/5440/5440
f 5411/5411/5411 5441/5441/5441 5412/5412/5412
f 5442/5442/5442 5412/5412/5412 5441/5441/5441
f 5412/5412/5412 5442/5442/5442 5413/5413/5413
f 5443/5443/5443 5413/5413/5413 5442/5442/5442
f 5413/5413/5413 5443/5443/5443 5414/5414/5414
f 5444/5444/5444 5414/5414/5414 5443/5443/5443
f 5414/5414/5414 5444/5444/5444 5415/5415/5415
f 5445/5445/5445 5415/5415/5415 5444/5444/5444
f 5415/5415/5415 5445/5445/5445 5416/5416/5416
f 5446/5446/5446 5416/5416/5416 5445/5445/5445
f 5416/5416/5416 5446/5446/5446 5417/5417/5417
f 5447/5447/5447 5417/5417/5417 5446/5446/5446
f 5417/5417/5417 5447/5447/5447 5418/5418/5418
f 5448/5448/5448 5418/5418/5418 5447/5447/5447
f 5418/5418/5418 5448/5448/5448 5419/5419/5419
f 5449/5449/5449 5419/5419/5419 5448/5448/5448
f 5419/5419/5419 5449/5449/5449 5420/5420/5420
f 5450/5450/5450 5420/5420/5420 5449/5449/5449
f 5420/5420/5420 5450/5450/5450 5421/5421/5421
f 5451/5451/5451 5421/5421/5421 5450/5450/5450
f 5421/5421/5421 5451/5451/5451 5422/5422/5422
f 5452/5452/5452 5422/5422/5422 5451/5451/5451
f 5423/5423/5423 5453/5453/5453 5424/5424/5424
f 5454/5454/5454 5424/5424/5424 5453/5453/5453
f 5424/5424/5424 5454/5454/5454 5425/5425/5425
f 5455/5455/5455 5425/5425/5425 5454/5454/5454
f 5425/5425/5425 5455/5455/5455 5426/5426/5426
f 5456/5456/5456 5426/5426/5426 5455/5455/5455
f 5426/5426/5426 5456/5456/5456 5427/5427/5427
f 5457/5457/5457 5427/5427/5427 5456/5456/5456
f 5427/5427/5427 5457/5457/5457 5428/5428/5428
f 5458/5458/5458 5428/5428/5428 5457/5457/5457
f 5428/5428/5428 5458/5458/5458 5429/5429/5429
f 5459/5459/5459 5429/5429/5429 5458/5458/5458
f 5429/5429/5429 5459/5459/5459 5430/5430/5430
f 5460/5460/5460 5430/5430/5430 5459/5459/5459
f 5430/5430/5430 5460/5460/5460 5431/5431/5431
f 5461/5461/5461 5431/5431/5431 5460/5460/5460
f 5431/5431/5431 5461/5461/5461 5432/5432/5432
f 5462/5462/5462 5432/5432/5432 5461/5461/5461
f 5432/5432/5432 5462/5462/5462 5433/5433/5433
f 5463/5463/5463 5433/5433/5433 5462/5462/5462
f 5433/5433/5433 5463/5463/5463 5434/5434/5434
f 5464/5464/5464 5434/5434/5434 5463/5463/5463
f 5434/5434/5434 5464/5464/5464 5435/5435/5435
f 5465/5465/5465 5435/5435/5435 5464/5464/5464
f 5435/5435/5435 5465/5465/5465 5436/5436/5436
f 5466/5466/5466 5436/5436/5436 5465/5465/5465
f 5436/5436/5436 5466/5466/5466 5437/5437/5437
f 5467/5467/5467 5437/5437/5437 5466/5466/5466
f 5437/5437/5437 5467/5467/5467 5438/5438/5438
f 5468/5468/5468 5438/5438/5438 5467/5467/5467
f 5438/5438/5438 5468/5468/5468 5439/5439/5439
f 5469/5469/5469 5439/5439/5439 5468/5468/5468
f 5439/5439/5439 5469/5469/5469 5440/5440/5440
f 5470/5470/5470 5440/5440/5440 5469/5469/5469
f 5440/5440/5440 5470/5470/5470 5441/5441/5441
f 5471/5471/5471 5441/5441/5441 5470/5470/5470
f 5441/5441/5441 5471/5471/5471 5442/5442/5442
f 5472/5472/5472 5442/5442/5442 5471/5471/5471
f 5442/5442/5442 5472/5472/5472 5443/5443/5443
f 5473/5473/5473 5443/5443/5443 5472/5472/5472
f 5443/5443/5443 5473/5473/5473 5444/5444/5444
f 5474/5474/5474 5444/5444/5444 5473/5473/5473
f 5444/5444/5444 5474/5474/5474 5445/5445/5445
f 5475/5475/5475 5445/5445/5445 5474/5474/5474
f 5445/5445/5445 5475/5475/5475 5446/5446/5446
f 5476/5476/5476 5446/5446/5446 5475/5475/5475
f 5446/5446/5446 5476/5476/5476 5447/5447/5447
f 5477/5477/5477 5447/5447/5447 5476/5476/5476
f 5447/5447/5447 5477/5477/5477 5448/5448/5448
f 5478/5478/5478 5448/5448/5448 5477/5477/5477
f 5448/5448/5448 5478/5478/5478 5449/5449/5449
f 5479/5479/5479 5449/5449/5449 5478/5478/5478
f 5449/5449/5449 5479/5479/5479 5450/5450/5450
f 5480/5480/5480 5450/5450/5450 5479/5479/5479
f 5450/5450/5450 5480/5480/5480 5451/5451/5451
f 5481/5481/5481 5451/5451/5451 5480/5480/5480
f 5451/5451/5451 5481/5481/5481 5452/5452/5452
f 5482/5482/5482 5452/5452/5452 5481/5481/5481
f 5453/5453/5453 5483/5483/5483 5454/5454/5454
f 5484/5484/5484 5454/5454/5454 5483/5483/5483
f 5454/5454/5454 5484/5484/5484 5455/5455/5455
f 5485/5485/5485 5455/5455/5455 5484/5484/5484
f 5455/5455/5455 5485/5485/5485 5456/5456/5456
f 5486/5486/5486 5456/5456/5456 5485/5485/5485
f 5456/5456/5456 5486/5486/5486 5457/5457/5457
f 5487/5487/5487 5457/5457/5457 5486/5486/5486
f 5457/5457/5457 5487/5487/5487 5458/5458/5458
f 5488/5488/5488 5458/5458/5458 5487/5487/5487
f 5458/5458/5458 5488/5488/5488 5459/5459/5459
f 5489/5489/5489 5459/5459/5459 5488/5488/5488
f 5459/5459/5459 5489/5489/5489 5460/5460/5460
f 5490/5490/5490 5460/5460/5460 5489/5489/5489
f 5460/5460/5460 5490/5490/5490 5461/5461/5461
f 5491/5491/5491 5461/5461/5461 5490/5490/5490
f 5461/5461/5461 5491/5491/5491 5462/5462/5462
f 5492/5492/5492 5462/5462/5462 5491/5491/5491
f 5462/5462/5462 5492/5492/5492 5463/5463/5463
f 5493/5493/5493 5463/5463/5463 5492/5492/5492
f 5463/5463/5463 5493/5493/5493 5464/5464/5464
f 5494/5494/5494 5464/5464/5464 5493/5493/5493
f 5464/5464/5464 5494/5494/5494 5465/5465/5465
f 5495/5495/5495 5465/5465/5465 5494/5494/5494
f 5465/5465/5465 5495/5495/5495 5466/5466/5466
f 5496/5496/5496 5466/5466/5466 5495/5495/5495
f 5466/5466/5466 5496/5496/5496 5467/5467/5467
f 5497/5497/5497 5467/5467/5467 5496/5496/5496
f 5467/5467/5467 5497/5497/5497 5468/5468/5468
f 5498/5498/5498 5468/5468/5468 5497/5497/5497
f 5468/5468/5468 5498/5498/5498 5469/5469/5469
f 5499/5499/5499 5469/5469/5469 5498/5498/5498
f 5469/5469/5469 5499/5499/5499 5470/5470/5470
f 5500/5500/5500 5470/5470/5470 5499/5499/5499
f 5470/5470/5470 5500/5500/5500 5471/5471/5471
f 5501/5501/5501 5471/5471/5471 5500/5500/5500
f 5471/5471/5471 5501/5501/5501 5472/5472/5472
f 5502/5502/5502 5472/5472/5472 5501/5501/5501
f 5472/5472/5472 5502/5502/5502 5473/5473/5473
f 5503/5503/5503 5473/5473/5473 5502/5502/5502
f 5473/5473/5473 5503/5503/5503 5474/5474/5474
f 5504/5504/5504 5474/5474/5474 5503/5503/5503
f 5474/5474/5474 5504/5504/5504 5475/5475/5475
f 5505/5505/5505 5475/5475/5475 5504/5504/5504
f 5475/5475/5475 5505/5505/5505 5476/5476/5476
f 5506/5506/5506 5476/5476/5476 5505/5505/5505
f 5476/5476/5476 5506/5506/5506 5477/5477/5477
f 5507/5507/5507 5477/5477/5477 5506/5506/5506
f 5477/5477/5477 5507/5507/5507 5478/5478/5478
f 5508/5508/5508 5478/5478/5478 5507/5507/5507
f 5478/5478/5478 5508/5508/5508 5479/5479/5479
f 5509/5509/5509 5479/5479/5479 5508/5508/5508
f 5479/5479/5479 5509/5509/5509 5480/5480/5480
f 5510/5510/5510 5480/5480/5480 5509/5509/5509
f 5480/5480/5480 5510/5510/5510 5481/5481/5481
f 5511/5511/5511 5481/5481/5481 5510/5510/5510
f 5481/5481/5481 5511/5511/5511 5482/5482/5482
f 5512/5512/5512 5482/5482/5482 5511/5511/5511
f 5483/5483/5483 5513/5513/5513 5484/5484/5484
f 5514/5514/5514 5484/5484/5484 5513/5513/5513
f 5484/5484/5484 5514/5514/5514 5485/5485/5485
f 5515/5515/5515 5485/5485/5485 5514/5514/5514
f 5485/5485/5485 5515/5515/5515 5486/5486/5486
f 5516/5516/5516 5486/5486/5486 5515/5515/5515
f 5486/5486/5486 5516/5516/5516 5487/5487/5487
f 5517/5517/5517 5487/5487/5487 5516/5516/5516
f 5487/5487/5487 5517/5517/5517 5488/5488/5488
f 5518/5518/5518 5488/5488/5488 5517/5517/5517
f 5488/5488/5488 5518/5518/5518 5489/5489/5489
f 5519/5519/5519 5489/5489/5489 5518/5518/5518
f 5489/5489/5489 5519/5519/5519 5490/5490/5490
f 5520/5520/5520 5490/5490/5490 5519/5519/5519
f 5490/5490/5490 5520/5520/5520 5491/5491/5491
f 5521/5521/5521 5491/5491/5491 5520/5520/5520
f 5491/5491/5491 5521/5521/5521 5492/5492/5492
f 5522/5522/5522 5492/5492/5492 5521/5521/5521
f 5492/5492/5492 5522/5522/5522 5493/5493/5493
f 5523/5523/5523 5493/5493/5493 5522/5522/5522
f 5493/5493/5493 5523/5523/5523 5494/5494/5494
f 5524/5524/5524 5494/5494/5494 5523/5523/5523
f 5494/5494/5494 5524/5524/5524 5495/5495/5495
f 5525/5525/5525 5495/5495/5495 5524/5524/5524
f 5495/5495/5495 5525/5525/5525 5496/5496/5496
f 5526/5526/5526 5496/5496/5496 5525/5525/5525
f 5496/5496/5496 5526/5526/5526 5497/5497/5497
f 5527/5527/5527 5497/5497/5497 5526/5526/5526
f 5497/5497/5497 5527/5527/5527 5498/5498/5498
f 5528/5528/5528 5498/5498/5498 5527/5527/5527
f 5498/5498/5498 5528/5528/5528 5499/5499/5499
f 5529/5529/5529 5499/5499/5499 5528/5528/5528
f 5499/5499/5499 5529/5529/5529 5500/5500/5500
f 5530/5530/5530 5500/5500/5500 5529/5529/5529
f 5500/5500/5500 5530/5530/5530 5501/5501/5501
f 5531/5531/5531 5501/5501/5501 5530/5530/5530
f 5501/5501/5501 5531/5531/5531 5502/5502/5502
f 5532/5532/5532 5502/5502/5502 5531/5531/5531
f 5502/5502/5502 5532/5532/5532 5503/5503/5503
f 5533/5533/5533 5503/5503/5503 5532/5532/5532
f 5503/5503/5503 5533/5533/5533 5504/5504/5504
f 5534/5534/5534 5504/5504/5504 5533/5533/5533
f 5504/5504/5504 5534/5534/5534 5505/5505/5505
f 5535/5535/5535 5505/5505/5505 5534/5534/5534
f 5505/5505/5505 5535/5535/5535 5506/5506/5506
f 5536/5536/5536 5506/5506/5506 5535/5535/5535
f 5506/5506/5506 5536/5536/5536 5507/5507/5507
f 5537/5537/5537 5507/5507/5507 5536/5536/5536
f 5507/5507/5507 5537/5537/5537 5508/5508/5508
f 5538/5538/5538 5508/5508/5508 5537/5537/5537
f 5508/5508/5508 5538/5538/5538 5509/5509/5509
f 5539/5539/5539 5509/5509/5509 5538/5538/5538
f 5509/5509/5509 5539/5539/5539 5510/5510/5510
f 5540/5540/5540 5510/5510/5510 5539/5539/5539
f 5510/5510/5510 5540/5540/5540 5511/5511/5511
f 5541/5541/5541 5511/5511/5511 5540/5540/5540
f 5511/5511/5511 5541/5541/5541 5512/5512/5512
f 5542/5542/5542 5512/5512/5512 5541/5541/5541
f 5513/5513/5513 5543/5543/5543 5514/5514/5514
f 5544/5544/5544 5514/5514/5514 5543/5543/5543
f 5514/5514/5514 5544/5544/5544 5515/5515/5515
f 5545/5545/5545 5515/5515/5515 5544/5544/5544
f 5515/5515/5515 5545/5545/5545 5516/5516/5516
f 5546/5546/5546 5516/5516/5516 5545/5545/5545
f 5516/5516/5516 5546/5546/5546 5517/5517/5517
f 5547/5547/5547 5517/5517/5517 5546/5546/5546
f 5517/5517/5517 5547/5547/5547 5518/5518/5518
f 5548/5548/5548 5518/5518/5518 5547/5547/5547
f 5518/5518/5518 5548/5548/5548 5519/5519/5519
f 5549/5549/5549 5519/5519/5519 5548/5548/5548
f 5519/5519/5519 5549/5549/5549 5520/5520/5520
f 5550/5550/5550 5520/5520/5520 5549/5549/5549
f 5520/5520/5520 5550/5550/5550 5521/5521/5521
f 5551/5551/5551 5521/5521/5521 5550/5550/5550
f 5521/5521/5521 5551/5551/5551 5522/5522/5522
f 5552/5552/5552 5522/5522/5522 5551/5551/5551
f 5522/5522/5522 5552/5552/5552 5523/5523/5523
f 5553/5553/5553 5523/5523/5523 5552/5552/5552
f 5523/5523/5523 5553/5553/5553 5524/5524/5524
f 5554/5554/5554 5524/5524/5524 5553/5553/5553
f 5524/5524/5524 5554/5554/5554 5525/5525/5525
f 5555/5555/5555 5525/5525/5525 5554/5554/5554
f 5525/5525/5525 5555/5555/5555 5526/5526/5526
f 5556/5556/5556 5526/5526/5526 5555/5555/5555
f 5526/5526/5526 5556/5556/5556 5527/5527/5527
f 5557/5557/5557 5527/5527/5527 5556/5556/5556
f 5527/5527/5527 5557/5557/5557 5528/5528/5528
f 5558/5558/5558 5528/5528/5528 5557/5557/5557
f 5528/5528/5528 5558/5558/5558 5529/5529/5529
f 5559/5559/5559 5529/5529/5529 5558/5558/5558
f 5529/5529/5529 5559/5559/5559 5530/5530/5530
f 5560/5560/5560 5530/5530/5530 5559/5559/5559
f 5530/5530/5530 5560/5560/5560 5531/5531/5531
f 5561/5561/5561 5531/5531/5531 5560/5560/5560
f 5531/5531/5531 5561/5561/5561 5532/5532/5532
f 5562/5562/5562 5532/5532/5532 5561/5561/5561
f 5532/5532/5532 5562/5562/5562 5533/5533/5533
f 5563/5563/5563 5533/5533/5533 5562/5562/5562
f 5533/5533/5533 5563/5563/5563 5534/5534/5534
f 5564/5564/5564 5534/5534/5534 5563/5563/5563
f 5534/5534/5534 5564/5564/5564 5535/5535/5535
f 5565/5565/5565 5535/5535/5535 5564/5564/5564
f 5535/5535/5535 5565/5565/5565 5536/5536/5536
f 5566/5566/5566 5536/5536/5536 5565/5565/5565
f 5536/5536/5536 5566/5566/5566 5537/5537/5537
f 5567/5567/5567 5537/5537/5537 5566/5566/5566
f 5537/5537/5537 5567/5567/5567 5538/5538/5538
f 5568/5568/5568 5538/5538/5538 5567/5567/5567
f 5538/5538/5538 5568/5568/5568 5539/5539/5539
f 5569/5569/5569 5539/5539/5539 5568/5568/5568
f 5539/5539/5539 5569/5569/5569 5540/5540/5540
f 5570/5570/5570 5540/5540/5540 5569/5569/5569
f 5540/5540/5540 5570/5570/5570 5541/5541/5541
f 5571/5571/5571 5541/5541/5541 5570/5570/5570
f 5541/5541/5541 5571/5571/5571 5542/5542/5542
f 5572/5572/5572 5542/5542/5542 5571/5571/5571
f 5543/5543/5543 5573/5573/5573 5544/5544/5544
f 5574/5574/5574 5544/5544/5544 5573/5573/5573
f 5544/5544/5544 5574/5574/5574 5545/5545/5545
f 5575/5575/5575 5545/5545/5545 5574/5574/5574
f 5545/5545/5545 5575/5575/5575 5546/5546/5546
f 5576/5576/5576 5546/5546/5546 5575/5575/5575
f 5546/5546/5546 5576/5576/5576 5547/5547/5547
f 5577/5577/5577 5547/5547/5547 5576/5576/5576
f 5547/5547/5547 5577/5577/5577 5548/5548/5548
f 5578/5578/5578 5548/5548/5548 5577/5577/5577
f 5548/5548/5548 5578/5578/5578 5549/5549/5549
f 5579/5579/5579 5549/5549/5549 5578/5578/5578
f 5549/5549/5549 5579/5579/5579 5550/5550/5550
f 5580/5580/5580 5550/5550/5550 5579/5579/5579
f 5550/5550/5550 5580/5580/5580 5551/5551/5551
f 5581/5581/5581 5551/5551/5551 5580/5580/5580
f 5551/5551/5551 5581/5581/5581 5552/5552/5552
f 5582/5582/5582 5552/5552/5552 5581/5581/5581
f 5552/5552/5552 5582/5582/5582 5553/5553/5553
f 5583/5583/5583 5553/5553/5553 5582/5582/5582
f 5553/5553/5553 5583/5583/5583 5554/5554/5554
f 5584/5584/5584 5554/5554/5554 5583/5583/5583
f 5554/5554/5554 5584/5584/5584 5555/5555/5555
f 5585/5585/5585 5555/5555/5555 5584/5584/5584
f 5555/5555/5555 5585/5585/5585 5556/5556/5556
f 5586/5586/5586 5556/5556/5556 5585/5585/5585
f 5556/5556/5556 5586/5586/5586 5557/5557/5557
f 5587/5587/5587 5557/5557/5557 5586/5586/5586
f 5557/5557/5557 5587/5587/5587 5558/5558/5558
f 5588/5588/5588 5558/5558/5558 5587/5587/5587
f 5558/5558/5558 5588/5588/5588 5559/5559/5559
f 5589/5589/5589 5559/5559/5559 5588/5588/5588
f 5559/5559/5559 5589/5589/5589 5560/5560/5560
f 5590/5590/5590 5560/5560/5560 5589/5589/5589
f 5560/5560/5560 5590/5590/5590 5561/5561/5561
f 5591/5591/5591 5561/5561/5561 5590/5590/5590
f 5561/5561/5561 5591/5591/5591 5562/5562/5562
f 5592/5592/5592 5562/5562/5562 5591/5591/5591
f 5562/5562/5562 5592/5592/5592 5563/5563/5563
f 5593/5593/5593 5563/5563/5563 5592/5592/5592
f 5563/5563/5563 5593/5593/5593 5564/5564/5564
f 5594/5594/5594 5564/5564/5564 5593/5593/5593
f 5564/5564/5564 5594/5594/5594 5565/5565/5565
f 5595/5595/5595 5565/5565/5565 5594/5594/5594
f 5565/5565/5565 5595/5595/5595 5566/5566/5566
f 5596/5596/5596 5566/5566/5566 5595/5595/5595
f 5566/5566/5566 5596/5596/5596 5567/5567/5567
f 5597/5597/5597 5567/5567/5567 5596/5596/5596
f 5567/5567/5567 5597/5597/5597 5568/5568/5568
f 5598/5598/5598 5568/5568/5568 5597/5597/5597
f 5568/5568/5568 5598/5598/5598 5569/5569/5569
f 5599/5599/5599 5569/5569/5569 5598/5598/5598
f 5569/5569/5569 5599/5599/5599 5570/5570/5570
f 5600/5600/5600 5570/5570/5570 5599/5599/5599
f 5570/5570/5570 5600/5600/5600 5571/5571/5571
f 5601/5601/5601 5571/5571/5571 5600/5600/5600
f 5571/5571/5571 5601/5601/5601 5572/5572/5572
f 5602/5602/5602 5572/5572/5572 5601/5601/5601
f 5573/5573/5573 5603/5603/5603 5574/5574/5574
f 5604/5604/5604 5574/5574/5574 5603/5603/5603
f 5574/5574/5574 5604/5604/5604 5575/5575/5575
f 5605/5605/5605 5575/5575/5575 5604/5604/5604
f 5575/5575/5575 5605/5605/5605 5576/5576/5576
f 5606/5606/5606 5576/5576/5576 5605/5605/5605
f 5576/5576/5576 5606/5606/5606 5577/5577/5577
f 5607/5607/5607 5577/5577/5577 5606/5606/5606
f 5577/5577/5577 5607/5607/5607 5578/5578/5578
f 5608/5608/5608 5578/5578/5578 5607/5607/5607
f 5578/5578/5578 5608/5608/5608 5579/5579/5579
f 5609/5609/5609 5579/5579/5579 5608/5608/5608
f 5579/5579/5579 5609/5609/5609 5580/5580/5580
f 5610/5610/5610 5580/5580/5580 5609/5609/5609
f 5580/5580/5580 5610/5610/5610 5581/5581/5581
f 5611/5611/5611 5581/5581/5581 5610/5610/5610
f 5581/5581/5581 5611/5611/5611 5582/5582/5582
f 5612/5612/5612 5582/5582/5582 5611/5611/5611
f 5582/5582/5582 5612/5612/5612 5583/5583/5583
f 5613/5613/5613 5583/5583/5583 5612/5612/5612
f 5583/5583/5583 5613/5613/5613 5584/5584/5584
f 5614/5614/5614 5584/5584/5584 5613/5613/5613
f 5584/5584/5584 5614/5614/5614 5585/5585/5585
f 5615/5615/5615 5585/5585/5585 5614/5614/5614
f 5585/5585/5585 5615/5615/5615 5586/5586/5586
f 5616/5616/5616 5586/5586/5586 5615/5615/5615
f 5586/5586/5586 5616/5616/5616 5587/5587/5587
f 5617/5617/5617 5587/5587/5587 5616/5616/5616
f 5587/5587/5587 5617/5617/5617 5588/5588/5588
f 5618/5618/5618 5588/5588/5588 5617/5617/5617
f 5588/5588/5588 5618/5618/5618 5589/5589/5589
f 5619/5619/5619 5589/5589/5589 5618/5618/5618
f 5589/5589/5589 5619/5619/5619 5590/5590/5590
f 5620/5620/5620 5590/5590/5590 5619/5619/5619
f 5590/5590/5590 5620/5620/5620 5591/5591/5591
f 5621/5621/5621 5591/5591/5591 5620/5620/5620
f 5591/5591/5591 5621/5621/5621 5592/5592/5592
f 5622/5622/5622 5592/5592/5592 5621/5621/5621
f 5592/5592/5592 5622/5622/5622 5593/5593/5593
f 5623/5623/5623 5593/5593/5593 5622/5622/5622
f 5593/5593/5593 5623/5623/5623 5594/5594/5594
f 5624/5624/5624 5594/5594/5594 5623/5623/5623
f 5594/5594/5594 5624/5624/5624 5595/5595/5595
f 5625/5625/5625 5595/5595/5595 5624/5624/5624
f 5595/5595/5595 5625/5625/5625 5596/5596/5596
f 5626/5626/5626 5596/5596/5596 5625/5625/5625
f 5596/5596/5596 5626/5626/5626 5597/5597/5597
f 5627/5627/5627 5597/5597/5597 5626/5626/5626
f 5597/5597/5597 5627/5627/5627 5598/5598/5598
f 5628/5628/5628 5598/5598/5598 5627/5627/5627
f 5598/5598/5598 5628/5628/5628 5599/5599/5599
f 5629/5629/5629 5599/5599/5599 5628/5628/5628
f 5599/5599/5599 5629/5629/5629 5600/5600/5600
f 5630/5630/5630 5600/5600/5600 5629/5629/5629
f 5600/5600/5600 5630/5630/5630 5601/5601/5601
f 5631/5631/5631 5601/5601/5601 5630/5630/5630
f 5601/5601/5601 5631/5631/5631 5602/5602/5602
f 5632/5632/5632 5602/5602/5602 5631/5631/5631
f 5603/5603/5603 5633/5633/5633 5604/5604/5604
f 5634/5634/5634 5604/5604/5604 5633/5633/5633
f 5604/5604/5604 5634/5634/5634 5605/5605/5605
f 5635/5635/5635 5605/5605/5605 5634/5634/5634
f 5605/5605/5605 5635/5635/5635 5606/5606/5606
f 5636/5636/5636 5606/5606/5606 5635/5635/5635
f 5606/5606/5606 5636/5636/5636 5607/5607/5607
f 5637/5637/5637 5607/5607/5607 5636/5636/5636
f 5607/5607/5607 5637/5637/5637 5608/5608/5608
f 5638/5638/5638 5608/5608/5608 5637/5637/5637
f 5608/5608/5608 5638/5638/5638 5609/5609/5609
f 5639/5639/5639 5609/5609/5609 5638/5638/5638
f 5609/5609/5609 5639/5639/5639 5610/5610/5610
f 5640/5640/5640 5610/5610/5610 5639/5639/5639
f 5610/5610/5610 5640/5640/5640 5611/5611/5611
f 5641/5641/5641 5611/5611/5611 5640/5640/5640
f 5611/5611/5611 5641/5641/5641 5612/5612/5612
f 5642/5642/5642 5612/5612/5612 5641/5641/5641
f 5612/5612/5612 5642/5642/5642 5613/5613/5613
f 5643/5643/5643 5613/5613/5613 5642/5642/5642
f 5613/5613/5613 5643/5643/5643 5614/5614/5614
f 5644/5644/5644 5614/5614/5614 5643/5643/5643
f 5614/5614/5614 5644/5644/5644 5615/5615/5615
f 5645/5645/5645 5615/5615/5615 5644/5644/5644
f 5615/5615/5615 5645/5645/5645 5616/5616/5616
f 5646/5646/5646 5616/5616/5616 5645/5645/5645
f 5616/5616/5616 5646/5646/5646 5617/5617/5617
f 5647/5647/5647 5617/5617/5617 5646/5646/5646
f 5617/5617/5617 5647/5647/5647 5618/5618/5618
f 5648/5648/5648 5618/5618/5618 5647/5647/5647
f 5618/5618/5618 5648/5648/5648 5619/5619/5619
f 5649/5649/5649 5619/5619/5619 5648/5648/5648
f 5619/5619/5619 5649/5649/5649 5620/5620/5620
f 5650/5650/5650 5620/5620/5620 5649/5649/5649
f 5620/5620/5620 5650/5650/5650 5621/5621/5621
f 5651/5651/5651 5621/5621/5621 5650/5650/5650
f 5621/5621/5621 5651/5651/5651 5622/5622/5622
f 5652/5652/5652 5622/5622/5622 5651/5651/5651
f 5622/5622/5622 5652/5652/5652 5623/5623/5623
f 5653/5653/5653 5623/5623/5623 5652/5652/5652
f 5623/5623/5623 5653/5653/5653 5624/5624/5624
f 5654/5654/5654 5624/5624/5624 5653/5653/5653
f 5624/5624/5624 5654/5654/5654 5625/5625/5625
f 5655/5655/5655 5625/5625/5625 5654/5654/5654
f 5625/5625/5625 5655/5655/5655 5626/5626/5626
f 5656/5656/5656 5626/5626/5626 5655/5655/5655
f 5626/5626/5626 5656/5656/5656 5627/5627/5627
f 5657/5657/5657 5627/5627/5627 5656/5656/5656
f 5627/5627/5627 5657/5657/5657 5628/5628/5628
f 5658/5658/5658 5628/5628/5628 5657/5657/5657
f 5628/5628/5628 5658/5658/5658 5629/5629/5629
f 5659/5659/5659 5629/5629/5629 5658/5658/5658
f 5629/5629/5629 5659/5659/5659 5630/5630/5630
f 5660/5660/5660 5630/5630/5630 5659/5659/5659
f 5630/5630/5630 5660/5660/5660 5631/5631/5631
f 5661/5661/5661 5631/5631/5631 5660/5660/5660
f 5631/5631/5631 5661/5661/5661 5632/5632/5632
f 5662/5662/5662 5632/5632/5632 5661/5661/5661
f 5633/5633/5633 5663/5663/5663 5634/5634/5634
f 5664/5664/5664 5634/5634/5634 5663/5663/5663
f 5634/5634/5634 5664/5664/5664 5635/5635/5635
f 5665/5665/5665 5635/5635/5635 5664/5664/5664
f 5635/5635/5635 5665/5665/5665 5636/5636/5636
f 5666/5666/5666 5636/5636/5636 5665/5665/5665
f 5636/5636/5636 5666/5666/5666 5637/5637/5637
f 5667/5667/5667 5637/5637/5637 5666/5666/5666
f 5637/5637/5637 5667/5667/5667 5638/5638/5638
f 5668/5668/5668 5638/5638/5638 5667/5667/5667
f 5638/5638/5638 5668/5668/5668 5639/5639/5639
f 5669/5669/5669 5639/5639/5639 5668/5668/5668
f 5639/5639/5639 5669/5669/5669 5640/5640/5640
f 5670/5670/5670 5640/5640/5640 5669/5669/5669
f 5640/5640/5640 5670/5670/5670 5641/5641/5641
f 5671/5671/5671 5641/5641/5641 5670/5670/5670
f 5641/5641/5641 5671/5671/5671 5642/5642/5642
f 5672/5672/5672 5642/5642/5642 5671/5671/5671
f 5642/5642/5642 5672/5672/5672 5643/5643/5643
f 5673/5673/5673 5643/5643/5643 5672/5672/5672
f 5643/5643/5643 5673/5673/5673 5644/5644/5644
f 5674/5674/5674 5644/5644/5644 5673/5673/5673
f 5644/5644/5644 5674/5674/5674 5645/5645/5645
f 5675/5675/5675 5645/5645/5645 5674/5674/5674
f 5645/5645/5645 5675/5675/5675 5646/5646/5646
f 5676/5676/5676 5646/5646/5646 5675/5675/5675
f 5646/5646/5646 5676/5676/5676 5647/5647/5647
f 5677/5677/5677 5647/5647/5647 5676/5676/5676
f 5647/5647/5647 5677/5677/5677 5648/5648/5648
f 5678/5678/5678 5648/5648/5648 5677/5677/5677
f 5648/5648/5648 5678/5678/5678 5649/5649/5649
f 5679/5679/5679 5649/5649/5649 5678/5678/5678
f 5649/5649/5649 5679/5679/5679 5650/5650/5650
f 5680/5680/5680 5650/5650/5650 5679/5679/5679
f 5650/5650/5650 5680/5680/5680 5651/5651/5651
f 5681/5681/5681 5651/5651/5651 5680/5680/5680
f 5651/5651/5651 5681/5681/5681 5652/5652/5652
f 5682/5682/5682 5652/5652/5652 5681/5681/5681
f 5652/5652/5652 5682/5682/5682 5653/5653/5653
f 5683/5683/5683 5653/5653/5653 5682/5682/5682
f 5653/5653/5653 5683/5683/5683 5654/5654/5654
f 5684/5684/5684 5654/5654/5654 5683/5683/5683
f 5654/5654/5654 5684/5684/5684 5655/5655/5655
f 5685/5685/5685 5655/5655/5655 5684/5684/5684
f 5655/5655/5655 5685/5685/5685 5656/5656/5656
f 5686/5686/5686 5656/5656/5656 5685/5685/5685
f 5656/5656/5656 5686/5686/5686 5657/5657/5657
f 5687/5687/5687 5657/5657/5657 5686/5686/5686
f 5657/5657/5657 5687/5687/5687 5658/5658/5658
f 5688/5688/5688 5658/5658/5658 5687/5687/5687
f 5658/5658/5658 5688/5688/5688 5659/5659/5659
f 5689/5689/5689 5659/5659/5659 5688/5688/5688
f 5659/5659/5659 5689/5689/5689 5660/5660/5660
f 5690/5690/5690 5660/5660/5660 5689/5689/5689
f 5660/5660/5660 5690/5690/5690 5661/5661/5661
f 5691/5691/5691 5661/5661/5661 5690/5690/5690
f 5661/5661/5661 5691/5691/5691 5662/5662/5662
f 5692/5692/5692 5662/5662/5662 5691/5691/5691
f 5663/5663/5663 5693/5693/5693 5664/5664/5664
f 5694/5694/5694 5664/5664/5664 5693/5693/5693
f 5664/5664/5664 5694/5694/5694 5665/5665/5665
f 5695/5695/5695 5665/5665/5665 5694/5694/5694
f 5665/5665/5665 5695/5695/5695 5666/5666/5666
f 5696/5696/5696 5666/5666/5666 5695/5695/5695
f 5666/5666/5666 5696/5696/5696 5667/5667/5667
f 5697/5697/5697 5667/5667/5667 5696/5696/5696
f 5667/5667/5667 5697/5697/5697 5668/5668/5668
f 5698/5698/5698 5668/5668/5668 5697/5697/5697
f 5668/5668/5668 5698/5698/5698 5669/5669/5669
f 5699/5699/5699 5669/5669/5669 5698/5698/5698
f 5669/5669/5669 5699/5699/5699 5670/5670/5670
f 5700/5700/5700 5670/5670/5670 5699/5699/5699
f 5670/5670/5670 5700/5700/5700 5671/5671/5671
f 5701/5701/5701 5671/5671/5671 5700/5700/5700
f 5671/5671/5671 5701/5701/5701 5672/5672/5672
f 5702/5702/5702 5672/5672/5672 5701/5701/5701
f 5672/5672/5672 5702/5702/5702 5673/5673/5673
f 5703/5703/5703 5673/5673/5673 5702/5702/5702
f 5673/5673/5673 5703/5703/5703 5674/5674/5674
f 5704/5704/5704 5674/5674/5674 5703/5703/5703
f 5674/5674/5674 5704/5704/5704 5675/5675/5675
f 5705/5705/5705 5675/5675/5675 5704/5704/5704
f 5675/5675/5675 5705/5705/5705 5676/5676/5676
f 5706/5706/5706 5676/5676/5676 5705/5705/5705
f 5676/5676/5676 5706/5706/5706 5677/5677/5677
f 5707/5707/5707 5677/5677/5677 5706/5706/5706
f 5677/5677/5677 5707/5707/5707 5678/5678/5678
f 5708/5708/5708 5678/5678/5678 5707/5707/5707
f 5678/5678/5678 5708/5708/5708 5679/5679/5679
f 5709/5709/5709 5679/5679/5679 5708/5708/5708
f 5679/5679/5679 5709/5709/5709 5680/5680/5680
f 5710/5710/5710 5680/5680/5680 5709/5709/5709
f 5680/5680/5680 5710/5710/5710 5681/5681/5681
f 5711/5711/5711 5681/5681/5681 5710/5710/5710
f 5681/5681/5681 5711/5711/5711 5682/5682/5682
f 5712/5712/5712 5682/5682/5682 5711/5711/5711
f 5682/5682/5682 5712/5712/5712 5683/5683/5683
f 5713/5713/5713 5683/5683/5683 5712/5712/5712
f 5683/5683/5683 5713/5713/5713 5684/5684/5684
f 5714/5714/5714 5684/5684/5684 5713/5713/5713
f 5684/5684/5684 5714/5714/5714 5685/5685/5685
f 5715/5715/5715 5685/5685/5685 5714/5714/5714
f 5685/5685/5685 5715/5715/5715 5686/5686/5686
f 5716/5716/5716 5686/5686/5686 5715/5715/5715
f 5686/5686/5686 5716/5716/5716 5687/5687/5687
f 5717/5717/5717 5687/5687/5687 5716/5716/5716
f 5687/5687/5687 5717/5717/5717 5688/5688/5688
f 5718/5718/5718 5688/5688/5688 5717/5717/5717
f 5688/5688/5688 5718/5718/5718 5689/5689/5689
f 5719/5719/5719 5689/5689/5689 5718/5718/5718
f 5689/5689/5689 5719/5719/5719 5690/5690/5690
f 5720/5720/5720 5690/5690/5690 5719/5719/5719
f 5690/5690/5690 5720/5720/5720 5691/5691/5691
f 5721/5721/5721 5691/5691/5691 5720/5720/5720
f 5691/5691/5691 5721/5721/5721 5692/5692/5692
f 5722/5722/5722 5692/5692/5692 5721/5721/5721
o fairing_seam
usemtl trim_black
v 2.61299991607666 68.19999990463256 0.02500000037252903
v 2.61299991607666 68.19999990463256 -0.02500000037252903
v 2.61299991607666 63.000000095367426 0.02500000037252903
v 2.61299991607666 63.000000095367426 -0.02500000037252903
v -2.61299991607666 68.19999990463256 -0.02500000037252903
v -2.61299991607666 68.19999990463256 0.02500000037252903
v -2.61299991607666 63.000000095367426 -0.02500000037252903
v -2.61299991607666 63.000000095367426 0.02500000037252903
v -2.61299991607666 68.19999990463256 -0.02500000037252903
v 2.61299991607666 68.19999990463256 -0.02500000037252903
v -2.61299991607666 68.19999990463256 0.02500000037252903
v 2.61299991607666 68.19999990463256 0.02500000037252903
v -2.61299991607666 63.000000095367426 0.02500000037252903
v 2.61299991607666 63.000000095367426 0.02500000037252903
v -2.61299991607666 63.000000095367426 -0.02500000037252903
v 2.61299991607666 63.000000095367426 -0.02500000037252903
v -2.61299991607666 68.19999990463256 0.02500000037252903
v 2.61299991607666 68.19999990463256 0.02500000037252903
v -2.61299991607666 63.000000095367426 0.02500000037252903
v 2.61299991607666 63.000000095367426 0.02500000037252903
v 2.61299991607666 68.19999990463256 -0.02500000037252903
v -2.61299991607666 68.19999990463256 -0.02500000037252903
v 2.61299991607666 63.000000095367426 -0.02500000037252903
v -2.61299991607666 63.000000095367426 -0.02500000037252903
vt 0 1
vt 1 1
vt 0 0
vt 1 0
vt 0 1
vt 1 1
vt 0 0
vt 1 0
vt 0 1
vt 1 1
vt 0 0
vt 1 0
vt 0 1
vt 1 1
vt 0 0
vt 1 0
vt 0 1
vt 1 1
vt 0 0
vt 1 0
vt 0 1
vt 1 1
vt 0 0
vt 1 0
vn 1 0 0
vn 1 0 0
vn 1 0 0
vn 1 0 0
vn -1 0 0
vn -1 0 0
vn -1 0 0
vn -1 0 0
vn 0 1 0
vn 0 1 0
vn 0 1 0
vn 0 1 0
vn 0 -1 0
vn 0 -1 0
vn 0 -1 0
vn 0 -1 0
vn 0 0 1
vn 0 0 1
vn 0 0 1
vn 0 0 1
vn 0 0 -1
vn 0 0 -1
vn 0 0 -1
vn 0 0 -1
f 5723/5723/5723 5725/5725/5725 5724/5724/5724
f 5725/5725/5725 5726/5726/5726 5724/5724/5724
f 5727/5727/5727 5729/5729/5729 5728/5728/5728
f 5729/5729/5729 5730/5730/5730 5728/5728/5728
f 5731/5731/5731 5733/5733/5733 5732/5732/5732
f 5733/5733/5733 5734/5734/5734 5732/5732/5732
f 5735/5735/5735 5737/5737/5737 5736/5736/5736
f 5737/5737/5737 5738/5738/5738 5736/5736/5736
f 5739/5739/5739 5741/5741/5741 5740/5740/5740
f 5741/5741/5741 5742/5742/5742 5740/5740/5740
f 5743/5743/5743 5745/5745/5745 5744/5744/5744
f 5745/5745/5745 5746/5746/5746 5744/5744/5744
o falcon9_wordmark
usemtl wordmark
v -1.364658824990467 35.5 1.5352870519569939
v 0.259413252077057 35.5 2.037671417372773
v -1.364658824990467 24.5 1.5352870519569939
v 0.259413252077057 24.5 2.037671417372773
vt 0 1
vt 1 1
vt 0 0
vt 1 0
vn -0.29552020666133955 0 0.955336489125606
vn -0.29552020666133955 0 0.955336489125606
vn -0.29552020666133955 0 0.955336489125606
vn -0.29552020666133955 0 0.955336489125606
f 5747/5747/5747 5749/5749/5749 5748/5748/5748
f 5749/5749/5749 5750/5750/5750 5748/5748/5748
